ec:c8:82:7a:3f:da, 5240, Alumni, -64, -64, -64, -64, -66, -66, -69, -68, -67, -64, -69, -67, -69, -69, -66, -69, -68, -68, -68, -68, -64, -64, -66, -69, -69, -69, -64, -64, -64, -64, -64, -64, -69, -67, -67, -67, -67, -66, -66, -68, -68, -67, -67, -67, -70, -70, -70, -70, -68, -66, -66, -67, -67, -65, -69, -65, -64, -64, -66, -66, -64, -64, -64, -67, -66, -66, -66, -66, -66, -66, -72, -72, -68, -69, -69, -69, -65, -69, -65, -66, -69, -65, -65, -70, -70, -67, -69, -69, -69, -69, -76, -76, -69, -69, -69, -69, -70, -67, 
ec:c8:82:7a:3f:dd, 5240, Universities WiFi, -65, -64, -68, -68, -67, -65, -67, -67, -66, -63, -63, -63, -63, -63, -65, -65, -65, -65, -68, -68, -64, -64, -66, -66, -66, -66, -64, -65, -65, -65, -67, -67, -67, -68, -68, -68, -69, -67, -67, -67, -67, -66, -66, -69, -69, -69, -69, -69, -70, -66, -66, -67, -66, -65, -69, -65, -65, -65, -65, -65, -64, -66, -70, -68, -67, -67, -66, -66, -68, -69, -69, -69, -69, -69, -69, -68, -68, -65, -65, -66, -68, -68, -65, -68, -68, -70, -67, -67, -67, -66, -64, -68, -68, -74, -69, -72, -72, -68, -68, -66, 
ec:c8:82:7a:3f:db, 5240, eduroam, -66, -66, -68, -68, -67, -67, -69, -69, -68, -66, -66, -66, -68, -68, -67, -67, -67, -67, -69, -69, -65, -65, -67, -67, -67, -67, -66, -67, -66, -66, -67, -67, -70, -70, -70, -70, -70, -69, -67, -67, -68, -68, -68, -68, -68, -68, -70, -67, -67, -69, -68, -68, -72, -67, -67, -67, -67, -67, -67, -67, -69, -70, -68, -67, -66, -66, -66, -66, -66, -68, -70, -67, -67, -68, -69, -69, -67, -68, -68, -70, -68, -68, -68, -68, -68, -70, -70, -70, -70, -70, -70, -69, -69, -67, 
ec:c8:82:7a:3f:df, 5240, sMobileNet, -65, -65, -69, -69, -68, -66, -69, -69, -69, -65, -69, -69, -69, -69, -68, -68, -69, -67, -68, -68, -64, -64, -67, -69, -69, -69, -65, -66, -66, -66, -68, -68, -69, -69, -69, -69, -69, -68, -68, -68, -69, -68, -68, -68, -68, -73, -73, -73, -71, -67, -67, -68, -67, -67, -71, -65, -65, -65, -67, -66, -65, -65, -65, -69, -67, -68, -68, -68, -68, -68, -67, -69, -69, -69, -66, -66, -68, -68, -68, -66, -66, -66, -70, -68, -68, -68, -67, -67, -68, -68, -68, -68, -68, -68, -69, -69, -67, 
ec:c8:82:7a:dc:5b, 5765, eduroam, -71, -71, -71, -73, -73, -70, -71, -71, -71, -74, -72, -72, -72, -74, -70, -67, -72, -72, -74, -74, -70, -71, -71, -71, -72, -72, -73, -74, -70, -70, -73, -77, -73, -70, -70, -71, -72, -71, -71, -70, -70, -73, -72, -72, -74, -78, -78, -78, -78, -78, -78, -81, -79, -79, -79, -79, -80, -80, -77, -77, -77, -77, -82, -82, -82, -82, -77, -81, -80, -79, -79, -78, -79, -80, -80, -78, -78, -77, -77, -77, -77, -77, -77, -78, -78, -78, -77, -76, -75, -73, -77, -76, -76, -78, -74, -75, -77, -76, -76, -79, 
ec:c8:82:7a:dc:5a, 5765, Alumni, -71, -71, -72, -74, -73, -72, -72, -73, -74, -74, -73, -73, -73, -73, -70, -69, -72, -73, -73, -74, -70, -72, -71, -71, -74, -74, -74, -74, -70, -71, -71, -78, -73, -73, -71, -71, -73, -70, -70, -72, -72, -74, -74, -73, -75, -78, -78, -78, -78, -78, -78, -80, -80, -80, -80, -78, -79, -79, -79, -79, -79, -80, -81, -82, -82, -77, -77, -80, -80, -80, -80, -78, -80, -80, -80, -78, -79, -79, -79, -78, -78, -77, -77, -77, -80, -79, -78, -78, -74, -74, -77, -77, -78, -77, -77, -77, -77, -77, -77, -77, 
ec:c8:82:7a:df:6f, 5180, sMobileNet, -51, -56, -56, -55, -55, -56, -56, -56, -54, -54, -58, -58, -56, -56, -54, -54, -55, -55, -55, -55, -54, -54, -54, -55, -55, -53, -53, -53, -53, -53, -54, -54, -54, -54, -57, -57, -59, -59, -56, -56, -55, -54, -54, -54, -54, -54, -57, -57, -59, -59, -60, -62, -62, -64, -65, -65, -63, -63, -62, -62, -63, -63, -62, -62, -61, -61, -61, -61, -62, -63, -63, -63, -66, -66, -66, -66, -66, -66, -65, -65, -64, -64, -64, -64, -64, -64, -63, -63, -60, -60, -59, -59, -59, -59, -59, -59, -59, -59, -60, -60, 
ec:c8:82:7a:e1:6d, 5805, Universities WiFi, -72, -71, -70, -72, -69, -69, -69, -70, -68, -70, -69, -69, -72, -70, -68, -69, -72, -72, -71, -71, -71, -69, -67, -70, -70, -70, -70, -73, -70, -72, -72, -72, -72, -72, -72, -72, -72, -74, -74, -71, -68, -72, -68, -68, -71, -73, -74, -74, -76, -73, -74, -77, -76, -78, -78, -77, -77, -74, -74, -74, -78, -78, -76, -75, -75, -72, -74, -74, -74, -74, -74, -78, -74, -74, -75, -76, -73, -77, -77, -77, -75, -75, -74, -74, -74, -74, -77, -77, -73, -73, -72, -72, -74, -77, -77, -74, -74, -75, -75, -75, 
ec:c8:82:7a:e1:6b, 5805, eduroam, -71, -71, -69, -71, -70, -69, -69, -71, -69, -69, -70, -69, -70, -69, -69, -70, -72, -72, -71, -70, -69, -70, -70, -73, -72, -70, -70, -73, -69, -71, -70, -72, -72, -73, -73, -73, -73, -74, -73, -70, -69, -69, -69, -67, -71, -73, -74, -74, -74, -75, -75, -76, -76, -76, -74, -75, -75, -75, -76, -77, -77, -77, -77, -77, -76, -74, -74, -75, -75, -74, -74, -77, -74, -74, -76, -76, -75, -78, -78, -78, -78, -78, -75, -75, -75, -75, -76, -76, -75, -75, -73, -73, -75, -78, -78, -75, -75, -75, -75, -75, 
ec:c8:82:7a:e1:6f, 5805, sMobileNet, -74, -70, -70, -74, -71, -69, -69, -71, -69, -70, -70, -70, -72, -69, -69, -71, -71, -73, -72, -72, -71, -71, -70, -71, -71, -71, -71, -73, -71, -74, -71, -74, -72, -73, -76, -75, -73, -76, -74, -72, -69, -69, -70, -68, -70, -75, -76, -75, -75, -75, -77, -76, -79, -78, -78, -78, -78, -76, -76, -76, -78, -78, -78, -78, -78, -74, -74, -76, -76, -76, -76, -79, -75, -73, -73, -77, -76, -78, -77, -77, -76, -78, -76, -75, -75, -76, -79, -79, -75, -75, -75, -75, -75, -78, -78, -76, -76, -76, -76, -75, 
90:72:40:16:f6:36, 2462, PAO, -78, -82, -78, -80, -80, -80, -79, -83, -81, -83, -85, -81, -79, -79, -79, -79, -75, -78, -78, -78, -79, -78, -76, -77, -76, -76, -76, -77, -77, -77, -77, -77, -79, -82, -78, -78, -79, -80, -80, -79, -76, -74, -75, -79, -77, -77, -73, -73, -75, -83, -81, -77, -76, -75, -73, -73, -74, -73, -73, -73, -76, -76, -73, -73, -73, -79, -74, -74, -74, -75, -75, -74, -73, -73, -72, -72, -71, -71, -71, -71, -73, -73, -72, -74, -76, -76, -74, -73, -71, -78, -79, -75, -73, -73, -72, -72, -72, -78, -73, -73, 
34:bd:c8:db:54:0b, 5805, eduroam, -76, -77, -77, -75, -76, -75, -75, -72, -74, -77, -77, -77, -80, -78, -78, -78, -78, -78, -78, -78, -78, -78, -78, -79, -79, -79, -79, -78, -78, -78, -78, -77, -77, -78, -75, -78, -78, -78, -79, -79, -78, -75, -75, -78, -78, -78, -74, -74, -74, -74, -78, -76, -76, -73, -74, -74, -74, -74, -74, -76, -76, -76, -76, -74, -79, -75, -75, -79, -79, -77, -73, -76, -75, -77, -74, -74, -75, -75, -76, -76, -76, -76, -79, -77, -77, -77, -77, -77, -78, -77, -77, -77, -77, -77, -77, -76, -75, 
ec:c8:82:7a:e1:6a, 5805, Alumni, -75, -73, -69, -73, -73, -70, -70, -71, -69, -70, -70, -69, -71, -69, -68, -71, -73, -71, -71, -70, -71, -71, -69, -73, -72, -71, -71, -72, -69, -72, -72, -72, -72, -72, -73, -73, -74, -77, -74, -70, -69, -69, -71, -68, -70, -78, -77, -74, -75, -74, -75, -79, -79, -79, -79, -78, -75, -76, -76, -79, -78, -78, -78, -75, -78, -75, -76, -76, -75, -78, -76, -80, -76, -75, -75, -77, -74, -80, -78, -77, -77, -77, -75, -75, -74, -77, -78, -80, -76, -77, -74, -74, -74, -77, -75, -76, -76, -76, -75, -74, 
00:19:be:00:05:b0, 2437, MtrecA8, -82, -82, -75, -77, -80, -78, -80, -80, -80, -80, -77, -81, -81, -81, -81, -76, -76, -79, -79, -81, -80, -82, -82, -81, -81, -79, -79, -79, -79, -79, -80, -81, -73, -77, -77, -81, -81, -80, -80, -81, -83, -79, -81, -81, -80, -84, -81, -81, -80, -78, -81, -81, -82, -82, -83, -83, -83, -83, -79, -80, -81, -81, -83, -83, -84, -81, -81, -80, -82, -82, -82, -81, -82, -82, -82, -82, -82, -82, -82, -81, -79, -79, -81, -80, -80, -81, -76, -80, -80, -80, -80, -82, -81, -81, -81, -82, -82, -80, -80, -80, 
ec:c8:82:7a:3f:dc, 5240, Y5ZONE, -64, -64, -68, -65, -66, -66, -69, -69, -67, -64, -67, -67, -68, -68, -68, -67, -67, -67, -67, -70, -65, -65, -66, -67, -68, -68, -63, -63, -66, -66, -67, -67, -69, -68, -67, -67, -68, -67, -67, -67, -69, -66, -72, -70, -70, -70, -69, -69, -69, -67, -67, -67, -67, -66, -70, -65, -64, -64, -66, -66, -65, -65, -70, -69, -67, -67, -67, -71, -69, -69, -69, -70, -68, -67, -68, -68, -68, -64, -67, -66, -66, -67, -65, -69, -72, -72, -68, -69, -70, -66, -65, -69, -73, -71, -67, -72, -70, -70, -70, -67, 
ec:c8:82:7a:3f:de, 5240, PCCW, -64, -64, -68, -67, -67, -66, -70, -69, -67, -64, -68, -68, -69, -70, -67, -66, -66, -66, -67, -69, -65, -65, -65, -67, -68, -68, -64, -64, -66, -67, -68, -68, -69, -69, -68, -67, -71, -67, -67, -68, -69, -67, -71, -70, -70, -71, -70, -70, -70, -67, -67, -69, -68, -65, -69, -65, -64, -64, -67, -67, -65, -65, -71, -69, -67, -67, -67, -73, -71, -70, -70, -70, -70, -67, -68, -68, -68, -64, -67, -66, -66, -67, -66, -68, -72, -72, -68, -69, -72, -68, -67, -71, -74, -71, -67, -72, -69, -69, -69, -68, 
ec:c8:82:7a:df:61, 2412, PCCW, -50, -50, -56, -53, -51, -51, -50, -50, -50, -50, -55, -58, -53, -53, -54, -54, -51, -50, -50, -50, -51, -51, -51, -51, -51, -50, -52, -51, -51, -52, -51, -62, -60, -57, -53, -49, -49, -49, -49, -48, -49, -49, -51, -51, -54, -58, -54, -54, -53, -55, -58, -58, -62, -58, -57, -55, -56, -56, -56, -56, -56, -61, -63, -59, -57, -60, -54, -57, -58, -58, -57, -57, -61, -59, -57, -57, -58, -60, -60, -62, -61, -61, -61, -60, -59, -57, -60, -64, -60, -60, -60, -58, -57, -57, -58, -60, -60, -61, -59, -61, 
ec:c8:82:7a:df:63, 2412, Y5ZONE, -53, -49, -55, -52, -50, -50, -50, -49, -49, -49, -54, -56, -54, -55, -54, -58, -54, -53, -53, -53, -53, -54, -54, -54, -53, -53, -55, -55, -55, -55, -53, -62, -62, -59, -54, -49, -49, -50, -49, -47, -47, -47, -50, -51, -54, -57, -54, -55, -55, -57, -58, -60, -61, -59, -59, -57, -57, -56, -57, -57, -57, -64, -65, -60, -58, -62, -55, -57, -58, -58, -57, -57, -61, -58, -58, -58, -60, -61, -63, -64, -60, -61, -61, -60, -60, -57, -60, -64, -59, -59, -59, -59, -57, -57, -58, -60, -61, -61, -59, -63, 
ec:c8:82:7a:dc:53, 2462, Y5ZONE, -62, -62, -61, -63, -63, -63, -62, -62, -62, -62, -64, -60, -61, -61, -57, -63, -59, -56, -56, -56, -56, -56, -59, -59, -59, -58, -57, -58, -56, -56, -56, -64, -64, -64, -64, -58, -58, -58, -58, -61, -58, -58, -60, -60, -65, -63, -64, -64, -64, -62, -63, -65, -66, -66, -66, -67, -68, -69, -68, -70, -71, -71, -74, -72, -69, -69, -69, -69, -69, -66, -64, -64, -67, -67, -67, -67, -67, -67, -67, -74, -71, -68, -67, -69, -74, -66, -65, -65, -65, -68, -70, -67, -69, -69, -65, -64, -65, -68, -67, -66, 
ec:c8:82:7a:3f:d3, 2462, Y5ZONE, -63, -69, -61, -61, -65, -67, -67, -63, -64, -66, -66, -67, -65, -61, -63, -62, -66, -63, -66, -66, -67, -63, -64, -63, -63, -64, -64, -67, -71, -68, -68, -66, -66, -66, -64, -65, -67, -65, -66, -63, -67, -64, -61, -68, -65, -64, -66, -68, -67, -64, -63, -63, -64, -64, -68, -64, -60, -64, -64, -64, -64, -64, -60, -62, -65, -62, -64, -64, -64, -66, -64, -63, -70, -67, -66, -70, -66, -64, -64, -67, -62, -62, -63, -65, -64, -64, -60, -60, -59, -63, -62, -61, -61, -61, -59, -59, -59, -63, -62, -61, 
ec:c8:82:7a:3f:d1, 2462, PCCW, -62, -67, -60, -62, -65, -66, -66, -65, -65, -67, -67, -67, -66, -61, -64, -64, -68, -64, -67, -66, -68, -63, -63, -62, -62, -65, -65, -67, -70, -69, -68, -65, -65, -66, -63, -63, -66, -65, -67, -63, -67, -63, -61, -66, -64, -63, -63, -65, -64, -63, -63, -63, -64, -64, -68, -64, -61, -65, -64, -66, -64, -63, -61, -62, -63, -63, -63, -63, -63, -67, -65, -63, -68, -67, -66, -70, -66, -64, -64, -65, -63, -61, -63, -63, -63, -64, -60, -60, -60, -62, -62, -59, -60, -60, -60, -60, -60, -60, -62, -61, 
ec:c8:82:7a:de:63, 2437, Y5ZONE, -70, -70, -65, -65, -67, -67, -66, -67, -66, -67, -67, -67, -67, -66, -66, -67, -63, -63, -64, -64, -64, -64, -65, -65, -65, -64, -64, -65, -63, -64, -65, -67, -68, -70, -68, -65, -67, -67, -67, -69, -68, -72, -73, -70, -71, -74, -68, -72, -66, -68, -73, -75, -71, -70, -71, -79, -75, -74, -74, -72, -66, -68, -68, -68, -68, -68, -67, -66, -66, -66, -71, -71, -72, -73, -75, -73, -73, -73, -71, -71, -67, -73, -73, -70, -73, -68, -68, -68, -71, -71, -68, -69, -69, -69, -74, -72, -73, -75, -74, -72, 
ec:c8:82:7a:de:61, 2437, PCCW, -70, -69, -66, -66, -68, -65, -65, -66, -65, -67, -67, -67, -66, -65, -65, -65, -63, -63, -63, -63, -63, -64, -65, -64, -64, -64, -64, -64, -63, -64, -64, -67, -67, -68, -66, -65, -65, -66, -66, -70, -70, -72, -72, -68, -71, -74, -67, -68, -64, -68, -72, -71, -67, -70, -71, -76, -73, -74, -73, -72, -68, -68, -68, -68, -67, -67, -66, -65, -65, -64, -69, -71, -73, -74, -74, -74, -73, -70, -72, -70, -67, -71, -71, -69, -73, -68, -68, -68, -68, -69, -67, -69, -69, -69, -71, -69, -71, -71, -70, -69, 
ec:c8:82:7a:e1:63, 2412, Y5ZONE, -68, -64, -68, -69, -71, -72, -72, -72, -72, -73, -69, -69, -69, -67, -60, -65, -67, -69, -66, -66, -65, -66, -66, -67, -71, -67, -67, -67, -70, -68, -67, -71, -71, -72, -73, -67, -70, -66, -69, -65, -69, -69, -69, -61, -67, -68, -70, -72, -71, -72, -73, -69, -69, -69, -73, -73, -77, -75, -78, -76, -71, -71, -71, -71, -71, -73, -69, -70, -73, -73, -74, -74, -71, -74, -74, -73, -73, -74, -76, -74, -71, -72, -71, -71, -68, -70, -68, -69, -72, -70, -74, -74, -73, -74, -78, -73, -73, -71, -71, -75, 
ec:c8:82:7a:df:6c, 5180, Y5ZONE, -55, -52, -60, -55, -53, -53, -53, -55, -56, -56, -56, -56, -56, -56, -60, -57, -55, -54, -54, -52, -53, -53, -52, -51, -53, -54, -54, -51, -55, -54, -54, -63, -60, -59, -54, -52, -53, -54, -54, -53, -53, -57, -56, -52, -56, -60, -56, -60, -58, -64, -63, -67, -64, -62, -61, -61, -64, -62, -60, -64, -63, -63, -60, -61, -61, -65, -64, -68, -62, -62, -65, -65, -64, -64, -61, -65, -63, -63, -62, -62, -66, -62, -62, -64, -62, -59, -58, -58, -56, -62, -62, -60, -60, -61, -61, -65, -68, -63, -59, -60, 
ec:c8:82:7a:df:6e, 5180, PCCW, -55, -52, -60, -56, -56, -55, -55, -56, -56, -56, -56, -56, -56, -56, -61, -57, -55, -53, -54, -53, -53, -55, -53, -53, -53, -54, -55, -53, -55, -54, -54, -64, -61, -59, -54, -53, -53, -56, -55, -55, -53, -57, -56, -53, -58, -59, -57, -61, -59, -64, -63, -67, -65, -63, -63, -62, -64, -63, -61, -64, -63, -63, -60, -61, -61, -65, -63, -69, -63, -63, -65, -66, -64, -64, -61, -65, -64, -64, -64, -64, -67, -62, -62, -66, -63, -61, -59, -59, -57, -63, -63, -61, -60, -60, -60, -64, -65, -64, -61, -61, 
ec:c8:82:7a:dc:5c, 5765, Y5ZONE, -71, -71, -70, -73, -72, -71, -71, -72, -71, -73, -71, -71, -71, -73, -69, -68, -72, -72, -72, -72, -69, -71, -71, -71, -71, -72, -73, -74, -70, -71, -72, -76, -71, -71, -69, -70, -70, -69, -69, -68, -71, -71, -73, -71, -74, -78, -78, -78, -81, -78, -81, -77, -77, -77, -78, -78, -79, -78, -78, -78, -78, -80, -81, -81, -82, -78, -77, -80, -80, -80, -78, -78, -81, -80, -80, -76, -76, -76, -77, -77, -77, -76, -76, -76, -78, -77, -77, -76, -73, -73, -73, -74, -78, -78, -74, -74, -76, -76, -78, -78, 
ec:c8:82:7a:e1:6e, 5805, PCCW, -72, -71, -70, -72, -72, -71, -71, -71, -70, -70, -68, -69, -72, -71, -70, -69, -71, -71, -73, -73, -73, -72, -70, -71, -70, -70, -70, -71, -69, -72, -72, -74, -73, -72, -75, -73, -72, -73, -74, -70, -70, -74, -71, -69, -73, -77, -76, -74, -75, -74, -77, -77, -77, -77, -77, -77, -77, -74, -78, -78, -78, -78, -78, -78, -76, -73, -74, -74, -75, -76, -75, -78, -74, -74, -77, -76, -76, -78, -78, -78, -80, -80, -76, -75, -74, -74, -77, -77, -75, -75, -72, -72, -73, -73, -76, -75, -75, -75, -75, -74, 
ec:c8:82:7a:e1:6c, 5805, Y5ZONE, -74, -74, -70, -70, -71, -68, -69, -71, -68, -68, -68, -68, -71, -70, -69, -69, -72, -72, -72, -70, -71, -70, -69, -72, -72, -70, -72, -72, -70, -72, -72, -72, -72, -72, -74, -74, -72, -74, -72, -70, -69, -70, -69, -68, -70, -74, -75, -75, -76, -72, -76, -79, -78, -76, -77, -77, -75, -76, -76, -76, -76, -76, -78, -76, -76, -74, -74, -74, -74, -77, -74, -78, -74, -74, -75, -75, -75, -79, -78, -77, -77, -79, -75, -75, -75, -76, -77, -79, -75, -75, -75, -75, -75, -77, -76, -73, -76, -76, -75, -74, 
34:bd:c8:db:54:0e, 5805, PCCW, -75, -75, -75, -75, -75, -77, -75, -75, -75, -75, -75, -76, -79, -77, -77, -77, -77, -77, -77, -77, -78, -78, -78, -78, -78, -78, -78, -78, -80, -76, -75, -79, -79, -79, -79, -79, -79, -76, -78, -78, -78, -78, -77, -78, -77, -77, -80, -76, -74, -73, -75, -77, -74, -74, -75, -78, -78, -78, -78, -77, -80, -76, -78, -78, -78, -77, -73, -77, -77, -77, -74, -74, -77, -77, -77, -78, -78, -78, -78, -78, -78, -78, -78, -81, -77, -76, -76, -75, -76, -78, -78, -78, -78, 
34:bd:c8:db:57:8f, 5805, sMobileNet, -70, -69, -68, -71, -71, -70, -73, -69, -71, -69, -68, -69, -69, -69, -70, -68, -71, -68, -66, -66, -66, -70, -71, -66, -69, -68, -67, -68, -67, -68, -71, -71, -72, -69, -71, -69, -69, -69, -69, -71, -70, -70, -68, -69, -74, -72, -71, -71, -73, -69, -71, -69, -70, -70, -70, -74, -75, -71, -71, -74, -70, -71, -71, -71, -74, -71, -75, -72, -72, -72, -72, -72, -70, -70, -74, -73, -73, -74, -74, -70, -72, -73, -72, -69, -71, -71, -74, -71, -69, -69, -69, -69, -69, -70, -73, -72, -68, -68, -70, -71, 
34:bd:c8:db:54:0d, 5805, Universities WiFi, -75, -77, -77, -74, -74, -74, -75, -73, -75, -75, -75, -75, -80, -79, -79, -79, -79, -79, -81, -81, -81, -81, -81, -79, -79, -79, -79, -78, -78, -78, -78, -77, -77, -78, -75, -79, -79, -79, -79, -79, -79, -75, -75, -77, -78, -78, -74, -74, -74, -74, -76, -74, -72, -73, -74, -74, -73, -73, -74, -77, -75, -75, -76, -76, -76, -74, -76, -76, -76, -77, -73, -76, -75, -77, -74, -74, -75, -75, -75, -77, -77, -77, -75, -77, -77, -77, -77, -77, -77, -76, -76, -76, -76, -76, -76, -76, -76, 
34:bd:c8:db:54:0f, 5805, sMobileNet, -77, -77, -77, -75, -75, -75, -74, -73, -76, -79, -78, -77, -77, -79, -79, -81, -81, -81, -80, -80, -80, -80, -80, -80, -80, -80, -80, -80, -77, -77, -77, -77, -77, -78, -78, -78, -80, -78, -79, -79, -79, -79, -79, -78, -76, -76, -78, -79, -79, -75, -77, -75, -75, -78, -75, -75, -75, -75, -75, -78, -78, -76, -77, -77, -76, -77, -77, -77, -73, -75, -79, -79, -79, -75, -77, -75, -77, -75, -76, -77, -80, -77, -77, -77, -78, -79, -78, -78, -78, -78, -78, -78, -79, -79, -79, -75, -76, -77, -80, -78, 
ec:c8:82:7a:dc:51, 2462, PCCW, -61, -62, -61, -62, -62, -63, -63, -63, -63, -61, -64, -63, -63, -62, -59, -62, -58, -57, -57, -57, -57, -56, -58, -60, -57, -57, -56, -56, -55, -56, -56, -63, -63, -63, -59, -58, -58, -58, -58, -63, -59, -59, -61, -60, -64, -64, -64, -64, -67, -63, -63, -64, -66, -66, -67, -67, -68, -69, -67, -68, -68, -72, -72, -71, -71, -69, -69, -68, -67, -67, -65, -64, -68, -68, -68, -68, -68, -68, -68, -71, -69, -68, -66, -70, -74, -66, -65, -65, -66, -70, -70, -67, -68, -65, -64, -64, -66, -67, -67, -67, 
34:bd:c8:db:54:03, 2437, Y5ZONE, -78, -74, -74, -74, -76, -76, -78, -78, -78, -72, -74, -74, -73, -70, -70, -70, -70, -75, -74, -74, -74, -74, -71, -71, -71, -71, -71, -71, -71, -71, -71, -71, -72, -72, -72, -74, -72, -73, -70, -70, -70, -78, -77, -77, -77, -72, -72, -72, -73, -73, -74, -79, -79, -79, -79, -79, -70, -71, -71, -71, -71, -71, -73, -73, -74, -73, -73, -73, -73, -73, -74, -75, -75, -71, -73, -73, -73, -73, -75, -74, -74, -72, -71, -71, -70, -70, -75, -75, -75, -72, -72, -72, -73, -76, -76, -75, 
c8:d7:19:ff:2e:2d, 2412, Cisco64266, -88, -87, -87, -88, -82, -82, -86, -84, -84, -84, -86, -85, -85, -85, -85, -88, -88, -88, -88, -87, -89, -89, -89, -87, -87, -87, -89, -89, -88, -90, -90, -89, -87, -90, -90, -87, -87, -87, -89, -87, -87, -87, -87, -87, -88, -88, -88, -90, -90, -90, -89, -90, -90, -90, -90, -90, -90, -90, -88, -88, -88, -88, -88, 
34:bd:c8:db:54:0a, 5805, Alumni, -73, -73, -73, -76, -75, -76, -75, -73, -75, -75, -77, -76, -76, -77, -77, -77, -80, -78, -78, -78, -78, -80, -80, -80, -80, -80, -78, -76, -76, -76, -76, -76, -78, -78, -79, -79, -76, -80, -80, -80, -80, -80, -78, -75, -76, -77, -77, -77, -75, -76, -75, -75, -75, -75, -74, -73, -73, -75, -76, -78, -76, -78, -78, -79, -79, -78, -78, -73, -77, -77, -78, -77, -73, -77, -74, -76, -76, -75, -77, -78, -77, -77, -77, -75, -77, -77, -77, -77, -77, -77, -78, -78, -80, -80, -76, -76, -77, -77, -81, 
ec:c8:82:7a:de:6d, 5320, Universities WiFi, -67, -68, -68, -72, -70, -70, -68, -71, -69, -74, -76, -76, -76, -73, -71, -74, -72, -72, -71, -71, -71, -71, -72, -72, -72, -72, -71, -71, -71, -70, -73, -73, -74, -74, -74, -75, -73, -76, -76, -68, -68, -71, -67, -72, -74, -70, -71, -75, -75, -74, -73, -73, -72, -71, -75, -73, -75, -75, -71, -75, -70, -70, -72, -74, -74, -73, -75, -75, -73, -70, -73, -73, -73, -73, -74, -73, -73, -76, -75, -74, -70, -73, -69, -69, -72, -69, -69, -69, -69, -71, -71, -71, -70, -73, -70, -74, -74, -72, -74, -68, 
ec:c8:82:7a:de:6f, 5320, sMobileNet, -69, -69, -68, -72, -70, -70, -70, -71, -71, -76, -74, -74, -74, -74, -71, -76, -75, -74, -72, -72, -72, -72, -72, -74, -73, -73, -73, -71, -71, -71, -73, -77, -75, -74, -76, -76, -74, -74, -77, -70, -70, -71, -67, -73, -79, -71, -71, -77, -75, -75, -74, -74, -73, -69, -73, -73, -73, -73, -73, -73, -70, -70, -72, -75, -75, -75, -77, -74, -74, -73, -73, -73, -75, -76, -74, -73, -74, -74, -74, -73, -70, -72, -70, -71, -72, -72, -70, -70, -70, -71, -72, -72, -71, -74, -70, -74, -74, -74, -75, -69, 
ec:c8:82:7a:de:6b, 5320, eduroam, -68, -70, -67, -71, -70, -70, -69, -71, -71, -75, -75, -75, -75, -72, -70, -74, -73, -72, -72, -72, -72, -72, -72, -73, -73, -73, -73, -70, -71, -70, -72, -72, -74, -74, -74, -74, -74, -77, -77, -69, -69, -71, -67, -74, -75, -70, -72, -77, -76, -76, -75, -75, -74, -69, -75, -74, -74, -74, -74, -74, -70, -70, -72, -74, -75, -74, -74, -73, -72, -71, -72, -72, -74, -75, -73, -74, -74, -74, -74, -73, -70, -73, -70, -71, -71, -71, -71, -71, -70, -71, -71, -72, -70, -73, -70, -70, -70, -72, -75, -69, 
ec:c8:82:7a:de:6e, 5320, PCCW, -68, -70, -70, -73, -70, -71, -71, -72, -71, -76, -76, -77, -77, -73, -72, -73, -71, -71, -71, -72, -72, -72, -72, -73, -73, -75, -73, -72, -72, -71, -74, -74, -74, -74, -74, -75, -74, -74, -76, -69, -69, -74, -67, -75, -75, -72, -71, -71, -71, -73, -73, -73, -74, -71, -71, -75, -75, -75, -73, -75, -70, -70, -72, -74, -75, -75, -75, -74, -73, -73, -73, -72, -74, -74, -74, -73, -74, -74, -72, -73, -69, -72, -70, -71, -72, -70, -71, -71, -71, -73, -71, -71, -69, -73, -70, -73, -73, -73, -74, -68, 
ec:c8:82:7a:de:6a, 5320, Alumni, -69, -70, -67, -72, -70, -70, -69, -71, -71, -75, -75, -75, -75, -73, -72, -76, -74, -73, -72, -72, -72, -72, -72, -74, -73, -74, -73, -70, -70, -70, -73, -73, -76, -76, -76, -76, -76, -78, -76, -70, -70, -73, -67, -75, -77, -71, -71, -78, -77, -75, -73, -73, -72, -70, -75, -74, -74, -74, -72, -72, -70, -70, -73, -74, -78, -76, -76, -75, -75, -72, -72, -72, -74, -77, -75, -75, -75, -75, -75, -72, -71, -75, -71, -71, -72, -71, -72, -72, -72, -72, -72, -72, -72, -73, -73, -73, -76, -72, -75, -69, 
ec:c8:82:7a:de:6c, 5320, Y5ZONE, -67, -70, -67, -71, -70, -70, -69, -71, -71, -75, -74, -74, -74, -72, -70, -74, -72, -71, -71, -71, -71, -71, -71, -74, -72, -72, -72, -70, -71, -68, -72, -72, -76, -76, -75, -75, -75, -79, -79, -69, -69, -72, -66, -73, -77, -71, -70, -70, -74, -75, -71, -71, -71, -69, -75, -74, -76, -76, -72, -72, -70, -70, -73, -73, -75, -75, -75, -74, -73, -71, -72, -71, -73, -73, -73, -77, -74, -74, -73, -72, -70, -74, -70, -71, -71, -70, -72, -72, -71, -71, -71, -71, -71, -72, -72, -72, -75, -71, -74, -68, 
00:23:eb:3a:15:bf, 5320, sMobileNet, -71, -71, -72, -76, -68, -66, -72, -72, -72, -72, -71, -71, -69, -67, -70, -66, -66, -65, -67, -69, -68, -66, -66, -67, -67, -70, -68, -65, -65, -64, -69, -77, -69, -69, -70, -70, -69, -69, -72, -69, -69, -69, -65, -65, -65, -65, -63, -63, -64, -61, -62, -63, -63, -63, -64, -64, -64, -64, -64, -62, -62, -63, -65, -64, -64, -64, -65, -65, -61, -64, -64, -63, -63, -63, -63, -66, -66, -62, -62, -62, -63, -63, -66, -63, -63, -66, -68, -67, -67, -64, -64, -64, -66, -65, -65, -64, -64, -65, -64, -67, 
34:bd:c8:db:54:0c, 5805, Y5ZONE, -72, -76, -76, -75, -74, -75, -74, -72, -75, -75, -77, -77, -77, -77, -77, -77, -77, -77, -77, -77, -77, -80, -80, -80, -80, -80, -81, -77, -76, -76, -76, -77, -78, -78, -78, -78, -79, -75, -79, -79, -79, -79, -78, -78, -75, -77, -77, -78, -78, -74, -74, -75, -75, -78, -74, -73, -73, -72, -72, -74, -77, -74, -77, -77, -77, -77, -75, -75, -73, -76, -78, -80, -75, -71, -76, -73, -74, -72, -73, -76, -76, -76, -78, -78, -74, -77, -77, -77, -77, -77, -77, -76, -76, -75, -75, -75, -75, -75, -77, -77, 
ec:c8:82:7a:df:6d, 5180, Universities WiFi, -55, -52, -59, -54, -54, -53, -53, -56, -56, -58, -56, -55, -55, -56, -62, -58, -54, -54, -55, -53, -54, -54, -51, -50, -52, -52, -53, -51, -55, -52, -53, -63, -60, -58, -53, -51, -52, -54, -53, -53, -54, -58, -55, -52, -57, -60, -56, -60, -58, -63, -63, -67, -64, -62, -60, -61, -66, -62, -60, -63, -62, -62, -59, -61, -61, -65, -62, -68, -62, -62, -65, -65, -63, -63, -60, -65, -63, -63, -61, -63, -66, -62, -62, -65, -61, -60, -57, -57, -55, -63, -61, -61, -58, -60, -60, -64, -68, -63, -59, -59, 
ec:c8:82:7a:df:6b, 5180, eduroam, -58, -54, -62, -57, -55, -54, -55, -57, -59, -59, -57, -57, -57, -58, -63, -59, -56, -56, -56, -55, -55, -55, -54, -53, -54, -54, -55, -53, -57, -55, -55, -66, -62, -60, -55, -54, -54, -56, -56, -55, -55, -58, -58, -54, -58, -60, -57, -60, -60, -65, -64, -66, -66, -62, -62, -62, -67, -63, -62, -65, -64, -63, -60, -63, -64, -66, -65, -68, -64, -64, -67, -67, -64, -66, -62, -66, -65, -65, -64, -62, -68, -65, -64, -66, -63, -61, -59, -60, -58, -64, -64, -62, -61, -61, -61, -63, -69, -64, -60, -62, 
ec:c8:82:7a:df:6a, 5180, Alumni, -56, -52, -59, -55, -55, -53, -53, -56, -57, -57, -56, -54, -54, -56, -61, -57, -54, -54, -55, -53, -53, -53, -52, -51, -53, -53, -53, -51, -55, -53, -53, -64, -60, -58, -53, -52, -52, -53, -53, -53, -53, -56, -55, -52, -56, -59, -55, -59, -58, -63, -63, -63, -63, -62, -61, -61, -65, -62, -60, -63, -63, -62, -60, -60, -62, -65, -63, -63, -61, -62, -64, -64, -64, -64, -60, -65, -64, -63, -61, -62, -66, -62, -62, -64, -61, -59, -57, -57, -56, -63, -63, -60, -59, -60, -60, -64, -68, -63, -59, -59, 
00:23:eb:3a:0c:33, 2437, Y5ZONE, -73, -74, -71, -71, -71, -76, -76, -76, -76, -73, -74, -69, -66, -66, -66, -66, -76, -73, -71, -71, -71, -76, -75, -75, -75, -75, -75, -70, -70, -70, -73, -73, -70, -70, -71, -72, -72, -72, -72, -69, -76, -76, -76, -67, -71, -70, -72, -70, -70, -67, -67, -64, -64, -68, -65, -64, -63, -65, -66, -68, -66, -66, -68, -67, -67, -71, -67, -68, -70, -66, -67, -63, -65, -63, -63, -66, -67, -72, -71, -68, -68, -66, -67, -69, -71, -63, -64, -64, -68, -65, -68, -68, -68, -68, -65, -64, -68, -67, -71, -70, 
00:23:eb:3a:0c:31, 2437, PCCW, -73, -74, -71, -71, -71, -74, -74, -74, -74, -72, -73, -67, -67, -67, -67, -67, -72, -72, -70, -70, -70, -70, -73, -73, -73, -73, -73, -71, -75, -75, -71, -70, -67, -67, -71, -71, -72, -72, -72, -71, -71, -71, -71, -67, -71, -71, -72, -70, -69, -68, -67, -65, -65, -68, -65, -64, -64, -66, -64, -69, -66, -65, -66, -66, -66, -70, -66, -66, -69, -66, -68, -64, -64, -64, -64, -67, -66, -71, -69, -66, -65, -64, -66, -69, -71, -64, -64, -64, -66, -64, -66, -69, -68, -69, -66, -65, -66, -68, -71, -69, 
00:23:eb:3a:0c:3a, 5260, Alumni, -71, -72, -72, -72, -71, -72, -75, -76, -72, -73, -73, -75, -73, -73, -77, -75, -78, -74, -75, -76, -76, -72, -75, -72, -76, -75, -75, -75, -75, -77, -73, -71, -71, -74, -73, -75, -71, -71, -74, -74, -73, -73, -73, -73, -73, -73, -69, -72, -69, -69, -68, -68, -64, -64, -65, -64, -63, -60, -64, -69, -65, -63, -66, -70, -68, -69, -69, -69, -69, -67, -67, -67, -65, -69, -68, -68, -68, -68, -69, -67, -67, -70, -67, -63, -63, -65, -62, -66, -71, -71, -70, -69, -70, -69, -69, -69, -65, -65, -64, -67, 
00:23:eb:3a:0c:3b, 5260, eduroam, -70, -72, -72, -71, -70, -71, -73, -75, -71, -73, -73, -73, -71, -73, -75, -74, -74, -74, -75, -74, -75, -72, -75, -71, -71, -72, -74, -77, -75, -74, -73, -73, -73, -73, -73, -74, -70, -69, -73, -73, -73, -74, -76, -70, -70, -72, -68, -69, -69, -69, -69, -67, -64, -64, -64, -61, -61, -61, -67, -66, -63, -63, -65, -72, -68, -67, -66, -67, -69, -65, -65, -66, -64, -67, -67, -67, -69, -68, -69, -66, -66, -71, -67, -63, -62, -64, -64, -66, -66, -67, -67, -67, -66, -69, -69, -69, -65, -65, -63, -67, 
00:23:eb:3a:0c:3f, 5260, sMobileNet, -71, -72, -72, -70, -70, -73, -73, -76, -69, -72, -72, -76, -73, -73, -74, -77, -71, -73, -74, -74, -75, -73, -73, -73, -73, -74, -74, -74, -74, -74, -72, -74, -73, -72, -72, -75, -70, -68, -76, -73, -74, -77, -77, -71, -72, -73, -67, -68, -68, -68, -68, -68, -64, -64, -66, -62, -62, -59, -65, -66, -65, -64, -66, -70, -66, -66, -66, -67, -69, -65, -64, -65, -61, -67, -67, -67, -67, -67, -68, -67, -67, -67, -66, -63, -63, -63, -63, -65, -68, -67, -71, -67, -72, -72, -69, -69, -64, -66, -64, -66, 
00:23:eb:3a:0c:3d, 5260, Universities WiFi, -71, -72, -72, -72, -71, -71, -73, -76, -71, -72, -72, -73, -72, -72, -73, -71, -71, -71, -74, -72, -72, -72, -74, -72, -76, -74, -75, -77, -74, -73, -72, -72, -73, -71, -72, -73, -69, -69, -73, -74, -73, -73, -77, -71, -71, -73, -68, -69, -69, -69, -66, -67, -65, -65, -66, -62, -61, -61, -68, -68, -64, -62, -64, -70, -68, -69, -69, -66, -69, -66, -63, -64, -64, -66, -66, -66, -66, -66, -69, -67, -66, -71, -66, -63, -63, -64, -64, -64, -66, -68, -67, -66, -67, -68, -69, -69, -64, -64, -63, -65, 
00:23:eb:3a:0c:3c, 5260, Y5ZONE, -71, -72, -71, -71, -71, -71, -75, -73, -73, -73, -73, -73, -73, -73, -75, -74, -72, -72, -75, -72, -72, -72, -75, -72, -76, -75, -75, -75, -72, -75, -73, -72, -70, -73, -73, -73, -71, -71, -71, -75, -72, -72, -72, -71, -72, -72, -71, -72, -68, -69, -68, -67, -65, -64, -65, -64, -64, -61, -64, -69, -65, -63, -64, -68, -69, -69, -70, -70, -68, -68, -67, -65, -66, -70, -69, -67, -67, -66, -70, -66, -65, -68, -68, -64, -61, -63, -63, -65, -70, -72, -68, -69, -70, -69, -71, -70, -65, -66, -64, -67, 
00:23:eb:3a:0c:3e, 5260, PCCW, -74, -74, -73, -71, -71, -72, -74, -75, -71, -73, -73, -75, -74, -74, -74, -75, -73, -74, -74, -73, -76, -73, -74, -74, -77, -76, -76, -79, -74, -74, -74, -71, -72, -72, -75, -73, -69, -69, -70, -74, -72, -73, -73, -72, -70, -70, -68, -71, -69, -74, -70, -68, -64, -65, -65, -66, -62, -62, -66, -65, -64, -65, -65, -69, -67, -70, -70, -68, -68, -66, -65, -65, -64, -68, -67, -67, -67, -68, -73, -70, -67, -70, -66, -65, -61, -65, -63, -66, -69, -68, -65, -67, -69, -69, -72, -69, -64, -64, -66, -66, 
34:bd:c8:ad:b2:bb, 5765, eduroam, -71, -77, -77, -77, -77, -77, -78, -81, -77, -77, -81, -76, -78, -81, -83, -80, -76, -76, -77, -81, -81, -81, -78, -78, -80, -79, -79, -75, -79, -80, -77, -77, -79, -79, -79, -79, -81, -78, -80, -80, -80, -80, -74, -74, -76, -80, -80, -80, -82, -78, -80, -80, -80, -77, -76, -80, 
34:bd:c8:ad:b2:ba, 5765, Alumni, -74, -77, -77, -77, -77, -77, -81, -81, -80, -78, -78, -79, -79, -81, -81, -81, -77, -77, -79, -81, -79, -79, -78, -78, -80, -80, -81, -77, -81, -81, -76, -76, -79, -79, -79, -79, -81, -81, -82, -82, -81, -81, -76, -77, -77, -79, -79, -81, -81, -79, -79, -79, -80, -78, -76, -79, 
34:bd:c8:ad:b2:bf, 5765, sMobileNet, -71, -78, -78, -78, -78, -78, -78, -79, -79, -79, -81, -77, -78, -81, -81, -80, -75, -77, -78, -82, -82, -78, -78, -79, -80, -79, -79, -75, -79, -83, -77, -77, -78, -78, -78, -78, -80, -79, -80, -79, -79, -79, -75, -79, -75, -81, -80, -80, -83, -78, -78, -78, -79, -78, -75, -79, 
02:2f:4f:ac:99:a7, 2457, HP01C2D1, -77, -82, -77, -79, -80, -80, -80, -83, -83, -79, -79, -79, -79, -79, -75, -75, -75, -75, -77, -77, -77, -77, -80, -80, -80, -80, -77, -77, -77, -75, -75, -80, -75, -74, -74, -74, -76, -77, -75, -75, -75, -72, -77, -77, -80, -76, -74, -74, -74, -76, -75, -75, -75, -75, -74, -73, -73, -75, -72, -72, -72, -78, -78, -78, -78, -83, -79, -82, -82, -82, -82, -81, -81, -81, -81, -82, -82, -82, -82, -73, -73, -73, -73, -77, -75, -75, -79, -81, -74, -74, -74, -73, -77, -77, -75, -71, -73, -72, -72, 
ec:c8:82:7a:e1:61, 2412, PCCW, -67, -65, -69, -68, -68, -69, -69, -69, -72, -72, -71, -69, -68, -68, -61, -67, -67, -67, -66, -66, -65, -65, -66, -67, -68, -67, -67, -66, -67, -66, -66, -70, -71, -71, -72, -68, -68, -66, -66, -65, -68, -68, -68, -62, -67, -67, -68, -71, -68, -70, -73, -73, -69, -69, -69, -73, -76, -74, -76, -76, -71, -70, -70, -70, -73, -71, -70, -70, -70, -70, -70, -73, -72, -72, -72, -73, -73, -73, -77, -74, -71, -71, -71, -72, -68, -69, -68, -70, -73, -70, -73, -73, -73, -74, -76, -71, -71, -71, -71, -74, 
34:bd:c8:db:54:01, 2437, PCCW, -76, -76, -76, -76, -76, -77, -77, -77, -73, -73, -73, -73, -71, -71, -71, -71, -72, -72, -72, -72, -71, -71, -71, -71, -71, -71, -71, -73, -73, -73, -73, -73, -74, -72, -72, -72, -73, -70, -70, -70, -70, -76, -76, -76, -72, -72, -72, -74, -74, -76, -78, -78, -77, -77, -77, -73, -71, -73, -72, -72, -71, -76, -75, -75, -75, -74, -74, -72, -78, -74, -74, -74, -74, -71, -72, -73, -73, -73, -73, -74, -74, -71, -71, -71, -70, -73, -75, -75, -75, -72, -72, -71, -72, -76, -75, -75, 
00:23:eb:3a:0d:7b, 5320, eduroam, -76, -81, -81, -81, -81, -79, -79, -77, -73, -77, -77, -77, -77, -77, -77, -77, -77, -76, -76, -78, -78, -78, -78, -78, -77, -73, -76, -77, -77, -76, -76, -77, -77, -78, -78, -75, -76, -76, -76, -76, -76, -76, 
00:23:eb:3a:0d:7d, 5320, Universities WiFi, -77, -78, -78, -76, -74, -78, -76, -78, -78, -78, -78, -78, -78, -77, -77, -77, -79, -79, -79, -79, -76, -74, -76, -76, -76, -75, -75, -77, -77, -77, -74, -74, -74, -75, -75, -76, -76, -76, -76, -76, 
00:23:eb:3a:0d:7c, 5320, Y5ZONE, -77, -81, -81, -81, -81, -77, -75, -71, -75, -77, -79, -78, -78, -78, -78, -78, -78, -78, -78, -76, -76, -78, -78, -79, -79, -79, -79, -75, -77, -75, -75, -74, -77, -77, -77, -77, -77, -76, -76, -77, -77, -77, -77, -77, 
00:23:eb:3a:0a:5c, 5300, Universities WiFi, -74, -78, -78, -78, -78, -78, -78, -78, -78, -79, -79, -79, -79, -79, -78, -78, -78, -78, -78, -78, -80, -80, -80, -80, -80, -80, -80, -80, -80, -77, -77, -77, -77, -77, -76, -76, -77, -77, -77, 
00:23:eb:3a:0a:5e, 5300, eduroam, -77, -78, -78, -78, -78, -78, -78, -78, -78, -78, -78, -80, -80, -80, -80, -80, -77, -77, -77, -77, -77, -78, -78, -78, -78, -78, -79, -79, -79, -79, -79, -78, 
ec:c8:82:7a:dc:5d, 5765, Universities WiFi, -71, -71, -70, -72, -72, -71, -71, -71, -71, -74, -72, -72, -72, -73, -70, -69, -72, -72, -73, -73, -69, -70, -70, -70, -70, -72, -73, -73, -69, -69, -71, -76, -72, -70, -70, -70, -70, -69, -69, -70, -70, -73, -72, -71, -75, -78, -77, -80, -80, -78, -82, -81, -80, -80, -80, -80, -80, -80, -78, -78, -78, -79, -79, -81, -81, -77, -76, -76, -77, -78, -78, -78, -78, -78, -78, -78, -78, -77, -76, -79, -78, -77, -76, -77, -77, -77, -77, -77, -77, -74, -77, -77, -77, -78, -75, -75, -76, -76, -77, -78, 
34:bd:c8:ad:b2:be, 5765, PCCW, -72, -80, -81, -81, -81, -81, -84, -80, -79, -78, -78, -77, -80, -80, -80, -80, -77, -77, -78, -78, -79, -79, -77, -80, -80, -80, -78, -75, -81, -81, -77, -81, -78, -78, -78, -78, -79, -79, -81, -81, -81, -81, -77, -73, -77, -78, -82, -83, -83, -76, -80, -80, -79, -77, -77, -78, 
34:bd:c8:ad:b2:bc, 5765, Y5ZONE, -71, -77, -77, -77, -77, -77, -80, -78, -78, -80, -77, -79, -79, -79, -79, -77, -75, -78, -79, -77, -78, -78, -79, -79, -79, -79, -75, -79, -79, -75, -75, -77, -77, -77, -81, -80, -80, -80, -80, -79, -79, -75, -75, -77, -78, -78, -78, -78, -78, -79, -79, -80, -77, -76, -79, 
00:23:eb:3a:0c:35, 2437, Alumni, -76, -76, -76, -76, -76, -71, -75, -75, -75, -74, -74, -74, -74, -74, -75, -75, -75, -71, -71, -70, -71, -71, -73, -73, -73, -71, -74, -74, -74, -74, -74, -70, -66, -65, -69, -69, -65, -65, -66, -66, -70, -70, -66, -67, -67, -67, -70, -70, -68, -68, -68, -68, -65, -67, -67, -71, -71, -69, -68, -68, -68, -71, -71, -71, -66, -67, -67, -67, -67, -69, -71, -66, -66, -67, -67, -71, -71, 
ec:c8:82:7a:dc:5e, 5765, PCCW, -72, -72, -71, -72, -72, -72, -72, -72, -72, -74, -72, -72, -72, -72, -72, -70, -71, -71, -71, -71, -69, -71, -71, -71, -71, -71, -71, -74, -71, -71, -71, -75, -71, -71, -71, -71, -71, -69, -69, -70, -71, -73, -75, -72, -72, -76, -76, -76, -76, -79, -79, -78, -78, -78, -78, -78, -79, -78, -78, -78, -78, -81, -81, -80, -82, -78, -78, -81, -81, -78, -78, -78, -78, -80, -78, -78, -78, -78, -75, -77, -79, -79, -79, -80, -78, -79, -79, -78, -75, -75, -78, -77, -78, -79, -75, -76, -79, -79, -81, -81, 
58:bc:27:5d:de:51, 2437, PCCW, -75, 
34:bd:c8:ad:b2:bd, 5765, Universities WiFi, -71, -77, -77, -77, -81, -81, -81, -80, -78, -78, -81, -77, -76, -79, -79, -79, -75, -75, -76, -76, -79, -81, -78, -79, -80, -78, -78, -74, -80, -79, -75, -75, -76, -76, -76, -76, -78, -78, -78, -78, -80, -80, -75, -73, -76, -79, -80, -80, -80, -76, -76, -76, -77, -76, -74, -78, 
ec:c8:82:7a:dc:5f, 5765, sMobileNet, -71, -73, -75, -75, -72, -72, -72, -72, -72, -75, -73, -73, -73, -74, -72, -69, -72, -72, -72, -74, -70, -74, -73, -72, -74, -74, -74, -74, -70, -71, -69, -75, -72, -72, -72, -71, -73, -72, -72, -72, -72, -73, -73, -73, -74, -78, -76, -76, -80, -78, -81, -81, -80, -80, -82, -79, -80, -80, -80, -80, -79, -81, -82, -81, -82, -82, -78, -78, -80, -79, -78, -78, -79, -80, -80, -79, -80, -77, -78, -77, -77, -79, -78, -78, -79, -79, -79, -77, -75, -74, -77, -77, -77, -80, -77, -76, -77, -77, -77, -77, 
ec:c8:82:7a:df:60, 2412, sMobileNet, -52, -52, -52, -52, -52, -51, -51, -51, -51, -51, -56, -56, -56, -52, -52, -51, -52, -52, -52, -52, -52, -55, -54, -54, -63, -62, -62, -62, -51, -51, -51, -51, -51, -51, -52, -52, -52, -52, -52, -60, -60, -60, -60, -60, -59, -59, -59, -59, -65, -65, -65, -65, -65, -59, -59, -59, -58, -58, -58, -58, -58, -59, -59, -59, -59, -59, -61, -61, -58, -58, -58, -58, -58, -60, -60, -60, -60, -60, -63, -62, -62, -62, 
00:23:eb:3a:0a:5d, 5300, sMobileNet, -78, -80, -80, -80, -80, -80, -80, -80, -80, -82, -82, -82, -82, -82, -79, -79, -79, -79, -79, -81, -81, -81, -81, -81, -82, -79, 
00:23:eb:3a:0a:5f, 5300, Alumni, -76, -79, -79, -79, -79, -79, -79, -79, -79, -79, -79, -78, -78, -78, -78, -78, -80, -80, -80, -80, -80, -78, -78, -78, -78, -78, -78, -78, -79, -79, -79, -79, -79, -79, -78, -78, -78, -78, 
00:23:eb:3a:0d:7f, 5320, sMobileNet, -77, -80, -80, -80, -80, -79, -79, -77, -74, -78, -78, -80, -78, -78, -78, -80, -80, -80, -80, -80, -77, -77, -77, -77, -81, -81, -81, -81, -73, -75, -75, -75, -76, -78, -78, -78, -78, -76, -75, -75, -76, -76, -76, -76, -76, 
58:bc:27:5d:de:50, 2437, Y5ZONE, -75, -83, -83, -83, -83, -83, 
ec:c8:82:7a:df:64, 2412, eduroam, -54, -56, -53, -53, -52, -52, -50, -50, -50, -50, -50, -52, -51, -51, -51, -51, -51, -52, -52, -52, -52, -52, -53, -52, -52, -52, -56, -56, -56, -56, -56, -47, -47, -51, -51, -51, -51, -51, -59, -59, -63, -63, -63, -63, -63, -56, -56, -62, -58, -58, -58, -58, -59, -59, -59, -59, -60, -60, -60, -60, -60, -60, -62, -62, -62, -62, 
00:23:eb:3a:16:a3, 2412, Universities WiFi, -70, -77, -77, -77, -77, -77, -77, -77, -77, -78, -78, -78, -78, -78, -81, -81, -81, -81, -81, -79, -79, -79, -79, -79, -80, -80, -80, -80, -80, -80, -80, -80, -80, 
00:23:eb:3a:16:af, 5200, Alumni, -73, -76, -76, -76, -76, -76, -76, -76, -76, -76, -76, -75, -75, -75, -75, -75, -76, -76, -75, -75, -75, -75, -75, 
00:23:eb:3a:0d:7e, 5320, PCCW, -78, -79, -79, -77, -77, -78, -76, -79, -78, -78, -78, -78, -78, -79, -76, -76, -78, -78, -78, -78, -78, -78, -76, -78, -77, -77, -74, -76, -76, -79, -79, -75, -75, -75, -75, -75, -75, -75, -75, 
00:23:eb:3a:0d:7a, 5320, Alumni, -75, -81, -81, -81, -81, -76, -73, -77, -78, -80, -80, -80, -80, -80, -80, -80, -80, -80, -79, -76, -76, -77, -77, -79, -79, -79, -79, -74, -76, -76, -76, -77, -77, -78, -78, -78, -78, -75, -77, -77, -77, -77, -77, -77, 
00:25:84:22:ef:4c, 5180, Alumni, -74, -74, -74, -74, -74, -74, -74, -74, -74, -72, -72, -71, -75, -75, -72, -72, -74, -74, -72, -72, -72, -72, -72, -74, -71, -74, -74, -72, -72, -72, -73, -73, -73, -73, -73, -77, -71, -72, -72, -72, -72, -72, -74, -74, -74, -74, -74, -74, -74, -76, -76, -76, -75, -75, -75, -75, -75, -76, -76, -76, -76, -74, -74, -74, -74, -74, -73, -73, -73, -73, -73, 
98:fc:11:f9:af:1c, 5200, 2306-AirPlay, -83, 
00:23:eb:3a:0a:51, 2437, eduroam, -79, 
00:23:eb:3a:0a:53, 2437, Universities WiFi, -78, 
ec:c8:82:7a:df:62, 2412, Universities WiFi, -53, -56, -52, -52, -51, -51, -51, -51, -51, -52, -55, -55, -52, -52, -52, -52, -52, -52, -52, -51, -51, -53, -53, -53, -53, -52, -52, -52, -56, -56, -56, -56, -56, -47, -47, -50, -50, -50, -50, -53, -54, -54, -54, -54, -64, -64, -64, -64, -56, -56, -56, -56, -56, -56, -62, -58, -58, -58, -58, -58, -59, -59, -59, -59, -59, -61, -61, -61, -63, -63, -63, -63, -63, -58, -59, -59, -59, -59, -59, 
ec:c8:82:7a:3f:d5, 2462, Alumni, -62, -70, -70, -66, -66, -66, -66, -66, -70, -70, -66, -66, -66, -66, -66, -73, -73, -73, -70, -70, -70, -70, -70, -70, -64, -64, -64, -64, -65, -65, -65, -65, -63, -63, -63, -61, -61, -60, -60, -60, -60, -60, 
ec:c8:82:7a:e1:60, 2412, sMobileNet, -71, -64, -69, -69, -69, -69, -69, -73, -73, -73, -73, -70, -70, -70, -61, -61, -66, -68, -68, -68, -68, -67, -67, -67, -70, -70, -70, -66, -66, -66, -66, -66, -66, -66, -66, -69, -69, -69, -68, -68, -68, -68, -68, -74, -74, -74, -74, -74, -71, -71, -71, -71, -71, -73, -73, -73, -73, -73, -70, -70, -70, -72, -72, -72, -72, -72, 
34:bd:c8:db:57:80, 2437, sMobileNet, -60, -62, -62, -62, -62, -62, -64, -64, -64, -64, -64, -68, -68, -68, -68, -68, -68, -68, -68, -68, -66, -66, -66, -66, -66, -63, -63, -63, -63, -63, -63, -66, -66, -66, -66, -66, -70, -71, -66, -66, -66, -70, -69, -69, -69, -69, -65, -65, -65, -65, -63, -63, -63, -63, -63, -67, -67, -67, -67, -65, -65, -65, -65, -67, -67, -67, -68, -68, -68, -68, -68, -68, -68, -68, -68, -68, -68, -68, -68, -68, -68, 
34:bd:c8:ad:b2:b3, 2412, Y5ZONE, -75, -74, -74, -74, -74, -84, -84, -84, -84, -84, -72, -72, -72, -76, -76, -76, -76, -76, -78, -78, -76, -76, -76, -76, -76, -78, -78, -78, -78, -74, -74, -75, -75, -75, -75, -75, -76, -79, -78, -78, -75, -75, -75, -76, -71, -70, -70, -74, -74, -74, -72, -72, -72, -72, -73, -72, -76, -70, -70, -70, -70, -70, -75, -75, -75, -73, -73, -73, -75, -78, -78, -78, -78, -75, -75, -74, -74, -74, -74, -74, -74, -70, -70, -71, -71, -75, -75, -75, -76, -76, -76, -76, -74, -77, -77, -74, -73, -74, 
00:23:eb:3a:0c:30, 2437, sMobileNet, -75, -75, -75, -75, -75, -68, -68, -68, -68, -68, -72, -72, -72, -72, -77, -77, -77, -77, -74, -74, -75, -75, -75, -75, -75, -70, -73, -72, -74, -75, -75, -74, -74, -74, -77, -77, -77, -77, -77, -67, -67, -71, -71, -67, -67, -68, -66, -70, -70, -66, -69, -66, -66, -70, -70, -70, -70, -70, -70, -66, -66, -66, -74, -74, -70, -67, -67, -67, -70, -73, -73, -68, -68, -68, -68, -68, -68, -72, -66, -66, -66, -66, -66, 
00:23:eb:3a:16:ac, 5200, Universities WiFi, -74, -76, -76, -76, -76, -76, -76, -76, -76, -76, -76, -75, -75, -75, -75, -75, -77, -77, -77, -77, -76, -76, -73, -73, -73, -73, -73, 
34:bd:c8:ad:b2:b5, 2412, Alumni, -81, -76, -76, -75, -75, -75, -75, -75, -75, -74, -74, -74, -74, -75, -75, -75, -75, -75, -76, -75, -75, -75, -75, -75, -77, -77, -77, -77, -77, -74, -70, -72, -72, -72, -72, -71, -71, -71, -71, -68, -68, -68, -68, -68, -72, -72, -72, -72, -72, -73, -73, -73, -73, -73, 
ec:c8:82:7a:e1:62, 2412, Universities WiFi, -72, -59, -66, -66, -66, -66, -66, -65, -65, -66, -66, -70, -70, -70, -70, -70, -66, -66, -66, -68, -68, -68, -62, -62, -62, -68, -68, -68, -70, -70, -70, -68, -72, -72, -75, -76, -73, -73, -73, -73, -74, -74, -74, -74, -74, -75, -75, -75, -74, -74, -74, -74, -74, -74, -70, -70, -70, -70, -70, -69, -69, -72, -72, -72, -72, -72, -72, -72, -72, -72, 
30:37:a6:a5:3e:0f, 5765, Y5ZONE, -77, -78, -74, -80, -79, -79, -79, -80, -80, -80, -80, -80, -75, -75, -76, -75, -75, -75, -75, -75, -76, -76, -76, -76, -77, -75, -75, -77, -77, -77, -77, -77, -81, -77, -77, -78, -78, -76, -78, -76, -74, -74, -79, -81, -81, -81, -81, -81, -81, -81, -81, -81, -81, -82, -81, -79, -79, -80, -79, -81, -81, -81, -81, -82, -82, -82, -82, -83, -83, -83, -83, -83, -80, -80, -80, -83, -83, -83, -83, -79, -80, -80, -80, -80, -80, -82, -82, -82, -82, -81, -81, -81, -81, -81, -81, -81, -83, -83, -83, 
ec:c8:82:7a:3f:d2, 2462, Universities WiFi, -60, -62, -62, -66, -66, -66, -66, -66, -68, -68, -68, -65, -65, -65, -62, -62, -62, -66, -66, -66, -66, -66, -67, -67, -64, -64, -64, -64, -64, -62, -62, -62, -62, -63, -63, -62, -63, -63, -63, -61, -61, -61, -61, -61, -60, -60, -64, -62, -62, -62, -64, -67, -67, -63, -63, -63, -66, -66, -66, -66, -66, -64, -64, -64, -64, -60, -60, -60, -60, -60, -60, -60, -60, -60, -60, -61, -61, -62, -62, 
ec:c8:82:7a:dc:54, 2462, eduroam, -62, -65, -65, -65, -65, -65, -65, -65, -65, -65, -63, -60, -60, -60, -59, -59, -59, -59, -59, -60, -60, -60, -60, -60, -60, -68, -68, -68, -68, -68, -60, -60, -60, -60, -60, -60, -60, -66, -66, -66, -66, -66, -66, -66, -70, -70, -70, -70, -70, -68, -68, -68, -68, -68, -71, -71, -71, -71, -71, -71, -71, -68, -68, -68, -65, -65, -65, -65, -65, -69, 
ec:c8:82:7a:dc:50, 2462, sMobileNet, -61, -64, -63, -63, -63, -63, -63, -63, -64, -62, -62, -62, -58, -58, -58, -58, -58, -57, -57, -57, -57, -57, -57, -57, -65, -65, -65, -65, -65, -58, -58, -58, -58, -58, -64, -64, -64, -64, -63, -63, -63, -63, -68, -68, -68, -68, -68, -68, -68, -68, -73, -73, -73, -73, -73, -65, -65, -65, -65, -69, -69, -69, -69, -69, -65, -65, -65, -65, -67, 
34:bd:c8:db:54:00, 2437, sMobileNet, -74, -74, -74, -74, -74, -72, -72, -72, -72, -72, -71, -71, -71, -71, -71, -72, -72, -72, -72, -72, -72, -72, -72, -72, -72, -79, -79, -79, -79, -79, -71, -71, -71, -71, -71, -71, -71, -78, -78, -78, -78, -75, -71, -71, -71, -71, -72, -72, -72, -72, -72, -72, -72, -72, -72, -72, -72, 
ec:c8:82:7a:e1:64, 2412, eduroam, -72, -72, -72, -72, -72, -70, -70, -70, -63, -63, -63, -63, -63, -67, -67, -67, -67, -69, -69, -69, -69, -69, -69, -69, -69, -69, -69, -68, -68, -68, -68, -68, -63, -63, -63, -68, -68, -68, -71, -71, -71, -70, -74, -74, -74, -78, -78, -78, -78, -78, -73, -73, -75, -75, -75, -75, -75, -75, -74, -74, -74, -74, -74, -75, -75, -75, -71, -71, -71, -71, -71, 
7c:e9:d3:7f:0c:9f, 2437, HP-Print-9F-LaserJet 1025, -91, -90, -90, -90, -90, -90, -86, -87, -87, -89, -89, -89, -89, -89, -91, -87, -85, -89, -89, -89, -89, -87, -87, -87, -87, -87, -88, -88, -88, -88, -87, -87, -87, -87, -87, -90, -90, -90, -90, -90, -89, -89, -89, -89, -89, -89, -90, -90, -90, -90, -90, -90, -91, -91, -91, -91, -91, -91, -91, -91, -90, -90, -90, -89, -89, -89, -89, -89, -89, -84, -85, -89, -89, -89, -89, 
ec:c8:82:7a:3f:d0, 2462, sMobileNet, -62, -62, -59, -59, -59, -59, -59, -66, -66, -66, -66, -66, -70, -70, -70, -70, -67, -67, -66, -66, -66, -66, -66, -63, -63, -67, -67, -67, -67, -67, -65, -66, -66, -66, -62, -62, -65, -65, -65, -65, -65, -63, -65, -65, -65, -65, -65, -68, -68, -63, -63, -63, -63, -63, -60, -60, -60, -60, -60, -61, -61, -61, -60, -60, -60, -60, 
34:bd:c8:db:54:05, 2437, Alumni, -74, -74, -74, -74, -74, -75, -75, -75, -75, -75, -74, -74, -74, -74, -74, -74, -74, -74, -74, -74, -70, -70, -70, -70, -70, -75, -75, -75, -75, -75, -75, -75, -76, -76, -76, -76, -76, -76, -76, -76, 
00:25:84:22:fb:af, 5240, sMobileNet, -76, 
00:25:84:22:ef:41, 2462, Universities WiFi, -75, -77, -77, -77, -76, -76, -76, -76, -76, -75, -75, -75, -75, -75, -70, -74, -74, -74, -74, -74, -74, -74, -79, -79, -79, -79, -80, -80, -80, -80, -81, -81, -81, -81, -81, -76, -76, -76, -76, -76, 
00:23:eb:3a:0a:52, 2437, sMobileNet, -81, 
34:bd:c8:db:a8:11, 2412, PCCW, -82, -79, -79, -79, -79, -79, -79, -80, -83, -83, -81, -81, -80, -80, -80, -80, -80, -80, -78, -78, -78, -79, -79, -80, -80, -77, -77, -77, -77, -77, 
ec:c8:82:7a:dc:55, 2462, Alumni, -60, -60, -60, -62, -62, -62, -62, -62, -62, -62, -62, -61, -61, -61, -61, -61, -57, -57, -57, -57, -56, -56, -56, -56, -56, -55, -55, -55, -63, -63, -63, -63, -63, -59, -59, -59, -65, -65, -65, -65, -65, -63, -63, -63, -63, -67, -67, -67, -67, -67, -69, -69, -69, -70, -70, -70, -70, -70, -70, 
34:bd:c8:db:54:02, 2437, Universities WiFi, -70, -70, -70, -70, -70, -70, -74, -74, -74, -73, -73, -73, -74, -74, -74, -73, -73, -74, -74, -76, -76, -77, -77, -77, -77, -77, -75, -75, -75, -75, -74, -74, -74, -74, -74, -74, -74, -72, -72, -73, -73, -73, -73, -72, -72, -72, -72, -72, 
58:bc:27:5d:de:52, 2437, Universities WiFi, -76, 
58:bc:27:5d:de:54, 2437, sMobileNet, -77, 
ec:c8:82:7a:3f:d4, 2462, eduroam, -61, -64, -64, -64, -64, -64, -66, -66, -66, -66, -66, -63, -63, -63, -63, -63, -65, -65, -65, -65, -65, -65, -65, -65, -65, -65, -65, -63, -63, -63, -63, -63, -65, -65, -65, -65, -68, -68, -68, -68, -68, -61, -61, -61, -61, -61, -62, -62, -62, -64, -64, 
00:23:eb:3a:0c:34, 2437, eduroam, -65, -74, -74, -74, -74, -74, -74, -68, -68, -68, -68, -68, -70, -70, -70, -75, -75, -75, -75, -75, -75, -75, -75, -75, -75, -75, -75, -74, -74, -74, -71, -71, -71, -77, -69, -69, -69, -69, -69, -67, -67, -70, -70, -66, -65, -67, -65, -69, -69, -65, -68, -67, -67, -67, -67, -67, -67, -67, -69, -65, -65, -65, -64, -68, -65, -72, -72, -67, -66, -66, -66, -72, -73, -66, -66, -66, -66, -66, -66, -70, -70, -70, -68, -68, -68, -68, 
ec:c8:82:7a:de:60, 2437, sMobileNet, -71, -71, -66, -66, -66, -66, -66, -68, -68, -68, -68, -67, -67, -67, -67, -67, -64, -64, -64, -64, -64, -64, -64, -66, -66, -66, -65, -65, -68, -68, -69, -69, -66, -66, -66, -66, -66, -73, -73, -73, -73, -69, -69, -69, -69, -69, -69, -71, -71, -71, -71, -71, -72, -72, -72, -72, -72, 
ec:c8:82:7a:de:65, 2437, Alumni, -72, -72, -72, -72, -72, -67, -67, -67, -67, -67, -65, -65, -65, -63, -63, -63, -63, -63, -63, -63, -63, -63, -63, -63, -63, -67, -67, -67, -65, -66, -66, -66, -66, -66, -76, -76, -68, -68, -68, -68, -68, -65, -65, -65, -65, -72, -72, -72, -72, -75, -72, -72, -72, -72, -72, 
00:23:eb:3a:16:ad, 5200, sMobileNet, -73, -76, -76, -76, -76, -76, -75, -75, -75, -75, -75, -75, -75, -75, -75, -75, -75, -77, -77, 
00:25:84:22:fb:ae, 5240, Universities WiFi, -77, 
ec:c8:82:7a:e1:65, 2412, Alumni, -64, -64, -64, -64, -64, -70, -70, -70, -70, -70, -67, -65, -65, -65, -65, -71, -71, -71, -71, -69, -67, -67, -67, -67, -67, -66, -66, -66, -66, -67, -68, -68, -68, -68, -68, -72, -72, -72, -72, -72, -70, -70, -70, -71, -71, -71, -71, -71, -73, -69, -69, -69, -69, -69, -69, -74, -74, -74, -74, -74, -72, -72, -72, -72, 
00:23:eb:3a:29:2f, 5805, sMobileNet, -69, -70, -71, -73, -72, -73, -73, -73, -72, -71, -70, -69, -69, -71, -69, -68, -68, -69, -69, -69, -69, -70, -70, -69, -69, -71, -70, -72, -71, -69, -70, -73, -74, -70, -72, -69, -69, -70, -69, -69, -70, -71, -68, -72, -72, -72, -74, -74, -74, -74, -80, -80, -80, -77, -77, -77, -76, -74, -76, -74, -77, -79, -73, -73, -73, -73, -73, -78, -77, -77, -77, -80, -76, -76, -76, -77, -77, -77, -78, -78, -78, -78, -78, -76, -76, -76, -76, -74, -78, -74, -73, -73, -77, -77, -77, -76, -76, -76, -75, -75, 
58:bc:27:5d:de:55, 2437, Alumni, -77, 
58:bc:27:5d:de:53, 2437, eduroam, -79, 
30:37:a6:a5:3e:0b, 5765, sMobileNet, -76, -78, -74, -80, -80, -80, -80, -80, -80, -80, -79, -75, -77, -76, -75, -76, -76, -76, -76, -77, -77, -77, -75, -78, -76, -75, -77, -77, -78, -78, -78, -79, -78, -78, -78, -78, -78, -78, -77, -74, -75, -79, -81, -81, -81, -81, -81, -79, -79, -79, -79, -79, -81, -81, -79, -79, -81, -81, -82, -82, -81, -81, -81, -81, -81, -84, -84, -84, -84, -84, -82, -82, -82, -80, -80, -80, -80, -81, -81, -81, -82, -81, -81, -81, -81, -81, -81, -81, -81, -81, -81, -82, -82, 
30:37:a6:a5:3e:0c, 5765, eduroam, -77, -79, -75, -80, -80, -80, -80, -80, -80, -83, -83, -83, -83, -83, -77, -75, -75, -75, -75, -75, -75, -78, -78, -75, -77, -76, -76, -77, -78, -75, -75, -79, -79, -77, -78, -78, -78, -78, -78, -77, -75, -75, -79, -79, -81, -80, -80, -80, -80, -80, -80, -80, -80, -83, -83, -82, -82, -81, -79, -79, -79, -80, -80, -80, -80, -80, -85, -85, -81, -81, -83, -83, -81, -81, -81, -81, -81, -81, -81, -79, -79, -79, -79, -81, -81, -83, -83, -83, -83, -82, -81, -81, -81, -80, -80, -81, -81, -82, -82, 
00:25:84:23:1e:2e, 5240, Universities WiFi, -77, -77, -77, -77, -75, -75, -75, -75, -75, -76, -76, -76, -73, -73, -73, -73, -76, -76, -76, -76, -76, -76, -76, -76, -76, -76, -76, -76, -76, -76, -76, -76, -76, -76, 
30:37:a6:a5:3e:0a, 5765, Alumni, -78, -80, -75, -79, -79, -80, -80, -80, -80, -80, -80, -80, -80, -80, -76, -76, -76, -76, -76, -75, -75, -75, -75, -75, -75, -75, -75, -77, -77, -76, -76, -80, -80, -77, -77, -77, -77, -77, -78, -77, -75, -75, -79, -80, -80, -80, -80, -80, -80, -80, -80, -80, -80, -81, -81, -81, -81, -81, -78, -80, -82, -81, -81, -81, -81, -82, -82, -82, -81, -81, -81, -81, -80, -80, -80, -81, -81, -81, -81, -81, -81, -80, -81, -81, -81, -81, -81, -81, -81, -81, -81, -81, -81, -81, -81, -81, -83, -83, -83, 
30:37:a6:a5:3e:0d, 5765, Universities WiFi, -79, -79, -75, -79, -79, -80, -80, -81, -81, -81, -81, -81, -76, -76, -76, -75, -76, -76, -76, -76, -76, -76, -76, -76, -77, -76, -76, -77, -77, -80, -80, -80, -80, -78, -79, -79, -79, -77, -79, -78, -74, -75, -79, -80, -82, -81, -81, -81, -81, -81, -81, -83, -83, -83, -81, -80, -80, -82, -81, -81, -81, -81, -81, -81, -81, -81, -84, -82, -82, -82, -82, -82, -81, -81, -81, -81, -81, -78, -79, -82, -82, -81, -81, -83, -81, -83, -83, -81, -81, -81, -81, -81, -81, -81, -81, -81, -81, 
00:25:84:22:ef:40, 2462, sMobileNet, -76, -76, -76, -76, -77, -75, -75, -75, -75, -75, -75, -75, -75, -75, -75, 
34:bd:c8:ad:b2:b2, 2412, Universities WiFi, -78, -78, -78, -78, -78, -72, -72, -72, -71, -71, -71, -71, -71, -71, -79, -74, -74, -74, -77, -77, -77, -77, -77, -80, -80, -80, -80, -74, -74, -74, -74, -78, -78, -78, -78, -78, -74, -74, -73, -73, -73, -73, -73, -73, -74, -70, -70, -70, -70, -70, -70, -70, 
34:bd:c8:db:a8:14, 2412, sMobileNet, -78, -78, -78, -78, -78, -81, -81, -81, -81, -81, -81, -80, -80, -80, -80, -80, -79, -79, -79, -79, -79, 
00:25:84:23:1e:20, 2412, sMobileNet, -79, -79, -79, -79, -79, -79, -79, -79, -79, -79, -81, -80, -80, -80, -80, -82, -82, -82, -82, -82, -81, -81, -81, -81, -81, -80, -80, -80, -80, -79, -79, -79, -79, -79, -77, -77, -77, 
00:23:eb:3a:16:a1, 2412, eduroam, -81, -81, -81, -81, -81, -77, -77, -77, -77, -77, -77, -77, -81, -81, -81, -81, -81, -82, -82, -82, -82, -82, -77, -77, -77, -77, -77, -79, -79, -79, -79, -79, 
30:37:a6:a5:3e:04, 2412, sMobileNet, -81, -81, -81, -81, -81, -78, -78, -78, -78, -80, -80, -80, -80, -80, -77, -77, -77, -77, -77, -80, -80, 
2c:59:e5:b7:45:4c, 2437, HP-Print-4C-Officejet Pro X576dw, -84, -84, -84, -84, -84, -86, -87, -85, -86, -85, -83, -82, -82, -82, -83, -83, -83, -83, -83, -83, -83, -83, -83, -83, -83, -83, -83, -83, -84, -82, -82, -82, -82, -82, -85, -85, -85, -88, -88, -88, -77, -77, -84, -84, -84, -84, -84, -88, -87, -85, -81, -86, -86, -88, -88, -88, -88, -88, -86, -85, -85, -84, -87, -87, -87, -87, -90, -90, -90, -90, -89, -89, -88, -88, -91, -88, -88, -85, -85, -85, -85, -85, -86, -86, -86, -88, -88, -86, -86, -86, -86, -86, -86, -86, 
30:37:a6:a5:3e:0e, 5765, PCCW, -77, -79, -75, -80, -80, -80, -83, -82, -82, -82, -82, -82, -76, -76, -76, -74, -76, -75, -75, -75, -75, -76, -76, -75, -78, -76, -75, -77, -77, -75, -75, -79, -79, -78, -78, -78, -78, -77, -77, -77, -74, -74, -78, -78, -78, -79, -79, -79, -80, -80, -80, -80, -80, -82, -81, -81, -81, -81, -79, -79, -79, -80, -80, -80, -80, -82, -82, -82, -81, -81, -82, -82, -81, -81, -81, -81, -81, -81, -81, -81, -80, -80, -80, -80, -80, -80, -82, -82, -83, -81, -81, -82, -81, -81, -81, -82, -82, -82, -81, 
9c:af:ca:48:e9:0e, 5825, PCCW, -83, -83, -83, -83, -83, -83, -83, -83, -83, -82, -82, -82, -82, -82, 
00:25:84:22:ef:4e, 5180, Universities WiFi, -75, -75, -75, -75, -75, -69, -72, -71, -70, -70, -72, -69, -69, -69, -70, -70, -70, -72, -72, -72, -72, -72, -70, -70, -70, -73, -73, -73, -73, -73, -74, -74, -74, -73, -73, -73, -73, -73, -76, -76, -76, -76, -76, -76, -76, -76, -76, -76, -76, -76, -76, -76, -75, -75, -75, -75, -73, -73, -73, -73, -73, 
00:23:eb:3a:16:a0, 2412, Alumni, -77, -77, -77, -77, -76, -76, -76, -76, -76, -76, -76, -76, -76, -76, -77, -77, -77, -77, -80, -80, -80, -80, -80, -80, -80, -80, -80, -80, 
00:25:84:23:1e:23, 2412, Alumni, -81, -81, -81, -81, -81, -77, -78, -78, -79, -79, -79, -79, -79, -80, -80, -80, -80, -80, -78, -78, -78, -78, -78, -80, -80, -78, -78, -78, -78, -78, -80, -80, -80, -80, -80, -77, -77, -77, -77, -77, -77, -77, -77, -77, -77, -77, -77, 
00:25:84:23:1e:22, 2412, eduroam, -81, -81, -81, -82, -82, -82, -82, -82, -79, -79, -79, -78, -78, -78, -78, -78, -81, -81, -81, -81, -81, -81, -80, -80, -80, -80, -80, -81, -81, -81, -81, -81, -82, -82, -82, -82, -82, -77, -77, -77, -77, -77, -81, -81, -81, -81, 
00:25:84:23:1e:21, 2412, Universities WiFi, -83, -83, -83, -83, -83, -80, -77, -78, -78, -81, -81, -81, -81, -81, -81, -81, -81, -81, -81, -82, -82, -82, -81, -81, -81, -81, -81, -77, -77, -78, -78, -78, -78, -78, -78, -78, -78, -78, 
00:25:84:22:ef:4f, 5180, sMobileNet, -74, -73, -74, -74, -74, -74, -74, -72, -72, -72, -72, -72, -71, -71, -72, -72, -72, -71, -71, -71, -71, -72, -72, -71, -71, -72, -74, -74, -74, -74, -73, -73, -73, -73, -73, -73, -73, -75, -75, -75, -75, -75, -75, -75, -73, -73, -73, -73, -73, -73, -73, -73, -73, -73, -74, -74, -74, -74, -74, -76, -76, -76, -73, -73, -73, -73, -73, 
00:23:eb:3a:0c:32, 2437, Universities WiFi, -70, -70, -70, -70, -70, -71, -71, -71, -75, -73, -73, -73, -73, -75, -75, -75, -75, -75, -72, -72, -74, -74, -74, -71, -71, -71, -71, -71, -68, -68, -65, -65, -69, -64, -65, -65, -67, -67, -67, -67, -67, -67, -67, -71, -71, -67, -68, -68, -68, -68, -64, -65, -67, -67, -71, -71, -68, -67, -67, -67, -67, -70, -63, -64, -64, -64, -64, -64, -70, -70, -70, -70, -70, -70, 
00:25:45:a4:15:1f, 5280, sMobileNet, -78, -78, -78, -78, -81, -81, -79, -78, -78, -78, -78, -78, -80, -78, -78, -78, -78, -78, -78, -78, -78, -78, -81, -81, -78, -78, -78, -78, -78, -78, 
00:1d:70:92:dc:b3, 2462, eduroam, -78, -78, -78, -78, -78, -77, -77, -77, -77, -79, -79, -79, -79, -79, -80, -80, -80, -80, -80, -78, -78, -78, -79, -79, -79, -79, -79, 
00:1d:70:92:dc:b5, 2462, Alumni, -80, -80, -78, -78, -78, -78, -78, -80, -80, -80, -80, -80, -77, -77, -77, -78, -78, -78, -78, -78, -80, -80, -80, -80, -80, 
00:1d:70:92:dc:b2, 2462, Universities WiFi, -81, -82, -82, -82, -82, -82, -80, -80, -80, -80, -80, -81, -81, -81, -81, -81, 
00:1d:70:92:dc:b1, 2462, PCCW, -78, -78, -78, -78, -78, -78, -78, -78, -77, -77, -77, -77, -77, -79, -79, -79, -79, -79, -81, -79, -79, -79, -79, -79, -81, -81, -81, -81, -81, -79, -79, -79, -79, -79, -80, -80, -80, -80, -80, 
00:25:84:22:ef:4d, 5180, eduroam, -72, -72, -75, -75, -75, -74, -74, -74, -74, -74, -71, -71, -71, -71, -71, -72, -72, -72, -72, -72, -71, -71, -73, -74, -74, -71, -71, -71, -73, -76, -76, -76, -76, -76, -71, -71, -71, -71, -71, -74, -74, -74, -75, -75, -75, -75, -75, -75, -75, -75, -75, -75, -75, -75, -77, -77, -77, -77, -77, -74, -74, -74, -75, -75, -76, -78, -78, -78, -78, 
00:25:84:23:1e:2d, 5240, eduroam, -75, -75, -75, -75, -75, -75, -75, -75, -76, -76, -76, -74, -74, -74, -74, -75, -75, -75, -75, -75, -76, -76, -76, -76, -76, -76, -76, -76, -75, -75, -75, -75, -75, 
00:25:84:23:1e:2f, 5240, sMobileNet, -76, -76, -75, -75, -75, -75, -75, -75, -75, -75, -78, -78, -78, -78, -78, -78, -78, -76, -76, -76, -76, -76, -76, -76, -75, -75, -75, -75, -75, 
00:25:84:23:1c:de, 5765, Universities WiFi, -83, -83, -83, -83, -83, -81, -81, -82, -82, -82, -82, -82, 
00:25:84:23:1c:dc, 5765, Alumni, -84, -84, -84, -84, -84, -84, -84, -84, -83, -83, -83, -83, -83, -83, -83, -83, -83, -83, 
00:25:84:23:1c:dd, 5765, eduroam, -84, -84, -83, -83, -83, -83, -83, -83, -81, -81, -83, -83, -83, -83, -83, 
00:25:84:23:1e:2c, 5240, Alumni, -75, -75, -75, -75, -75, -75, -75, -75, -78, -78, -78, -78, -78, -78, -78, -78, -78, -78, -74, -74, -74, -74, -74, -77, -77, -77, -78, -78, -78, -78, -78, 
00:23:eb:3a:29:20, 2412, sMobileNet, -74, -69, -69, -69, -66, -73, -74, -74, -69, -69, -69, -69, -69, -69, -72, -72, -70, -70, -70, -69, -69, -72, -72, -71, -71, -75, -75, -70, -69, -69, -69, -76, -74, -74, -74, -69, -71, -71, -71, -72, -72, -72, -68, -68, -68, -66, -69, -69, -72, -72, -72, -68, -68, -69, -67, -66, -67, -67, -67, -67, -64, -72, -72, -72, -68, -68, -67, -67, -71, -71, -71, -70, -69, -69, -64, -64, -64, -64, -64, -64, -65, -68, -68, -66, -68, -68, -68, -68, -68, -67, -67, -69, -68, -69, -72, -67, 
00:25:84:22:ef:42, 2462, eduroam, -75, -74, -74, -74, -74, -74, -73, -73, -73, -73, -75, -75, -75, -75, -75, -75, -75, -75, -75, -75, -78, -78, -78, -78, -78, 
00:25:84:22:ef:43, 2462, Alumni, -76, -76, -76, -76, -76, -73, -73, -73, -73, -73, -74, -74, -74, -74, -74, -75, -75, -75, -75, -75, -78, -78, -78, -78, -78, -81, -81, -81, -81, -81, -73, -73, -73, -73, -73, -82, -82, -82, -82, -82, 
2c:b0:5d:97:26:a0, 2457, room7341_AV, -87, -87, -87, -87, -87, -87, -87, -87, -87, -87, -86, -86, -86, -86, -86, -90, -90, -90, -90, -90, -89, -89, -89, -89, -89, -86, -86, -86, -84, -84, -84, -84, -84, -86, -86, -86, -86, -86, -80, -80, -80, 
ec:c8:82:7a:de:64, 2437, eduroam, -68, -68, -67, -67, -67, -67, -69, -69, -69, -69, -69, -65, -65, -66, -66, -66, -66, -66, -65, -65, -66, -66, -66, -66, -66, -75, -71, -71, -71, -71, -71, -69, -69, -69, -69, -73, -73, -73, -73, -74, -74, -74, -74, -70, -70, -70, -70, -67, -67, -67, -65, -70, -72, -72, -75, -74, -74, -73, -73, -73, -73, -73, -69, -69, -67, -67, -67, -67, -67, -67, -73, -73, -73, -73, 
00:23:eb:3a:16:a2, 2412, sMobileNet, -78, -78, -78, -80, -79, -79, -79, -79, -79, -77, -77, -77, -77, -77, -78, -78, -78, -78, -78, -76, -76, -80, -80, -80, -80, -80, -80, -80, -80, -80, -80, -80, -80, -80, -80, -80, 
ec:c8:82:7a:df:65, 2412, Alumni, -54, -54, -54, -54, -54, -54, -53, -54, -54, -54, -54, -54, -54, -54, -54, -54, -54, -54, -56, -56, -56, -65, -65, -65, -57, -53, -53, -52, -53, -52, -52, -52, -52, -52, -56, -56, -56, -56, -56, -61, -61, -61, -61, -61, -61, -61, -61, -61, -61, -65, -65, -65, -65, -65, -62, -62, -62, -62, -62, -66, -60, -60, 
ec:c8:82:7a:dc:52, 2462, Universities WiFi, -64, -64, -64, -64, -65, -65, -65, -62, -58, -58, -58, -58, -57, -57, -57, -57, -59, -59, -58, -57, -57, -57, -57, -57, -56, -56, -56, -56, -56, -59, -59, -59, -58, -58, -61, -61, -61, -63, -63, -63, -64, -64, -64, -65, -65, -65, -65, -65, -69, -69, -72, -72, -72, -68, -67, -67, -67, -67, -67, -69, -69, -69, -69, -69, -69, -69, -66, -66, -66, -66, -66, -69, -69, -67, -68, -68, -64, -64, -64, -64, -64, -66, 
30:37:a6:a5:3e:02, 2412, Universities WiFi, -80, -80, -80, -80, -80, -81, -81, -81, -81, -81, -75, -75, -75, -75, -75, -84, -84, -84, -84, -84, -75, -75, -75, -75, -75, -75, -75, -75, 
34:bd:c8:ad:b2:b1, 2412, PCCW, -78, -78, -78, -78, -78, -76, -79, -75, -75, -75, -77, -77, -75, -75, -75, -75, -75, -78, -78, -78, -80, -72, -72, -72, -72, -77, -77, -77, -77, -77, -75, -69, -69, -69, -69, -73, -73, -73, -73, -73, -73, -73, -69, -69, -69, -69, -69, -69, -68, -68, -68, -68, -68, -73, -73, -73, -73, -79, -79, -79, -75, -75, -72, -72, -72, -72, -70, -73, -72, -72, -72, -72, -72, -73, -73, -72, -73, -73, -73, -75, -75, -74, 
00:25:84:23:1c:df, 5765, sMobileNet, -84, -84, -84, -84, -84, -84, -84, -84, -84, -84, -84, 
00:23:eb:3a:15:b0, 2437, sMobileNet, -63, -62, -61, -61, -59, -59, -63, -63, -63, -63, -63, -63, -62, -62, -62, -63, -63, -63, -63, -63, -63, -63, -63, -63, -63, -61, -61, -65, -65, -65, -65, -62, -62, -62, -62, -62, -64, -64, -69, -69, -69, -67, -67, -67, -67, -67, -67, -67, -63, -63, -63, -63, -61, -61, -61, -61, -61, -62, -62, -62, -62, -62, -62, -62, -62, -62, -62, -62, -67, -67, -67, -67, -67, -63, -63, -63, -63, -63, -63, -63, -63, -63, -63, -63, -63, 
30:37:a6:a5:3e:01, 2412, PCCW, -78, -78, -78, -78, -78, -78, -78, -81, -81, -80, -80, -80, -79, -79, -79, -79, -79, -80, -80, -77, -76, -76, -76, -76, -76, -76, -77, -77, -77, -77, -77, -75, -77, -75, -75, -75, -75, -74, -74, -76, -75, -75, -75, -75, -75, -75, -75, -75, -75, -75, -75, -75, -75, -75, -75, -76, -76, -76, -76, -76, -77, -77, -77, -77, -75, -75, -75, 
ec:c8:82:7a:de:62, 2437, Universities WiFi, -67, -66, -66, -66, -66, -66, -65, -65, -65, -65, -65, -65, -65, -65, -65, -65, -65, -68, -68, -71, -71, -71, -71, -71, -71, -71, -71, -69, -68, -68, -66, -66, -65, -65, -65, -65, -65, -75, -75, -75, -75, -75, -71, -71, -71, -67, -67, -67, -69, -69, -69, -69, -69, -69, 
00:25:84:23:20:20, 2412, sMobileNet, -75, -75, -75, -75, -75, -79, -79, -79, -79, -79, -80, -80, -80, -80, -80, -74, -74, -74, -74, -74, -81, -81, -81, -81, -71, -71, -71, -72, -72, -72, -72, -72, -72, -72, -72, -75, -72, -72, -71, -71, -71, -71, -74, -74, -74, -74, -74, -74, -72, -72, -72, -73, -73, -72, -72, -72, -70, -69, -71, -71, -71, -72, -72, -72, -72, -70, -69, -68, -68, -68, -69, -71, -70, -70, -70, -70, 
00:25:84:22:f7:31, 2462, Universities WiFi, -78, -78, -77, -77, -77, -77, -77, -78, -78, -78, -78, -78, -78, -78, -75, -75, -75, -79, -79, -79, -79, -79, -82, -82, -82, -80, -80, -80, -80, -80, -79, -79, -79, -79, -79, -77, -77, -77, -77, -77, 
30:37:a6:a5:3e:03, 2412, eduroam, -81, -81, -81, -82, -83, -83, -83, -83, -83, -84, -84, -84, -84, -84, -78, -78, -78, -78, -78, 
34:bd:c8:ad:b2:b4, 2412, eduroam, -71, -71, -71, -71, -71, -77, -77, -77, -77, -77, -79, -79, -79, -79, -79, -79, -79, -79, -79, -73, -73, -73, -73, -73, -75, -75, -75, -75, -75, -75, -77, -75, -75, -75, -75, -75, -73, -73, -73, -73, -73, 
00:25:84:22:f7:3f, 5320, sMobileNet, -79, -79, -79, -79, -79, -79, -79, -79, -79, -79, 
00:23:eb:3a:15:c0, 2412, sMobileNet, -80, -80, -80, -80, -80, -81, -81, -81, -81, -81, -81, -81, -81, -81, 
00:25:84:22:fb:a1, 2462, Universities WiFi, -81, -81, -81, -81, -81, -83, -83, -83, -83, -82, -82, -82, -82, -83, -83, -83, -83, -83, -79, -79, -79, -79, -79, -79, -79, -75, -75, -75, -73, -73, -73, -73, -73, -74, -74, -74, -74, -74, -74, -73, -73, -75, -75, -75, -75, -76, -76, -75, -74, -74, -74, -76, -76, -76, -75, -75, -75, -75, -75, -75, -75, -77, -76, -75, -75, -77, -77, -77, -77, -77, -76, -76, -75, -75, -76, -76, -76, -76, -76, 
00:1d:70:92:dc:ba, 5240, Alumni, -76, -76, -76, -76, -76, 
34:bd:c8:db:a8:13, 2412, eduroam, -81, -81, -81, -81, -81, -82, -82, -82, -82, -82, 
00:1d:70:92:dc:be, 5240, PCCW, -78, -78, -78, -78, -78, 
00:1d:70:92:dc:b0, 2462, Y5ZONE, -80, -80, -80, -80, -80, -80, -80, -80, -83, -83, -83, -83, -83, -78, -78, -78, -78, -84, -84, -84, -84, -84, 
00:25:84:86:6c:51, 2412, PCCW, -81, -81, -81, -81, -81, -80, -80, 
00:25:84:22:fb:a0, 2462, sMobileNet, -80, -80, -80, -80, -80, -82, -81, -81, -81, -81, -81, -81, -81, -81, -81, -80, -80, -80, -81, -82, -82, -82, -82, -82, -76, -78, -77, -77, -77, -76, -76, -76, -76, -75, -74, -76, -76, -76, -74, -75, -76, -76, -76, -76, -76, -76, -76, -76, -75, -76, -76, -76, -76, -76, -76, -76, -76, -76, -77, -77, -77, -77, -77, -77, -77, -78, -78, -80, -80, -79, -78, -78, -78, -78, -78, -78, -78, -78, 
34:bd:c8:db:a8:12, 2412, Universities WiFi, -81, -81, -81, -81, -81, -80, -77, -77, -77, -77, -77, 
00:25:84:22:f9:e0, 2412, sMobileNet, -79, -79, -79, -79, -78, -78, -78, -78, -79, -77, -77, -78, -78, -78, -78, -78, -81, -81, -81, -81, -81, -81, -81, 
34:bd:c8:db:a8:15, 2412, Alumni, -79, -79, -79, -79, -79, 
a0:f3:c1:98:9b:44, 2462, ustrobotics, -85, -82, -82, -82, -80, -80, -80, -80, -80, -77, -77, -81, -81, -81, -81, -81, -80, -84, -84, -84, -84, -84, -85, -85, -85, -85, -85, -85, -85, -85, -85, -85, -84, -84, -84, -84, -84, -84, -82, -82, -82, -82, -82, 
30:37:a6:a5:3e:00, 2412, Y5ZONE, -79, -79, -79, -79, -79, -79, -76, -76, -76, -76, -76, -76, -76, -76, -81, -76, -79, -79, -79, -79, -79, -81, -81, -81, -81, -81, -75, -75, -75, -75, -75, -75, -75, -75, -75, -74, -74, -74, -74, -74, -78, -78, -78, -77, -77, -77, -77, -78, -78, 
34:bd:c8:ad:b2:b0, 2412, sMobileNet, -75, -75, -75, -75, -75, -72, -72, -72, -72, -69, -69, -69, -73, -73, -74, -72, -72, -72, -72, -72, -77, -77, -77, -77, -77, -76, -76, -76, -76, -76, -73, -73, -73, -73, -73, -73, -72, -72, -74, -74, -74, -74, -72, -72, 
30:37:a6:a5:3e:05, 2412, Alumni, -78, -78, -78, -78, -78, -77, -77, -77, -77, -77, -75, -75, -75, -75, -75, -78, -78, -78, -78, -78, -78, -78, -78, -78, -78, -75, -75, -75, -75, -75, -77, -77, -77, -77, -76, -76, -76, -76, -76, -76, 
00:23:cd:1b:08:88, 2427, TP-LINK_1B0888, -88, -88, -88, -88, -88, 
34:bd:c8:db:54:04, 2437, eduroam, -74, -74, -74, -74, -74, -78, -78, -78, -78, -78, -75, -75, -76, -76, -76, -76, -76, -72, -72, -72, -72, -75, -76, -76, -75, -75, -75, -75, -74, -74, -75, -75, -72, -72, -74, -74, -74, -74, -73, -73, -73, -73, -73, -73, -73, -73, 
58:bc:27:5d:de:5f, 5200, Y5ZONE, -78, -78, -78, -78, -78, -77, -77, -76, -76, -76, -76, -76, 
00:25:84:23:1e:6e, 5280, Universities WiFi, -81, -81, -81, -81, -81, 
00:25:84:23:20:21, 2412, Universities WiFi, -77, -74, -74, -74, -74, -74, -77, -77, -77, -77, -77, -77, -73, -70, -70, -70, -70, -70, -71, -71, -71, -71, -70, -71, -71, -71, -73, -73, -70, -71, -71, -71, -71, -71, -72, -72, -71, -71, -71, -71, -71, -71, -71, -71, -69, -69, -68, -70, -71, -71, -71, -71, -71, -71, -68, -68, -67, -67, -67, -69, -68, -68, -68, -68, 
34:bd:c8:db:a8:10, 2412, Y5ZONE, -79, -79, -79, -79, -79, -79, -77, -77, -82, -82, -82, -82, -82, 
00:25:84:22:f5:3f, 5765, sMobileNet, -84, -84, -84, -84, -84, 
00:23:04:c8:5c:c0, 2437, sMobileNet, -80, -80, -80, -80, -80, 
00:e0:4c:81:86:86, 2442, RTL8186-default, -87, -87, -87, -87, -87, -87, -87, -87, -87, -87, -87, -87, -87, -87, -87, -87, 
00:25:84:22:f7:3e, 5320, Universities WiFi, -78, -78, -78, -78, -78, -79, -79, -79, -79, -79, 
a4:17:31:3e:05:fe, 2412, HP-Print-fe-LaserJet 400 M401dw, -91, -91, -91, -93, -89, -89, -89, -89, -89, -95, -95, -95, -95, -95, -92, -92, -92, -92, -91, -91, -91, -91, -91, -94, -94, -93, -93, -93, -93, -91, -91, -91, -91, 
00:25:84:23:20:2f, 5805, sMobileNet, -80, -80, -80, -80, -80, 
c8:be:19:8c:ff:fe, 2432, toutou1, -95, -95, -95, -95, -95, -91, -91, -91, -91, -91, 
00:23:eb:3a:0d:73, 2462, Y5ZONE, -80, -80, -80, -80, -80, -78, -78, -78, -78, -78, -78, -78, -78, -78, -78, -78, 
00:23:eb:3a:16:ae, 5200, eduroam, -75, -75, -75, -75, -75, 
9c:af:ca:48:e9:0a, 5825, Alumni, -84, -84, -84, -84, -84, -82, -82, -82, -82, -82, -82, 
9c:af:ca:48:e9:0b, 5825, sMobileNet, -84, -84, -84, -84, -83, -83, -83, -83, -83, -83, 
9c:af:ca:48:e9:0d, 5825, Universities WiFi, -84, -84, -84, -84, -84, -83, -83, -83, -83, -83, 
9c:af:ca:48:e9:0c, 5825, eduroam, -83, -83, -81, -81, -81, -81, -81, -81, 
00:23:eb:3a:0d:70, 2462, sMobileNet, -79, -79, -79, -79, -79, 
9c:af:ca:48:e9:0f, 5825, Y5ZONE, -82, -82, -82, -82, -82, -82, 
00:25:84:86:6c:53, 2412, Y5ZONE, -82, -82, -82, -82, -82, -79, -79, 
00:23:eb:3a:0d:75, 2462, Alumni, -78, -78, -78, -78, -78, 
00:23:eb:3a:0d:72, 2462, Universities WiFi, -78, -78, -78, -78, -78, 
00:25:84:86:6c:54, 2412, eduroam, -84, -84, -84, -84, -84, 
0a:94:5c:a7:35:8c, 2412, hpsetup, -81, -79, -83, -82, -83, -75, -74, -74, -86, -86, -86, -86, -86, -84, -84, -84, -84, 
58:bc:27:5d:de:5a, 5200, Alumni, -77, -77, -77, -77, -76, -76, -76, -76, -77, -77, -77, -77, -77, 
00:23:eb:3a:15:cf, 5260, sMobileNet, -79, -79, -79, -79, -79, 
58:bc:27:5d:de:5b, 5200, sMobileNet, -77, -77, -77, -77, -77, -78, -78, -78, -78, -78, 
00:1d:70:92:dc:b4, 2462, sMobileNet, -81, -81, -81, -81, -81, 
90:72:40:16:f6:37, 5180, PAO, -77, -77, -77, -77, -77, -77, -77, -77, -77, -77, 
58:bc:27:5d:de:5c, 5200, eduroam, -76, -76, -76, -76, -78, -78, -78, -78, -77, -77, -76, -76, -76, -76, -76, 
00:23:eb:3a:0d:71, 2462, PCCW, -78, -78, -78, -78, -78, 
58:bc:27:5d:de:5d, 5200, Universities WiFi, -76, -76, -76, -76, -76, -76, -76, -76, -76, -76, 
8e:71:73:8c:c7:38, 2412, hpsetup, -88, -88, -88, -88, -88, -87, -83, -87, -86, -86, -86, -86, -86, -86, -86, -86, 
58:bc:27:5d:de:5e, 5200, PCCW, -77, -77, -77, -78, -78, -78, -78, -78, -77, -77, -77, -77, -77, 
50:f5:20:ba:8d:85, 2412, , -91, -91, -91, -91, -84, -84, -78, -78, -78, -74, -74, -74, -74, -74, -80, -82, -83, -83, -83, -83, 
90:f6:52:39:85:50, 2427, MERCURY_398550, -92, -92, -92, -92, -92, -92, -92, -92, -92, 
00:25:84:22:f7:30, 2462, sMobileNet, -74, -74, -74, -74, -75, -75, 
00:25:45:a4:15:10, 2462, sMobileNet, -81, -81, -81, -81, -81, 
00:23:eb:3a:0d:74, 2462, eduroam, -82, -82, -82, -82, 
00:25:45:a4:73:f0, 2437, sMobileNet, -80, 
