00:23:eb:3a:0c:32, 2437, Universities WiFi, -78, -78, -78, -71, -71, -71, -71, -71, -70, -70, -70, -70, -71, -71, -71, -71, -71, -71, -72, -72, -72, -72, -71, -71, -71, -71, -75, -75, -75, -75, -72, -72, -70, -71, -70, -70, -70, -70, -71, -70, -70, -70, -70, -70, -70, -72, -70, -70, -70, -70, -71, -71, -71, -71, 
00:23:eb:3a:0c:34, 2437, eduroam, -79, -79, -79, -71, -71, -71, -71, -70, -70, -70, -70, -71, -71, -71, -71, -71, -71, -70, -70, -70, -70, -70, -70, -70, -70, -70, -70, -70, -70, -70, -71, -72, -72, -72, -72, -72, -72, -69, -69, -69, -69, -71, -71, -71, -73, 
00:23:eb:3a:0c:33, 2437, Y5ZONE, -70, -70, -70, -70, -73, -73, -73, -71, -71, -71, -71, -69, -69, -69, -69, -69, -69, -69, -69, -69, -71, -71, -71, -71, -71, -71, -70, -70, -71, -70, -70, -72, -72, -72, -74, -77, -73, -70, -70, -71, -70, -71, -71, -69, -69, -71, -73, -73, -73, -73, -70, -72, -72, -72, -72, -72, -72, -72, -72, -69, -69, -69, -69, -77, -77, -77, -73, -73, -73, -73, -73, -69, -70, -72, -72, -72, -72, -71, -71, -71, -71, -70, -70, -70, -70, -70, -70, -70, -72, -72, -72, 
00:23:eb:3a:0c:31, 2437, PCCW, -72, -72, -72, -72, -72, -70, -70, -70, -71, -71, -70, -70, -69, -69, -69, -69, -69, -69, -69, -69, -69, -72, -72, -72, -72, -72, -72, -70, -71, -71, -71, -71, -71, -71, -71, -74, -74, -72, -69, -69, -69, -69, -70, -69, -69, -69, -70, -71, -71, -71, -71, -71, -71, -71, -74, -71, -71, -71, -71, -71, -69, -69, -69, -72, -74, -74, -74, -74, -71, -71, -71, -71, -69, -69, -69, -69, -71, -70, -70, -70, -70, -70, -69, -69, -69, -69, -69, -69, -69, -69, -69, -71, -71, -72, 
ec:c8:82:7a:dc:50, 2462, sMobileNet, -67, -73, -73, -73, -73, -73, -73, -73, -73, -73, -73, -73, -73, -73, -73, -73, -73, -73, -73, -73, -73, -73, -73, -73, -73, -73, -73, -73, -73, -73, -73, -73, -73, -73, -73, -73, -73, -73, -73, -73, -73, -73, -73, -73, -73, -73, -73, -73, -73, -73, -73, -73, -73, -73, -73, -73, -73, -73, -73, -73, -73, -73, -73, -73, -73, -73, -73, -73, -73, -73, -73, -73, -73, -73, -73, -73, -73, -73, -73, -73, -73, -73, -73, -73, -73, -73, -73, -73, -73, -73, -73, -73, -73, -73, -73, -73, -73, -73, -73, -73, 
ec:c8:82:7a:de:60, 2437, sMobileNet, -64, -64, -64, -64, -67, -67, -67, -67, -67, -68, -68, -68, -68, -68, -68, -65, -65, -65, -66, -66, -70, -70, -70, -70, -67, -67, -67, -67, -63, -66, -66, -66, -66, -66, -66, -66, -65, -65, -65, -65, -65, -65, -67, -67, -67, -63, -63, -66, -66, -66, -66, -70, -69, -63, -63, -62, -62, -62, -62, -63, -63, -63, -63, 
ec:c8:82:7a:e1:60, 2412, sMobileNet, -74, -74, -74, -66, -66, -66, -70, -70, -70, -70, -67, -67, -67, -67, -65, -65, -67, -67, -67, -67, -66, -66, -66, -66, -66, -66, -67, -67, -67, -67, -68, -68, -68, -68, -68, -68, -65, -65, -65, -65, -72, -72, -72, -67, -67, -67, -67, -68, -68, -68, -67, -67, -67, -67, -67, -67, 
ec:c8:82:7a:dc:51, 2462, PCCW, -68, -66, -63, -65, -65, -65, -68, -64, -64, -65, -66, -62, -62, -63, -63, -63, -63, -63, -63, -63, -63, -63, -63, -66, -66, -63, -64, -64, -64, -64, -67, -63, -64, -64, -64, -63, -64, -64, -64, -64, -64, -64, -63, -63, -64, -62, -66, -67, -65, -66, -66, -64, -63, -64, -64, -62, -64, -63, -63, -67, -65, -62, -62, -62, -64, -64, -64, -64, -63, -62, -63, -64, -68, -65, -66, -64, -64, -68, -68, -64, -64, -67, -63, -64, -66, -63, -67, -65, -65, -67, -67, -65, -65, -65, -66, -65, -65, -65, -65, -66, 
ec:c8:82:7a:de:61, 2437, PCCW, -62, -62, -69, -71, -71, -67, -71, -67, -68, -68, -65, -68, -68, -66, -67, -67, -67, -66, -68, -68, -68, -66, -67, -65, -66, -65, -67, -69, -69, -70, -67, -68, -67, -71, -68, -65, -65, -65, -66, -66, -71, -68, -71, -67, -67, -66, -66, -66, -63, -65, -65, -66, -66, -68, -66, -66, -66, -63, -63, -64, -66, -65, -65, -65, -67, -66, -65, -66, -66, -64, -62, -63, -65, -65, -65, -65, -65, -65, -65, -64, -68, -68, -61, -58, -60, -61, -61, -62, -66, -67, -63, -63, -63, -63, -67, -68, -65, -65, -65, -65, 
ec:c8:82:7a:e1:61, 2412, PCCW, -74, -70, -67, -66, -68, -68, -66, -66, -67, -67, -71, -67, -67, -67, -66, -66, -66, -66, -68, -67, -68, -68, -67, -67, -66, -65, -66, -68, -69, -69, -66, -69, -65, -66, -66, -66, -66, -66, -67, -65, -66, -66, -68, -71, -67, -66, -63, -63, -63, -67, -67, -65, -68, -68, -65, -67, -64, -68, -66, -66, -65, -65, -66, -65, -65, -65, -67, -68, -68, -68, -68, -68, -71, -68, -68, -66, -66, -70, -68, -66, -66, -67, -66, -67, -67, -67, -67, -68, -70, -68, -66, -67, -67, -68, -68, -67, -66, -66, -68, -71, 
ec:c8:82:7a:df:6d, 5180, Universities WiFi, -40, -38, -37, -37, -37, -37, -36, -36, -36, -36, -36, -36, -36, -36, -36, -36, -36, -37, -37, -37, -37, -36, -37, -37, -37, -36, -36, -36, -36, -36, -36, -42, -38, -38, -37, -37, -37, -37, -36, -36, -37, -37, -36, -36, -36, -36, -36, -36, -36, -36, -36, -36, -36, -36, -36, -37, -37, -37, -37, -36, -36, -36, -36, -36, -36, -36, -36, -36, -36, -36, -36, -36, -37, -36, -36, -37, -36, -37, -37, -37, -36, -36, -36, -36, -37, -37, -36, -36, -36, -36, -36, -37, -37, -47, -39, -36, -37, -37, -37, -37, 
ec:c8:82:7a:df:6a, 5180, Alumni, -40, -38, -38, -37, -37, -37, -36, -36, -36, -36, -36, -37, -37, -36, -36, -36, -36, -36, -37, -37, -36, -36, -37, -37, -37, -37, -38, -37, -37, -36, -36, -42, -38, -38, -38, -38, -36, -37, -37, -37, -37, -37, -37, -37, -37, -38, -36, -36, -36, -36, -37, -36, -37, -37, -36, -36, -36, -36, -36, -36, -36, -36, -36, -36, -36, -36, -36, -36, -36, -36, -36, -36, -36, -37, -37, -37, -37, -37, -37, -37, -36, -36, -36, -36, -36, -36, -36, -36, -37, -36, -36, -37, -37, -47, -39, -37, -37, -37, -37, -37, 
ec:c8:82:7a:df:6f, 5180, sMobileNet, -41, -40, -39, -38, -38, -38, -36, -36, -37, -37, -37, -38, -38, -37, -37, -37, -37, -38, -38, -38, -38, -37, -38, -38, -38, -38, -38, -38, -38, -37, -37, -44, -40, -39, -38, -38, -38, -38, -37, -36, -38, -38, -38, -38, -38, -38, -38, -37, -37, -38, -38, -38, -38, -38, -36, -38, -38, -38, -38, -37, -37, -37, -38, -38, -38, -38, -36, -37, -37, -37, -37, -37, -38, -38, -38, -38, -37, -38, -38, -38, -37, -37, -37, -37, -37, -38, -38, -36, -36, -36, -36, -38, -38, -49, -40, -38, -38, -38, -38, -38, 
ec:c8:82:7a:df:6b, 5180, eduroam, -42, -41, -40, -39, -39, -39, -38, -38, -38, -38, -38, -39, -39, -38, -38, -38, -38, -38, -39, -39, -39, -37, -38, -39, -39, -39, -39, -39, -39, -38, -38, -42, -39, -39, -39, -39, -39, -39, -38, -38, -38, -38, -38, -38, -38, -39, -39, -39, -39, -39, -39, -39, -39, -39, -38, -37, -38, -39, -36, -38, -38, -38, -38, -38, -38, -39, -38, -38, -38, -38, -38, -38, -39, -38, -38, -37, -38, -39, -39, -39, -36, -37, -38, -38, -39, -39, -38, -38, -38, -38, -38, -37, -39, -50, -38, -38, -39, -39, -39, -37, 
ec:c8:82:7a:df:65, 2412, Alumni, -39, -39, -39, -39, -36, -36, -36, -36, -39, -39, -39, -39, -39, -39, -39, -40, -40, -40, -40, -40, -40, -40, -39, -39, -39, -39, -39, -39, -38, -38, -38, -38, -38, -38, -38, -38, -38, -38, -37, -39, -39, -39, -39, -41, -41, -41, -41, -38, -38, -38, -38, -38, -38, -38, -38, -40, -40, -38, -37, -37, -37, -37, -38, -38, -38, -37, -37, -37, -37, -38, -38, -38, -38, -38, -38, -38, -38, -39, -39, -39, 
ec:c8:82:7a:3f:dd, 5240, Universities WiFi, -60, -60, -60, -60, -74, -73, -73, -74, -74, -74, -71, -71, -73, -73, -73, -73, -73, -73, -73, -73, -75, -75, -75, -73, -73, -73, -73, -73, -75, -72, -72, -72, -72, -72, -74, -74, -74, -74, -72, -72, -72, -72, -72, -71, -71, -71, -71, -74, -74, -74, -74, -72, -72, -72, -72, -70, -70, -70, -70, -69, -71, -71, -71, -71, -71, -71, -73, -73, -73, -73, -73, -73, -73, -73, 
ec:c8:82:7a:3f:da, 5240, Alumni, -60, -60, -60, -60, -77, -73, -73, -73, -73, -73, -73, -75, -75, -75, -74, -74, -74, -73, -73, -73, -74, -74, -74, -74, -73, -73, -73, -73, -73, -73, -73, -73, -74, -74, -74, -74, -74, -70, -74, -74, -74, -74, -72, -74, -74, -74, -74, -75, -75, -75, -75, 
ec:c8:82:7a:3f:df, 5240, sMobileNet, -62, -62, -62, -62, -71, -71, -71, -71, -75, -75, -75, -75, -76, -76, -76, -75, -75, -75, -75, -74, -75, -75, -75, -75, -74, -74, -76, -73, -73, -73, -73, -73, -73, -73, -73, -72, -72, -68, -68, -73, -73, -73, -73, -73, -73, -77, -75, -75, -75, -75, -76, -76, -76, -76, -76, -76, -74, -74, -74, -74, -74, -74, -74, -74, -73, -72, -72, -72, -72, -78, -74, -74, -74, -74, -75, -75, -75, -75, 
ec:c8:82:7a:3f:db, 5240, eduroam, -63, -63, -63, -63, -70, -74, -74, -74, -72, -72, -72, -72, -76, -76, -76, -76, -76, -76, -76, -75, -75, -74, -74, -74, -74, -74, -74, -74, -72, -72, -72, -72, -72, -75, -75, -75, -72, -72, -72, -72, -76, -72, -72, -72, -72, -76, -76, -76, -76, -73, -73, -73, -73, -71, -71, -71, -71, -70, -70, -70, -70, -70, -76, -72, -72, -72, -72, -73, -73, -73, -73, -73, -73, -73, 
ec:c8:82:7a:dc:55, 2462, Alumni, -60, -60, -61, -61, -61, -61, -66, -66, -66, -66, -63, -66, -66, -66, -66, -70, -70, -70, -65, -65, -65, -65, -63, -63, -63, -63, -63, -63, -63, -68, -68, -68, -68, -70, -67, -66, -66, -66, -66, -67, -67, -67, -67, -67, -67, -67, -68, -68, -68, -68, -72, -68, -68, -68, -67, -69, -69, -69, -69, -70, -66, -66, -66, -66, -66, -66, -70, -70, -70, -70, -66, -66, -66, -66, 
00:23:eb:3a:0c:3d, 5260, Universities WiFi, -65, -71, -71, -71, -71, -71, -72, -72, -72, -74, -74, -74, -75, -74, -74, -71, -70, -70, -73, -74, -74, -73, -73, -72, -72, -71, -73, -73, -74, -75, -71, -73, -73, -75, -73, -73, -71, -70, -74, -75, -75, -74, -74, -74, -75, -73, -73, -72, -71, -71, -71, -71, -70, -70, -72, -72, -70, -70, -69, -71, -70, -70, -70, -72, -71, -69, -68, -70, -70, -71, -72, -72, -72, -70, -70, -70, -72, -72, -72, -70, -72, -71, -75, -73, -72, -72, -72, -72, -72, -72, -74, -73, -72, -70, -74, -72, -72, -70, -73, -73, 
00:23:eb:3a:0c:3b, 5260, eduroam, -66, -72, -73, -73, -73, -73, -73, -73, -73, -74, -74, -74, -74, -74, -74, -72, -71, -74, -75, -75, -75, -75, -75, -73, -73, -71, -73, -74, -74, -75, -73, -73, -73, -74, -73, -73, -73, -71, -71, -75, -75, -73, -73, -71, -74, -73, -74, -73, -70, -73, -73, -73, -73, -71, -72, -72, -72, -71, -71, -71, -71, -70, -71, -73, -71, -70, -70, -72, -69, -72, -74, -73, -73, -70, -70, -70, -72, -74, -72, -70, -72, -70, -71, -71, -73, -72, -72, -71, -72, -73, -74, -70, -71, -69, -73, -70, -72, -71, -73, -73, 
ec:c8:82:7a:3f:d5, 2462, Alumni, -62, -62, -62, -66, -66, -66, -66, -67, -67, -68, -68, -68, -68, -68, -65, -65, -65, -65, -71, -67, -67, -65, -65, -65, -65, -65, -65, -65, -65, -70, -70, -66, -66, -70, -70, -70, -70, -70, -68, -67, -67, -67, -66, -66, -66, -66, -67, -65, -68, -68, -68, -68, -65, -65, -65, -65, -65, 
00:23:eb:3a:0c:3f, 5260, sMobileNet, -67, -71, -73, -73, -73, -73, -74, -74, -74, -75, -75, -75, -75, -75, -76, -72, -71, -74, -72, -75, -75, -76, -75, -76, -74, -73, -75, -74, -77, -76, -75, -75, -75, -76, -74, -77, -74, -71, -77, -78, -78, -76, -76, -73, -76, -76, -75, -74, -72, -73, -74, -74, -72, -72, -75, -73, -72, -71, -71, -72, -72, -70, -72, -73, -73, -71, -71, -71, -71, -75, -75, -73, -73, -73, -72, -72, -72, -72, -72, -70, -72, -71, -75, -73, -76, -74, -74, -72, -72, -73, -73, -73, -71, -70, -74, -74, -75, -73, -75, -75, 
00:23:eb:3a:0c:3a, 5260, Alumni, -67, -72, -72, -72, -73, -75, -72, -72, -73, -75, -75, -75, -76, -75, -75, -71, -71, -72, -73, -77, -77, -77, -77, -74, -74, -73, -76, -73, -74, -76, -72, -73, -74, -75, -72, -74, -72, -72, -75, -75, -75, -74, -74, -74, -74, -74, -73, -71, -71, -71, -71, -72, -70, -70, -73, -71, -71, -71, -70, -71, -71, -70, -71, -74, -73, -70, -71, -71, -71, -72, -72, -73, -73, -71, -71, -71, -72, -73, -73, -69, -73, -70, -70, -72, -73, -73, -73, -70, -71, -72, -72, -72, -72, -70, -76, -76, -72, -72, -74, -73, 
ec:c8:82:7a:de:65, 2437, Alumni, -63, -63, -63, -63, -67, -65, -65, -65, -65, -68, -68, -68, -68, -68, -66, -66, -66, -66, -68, -68, -68, -68, -63, -63, -63, -63, -66, -64, -67, -67, -67, -65, -65, -65, -65, -64, -64, -64, -64, -62, -62, -62, -66, -67, -67, -67, -67, -67, -67, -67, -73, -73, -60, -60, -61, -61, -61, -65, -65, -65, -65, -65, -65, -65, 
34:bd:c8:e3:3b:2f, 5320, eduroam, -69, -71, -70, -70, -69, -68, -68, -68, -69, -69, -69, -69, -72, -69, -69, -69, -68, -68, -68, -68, -68, -68, -68, -68, -68, -68, -68, -68, -68, -68, -68, -68, -68, -68, -68, -68, -68, -68, -68, -68, -68, -68, -68, -68, -68, -68, -69, -69, -69, -69, -68, -68, -68, -68, -68, -68, -68, -68, -69, -68, -68, -69, -68, -68, -70, -69, -69, -69, -68, -68, -67, -67, -67, -67, -67, -67, -67, -67, -70, -69, -68, -68, -68, -68, -68, -69, -69, -73, -73, -77, -69, -69, -71, -69, -69, -69, -67, -67, -67, -68, 
34:bd:c8:e3:3b:2c, 5320, Universities WiFi, -70, -70, -70, -70, -70, -69, -69, -69, -70, -69, -69, -69, -73, -69, -69, -69, -69, -69, -69, -69, -69, -69, -69, -69, -68, -68, -68, -68, -68, -68, -68, -68, -68, -68, -68, -68, -68, -68, -68, -68, -68, -68, -68, -69, -70, -69, -69, -69, -70, -69, -68, -68, -68, -68, -68, -68, -68, -68, -69, -68, -68, -69, -68, -68, -69, -69, -69, -69, -68, -69, -69, -67, -67, -68, -68, -68, -68, -68, -69, -69, -68, -68, -68, -68, -68, -70, -74, -74, -73, -73, -68, -68, -69, -69, -69, -68, -68, -68, -67, -68, 
ec:c8:82:7a:e1:6a, 5805, Alumni, -70, -70, -72, -73, -73, -73, -69, -73, -73, -76, -75, -75, -74, -74, -74, -74, -74, -70, -70, -71, -69, -70, -70, -72, -73, -69, -69, -73, -69, -71, -71, -71, -72, -73, -70, -70, -72, -71, -69, -69, -70, -71, -70, -70, -75, -75, -73, -74, -74, -74, -70, -74, -72, -72, -72, -74, -74, -70, -70, -72, -73, -72, -71, -73, -71, -72, -72, -72, -72, -72, -70, -74, -70, -70, -70, -70, -71, -71, -71, -74, -70, -71, -74, -75, -72, -73, -71, -70, -71, -70, -70, -72, -73, -75, -75, -75, -75, -75, -75, -72, 
34:bd:c8:e3:3b:2e, 5320, Alumni, -70, -71, -71, -71, -70, -70, -70, -70, -71, -70, -70, -70, -74, -70, -70, -70, -70, -70, -70, -70, -70, -70, -69, -69, -69, -69, -69, -69, -69, -69, -69, -71, -69, -69, -69, -69, -69, -70, -70, -70, -70, -70, -70, -70, -71, -70, -70, -71, -71, -69, -69, -69, -69, -69, -69, -69, -69, -69, -69, -69, -69, -70, -70, -70, -70, -70, -70, -70, -70, -70, -69, -69, -69, -69, -69, -69, -69, -71, -71, -70, -70, -70, -70, -70, -70, -71, -77, -74, -72, -72, -68, -69, -69, -69, -69, -69, -69, -69, -69, -70, 
ec:c8:82:7a:e1:6f, 5805, sMobileNet, -71, -73, -73, -73, -73, -74, -69, -73, -74, -75, -74, -74, -72, -73, -73, -72, -72, -69, -69, -71, -71, -70, -69, -73, -74, -70, -69, -72, -70, -71, -70, -71, -72, -72, -72, -69, -72, -72, -69, -69, -70, -70, -70, -71, -73, -73, -73, -77, -76, -74, -70, -74, -71, -72, -74, -73, -74, -70, -69, -69, -72, -70, -71, -72, -72, -73, -73, -73, -73, -73, -70, -74, -72, -70, -69, -71, -71, -71, -74, -74, -70, -71, -75, -75, -71, -74, -72, -69, -72, -70, -72, -74, -73, -74, -74, -74, -74, -74, -77, -73, 
34:bd:c8:e3:3b:2d, 5320, sMobileNet, -71, -71, -72, -72, -70, -70, -70, -70, -71, -70, -70, -70, -74, -70, -71, -70, -70, -70, -70, -70, -70, -70, -70, -70, -70, -69, -69, -69, -69, -69, -69, -70, -70, -70, -70, -70, -70, -70, -70, -70, -70, -70, -70, -70, -71, -71, -71, -70, -70, -70, -70, -70, -70, -69, -69, -69, -69, -70, -70, -70, -69, -71, -70, -71, -71, -71, -70, -70, -70, -70, -69, -69, -69, -69, -69, -69, -69, -71, -71, -70, -70, -69, -69, -69, -70, -71, -76, -75, -73, -73, -69, -69, -70, -70, -70, -70, -70, -69, -68, -70, 
00:25:84:22:ef:4d, 5180, eduroam, -71, -71, -71, -71, 
00:25:84:22:ef:4e, 5180, Universities WiFi, -71, -71, -71, -71, 
ec:c8:82:7a:e1:6b, 5805, eduroam, -71, -74, -74, -73, -72, -71, -68, -72, -73, -73, -73, -73, -72, -72, -72, -72, -73, -69, -69, -70, -69, -70, -69, -69, -73, -68, -68, -70, -69, -70, -70, -72, -72, -70, -68, -68, -70, -70, -69, -69, -69, -69, -69, -70, -72, -74, -72, -76, -75, -73, -69, -71, -73, -72, -72, -73, -73, -69, -69, -69, -71, -68, -69, -71, -71, -71, -71, -73, -73, -73, -71, -74, -71, -70, -69, -70, -70, -71, -71, -74, -70, -70, -72, -76, -70, -74, -74, -70, -71, -69, -69, -72, -72, -76, -74, -74, -74, -73, -75, -73, 
ec:c8:82:7a:e1:6d, 5805, Universities WiFi, -72, -74, -74, -73, -73, -73, -69, -72, -72, -75, -74, -72, -71, -71, -71, -72, -72, -69, -69, -69, -68, -69, -69, -71, -73, -69, -69, -69, -68, -71, -71, -71, -70, -70, -67, -67, -70, -67, -67, -67, -68, -70, -69, -70, -72, -72, -72, -72, -72, -72, -68, -70, -71, -70, -72, -72, -73, -71, -70, -71, -71, -69, -69, -72, -70, -71, -70, -72, -72, -73, -70, -74, -71, -69, -68, -71, -71, -71, -71, -72, -69, -69, -74, -74, -70, -76, -72, -72, -72, -71, -71, -73, -73, -70, -73, -75, -73, -72, -73, -73, 
ec:c8:82:7a:dc:5d, 5765, Universities WiFi, -72, -70, -70, -71, -75, -71, -71, -70, -72, -73, -71, -71, -71, -72, -72, -72, -73, -73, -74, -72, -69, -71, -71, -71, -71, -71, -71, -70, -74, -73, -71, -72, -71, -72, -73, -72, -72, -72, -70, -71, -71, -71, -73, -73, -73, -76, -76, -73, -75, -75, -72, -70, -72, -71, -71, -70, -70, -70, -71, -74, -73, -73, -72, -71, -70, -70, -70, -70, -70, -71, -71, -69, -71, -71, -71, -71, -72, -75, -71, -71, -71, -73, -73, -74, -73, -73, -70, -70, -71, -71, -69, -69, -69, -73, -69, -73, -74, -74, -75, -73, 
ec:c8:82:7a:dc:5a, 5765, Alumni, -72, -72, -73, -74, -77, -73, -73, -72, -72, -73, -73, -72, -72, -72, -72, -72, -73, -72, -73, -73, -72, -73, -73, -73, -73, -74, -72, -72, -76, -76, -75, -73, -69, -70, -74, -74, -72, -74, -72, -72, -72, -72, -73, -73, -75, -75, -74, -74, -74, -74, -78, -72, -71, -70, -74, -70, -72, -71, -71, -72, -76, -74, -72, -72, -72, -72, -72, -71, -71, -71, -71, -71, -73, -73, -73, -73, -73, -75, -73, -72, -72, -74, -74, -75, -75, -75, -71, -73, -72, -72, -71, -71, -71, -76, -72, -74, -75, -75, -75, -74, 
ec:c8:82:7a:de:62, 2437, Universities WiFi, -68, -68, -68, -67, -67, -67, -66, -66, -66, -64, -64, -64, -64, -66, -66, -66, -66, -66, -66, -66, -66, -65, -65, -66, -66, -66, -66, -66, -66, -66, -66, -66, -66, -66, -66, -60, -60, -60, -60, -61, -62, -62, -62, -62, -63, -63, -63, -63, 
ec:c8:82:7a:dc:5b, 5765, eduroam, -73, -69, -71, -73, -75, -72, -71, -71, -74, -74, -73, -72, -74, -74, -73, -74, -73, -72, -75, -73, -69, -72, -72, -71, -73, -72, -72, -72, -75, -75, -73, -74, -72, -72, -74, -74, -73, -73, -72, -72, -71, -72, -72, -74, -74, -74, -75, -75, -76, -76, -74, -71, -71, -71, -74, -70, -70, -70, -72, -72, -73, -73, -71, -71, -71, -71, -71, -71, -71, -74, -71, -71, -73, -73, -72, -72, -72, -75, -72, -72, -72, -72, -74, -74, -73, -74, -70, -71, -72, -72, -71, -69, -71, -73, -72, -72, -74, -74, -76, -74, 
ec:c8:82:7a:dc:5f, 5765, sMobileNet, -73, -70, -72, -73, -76, -73, -71, -71, -73, -73, -73, -73, -73, -73, -72, -74, -73, -73, -74, -74, -72, -73, -72, -72, -74, -72, -69, -71, -77, -74, -74, -74, -72, -72, -76, -75, -74, -76, -75, -71, -71, -71, -75, -73, -73, -75, -74, -73, -77, -76, -77, -72, -74, -73, -73, -72, -69, -71, -72, -74, -74, -74, -73, -73, -72, -72, -71, -71, -71, -74, -72, -72, -72, -72, -72, -72, -74, -75, -72, -71, -71, -71, -72, -73, -75, -74, -70, -71, -71, -71, -71, -70, -72, -72, -70, -73, -74, -75, -75, -74, 
ec:c8:82:7a:de:64, 2437, eduroam, -69, -69, -69, -69, -69, -69, -69, -70, -70, -70, -70, -65, -65, -65, -65, -69, -69, -67, -67, -67, -67, -73, -73, -73, -73, -66, -66, -67, -67, -67, -69, -68, -68, -69, -69, -69, -64, -66, -66, -66, -66, -67, -67, -67, -67, -59, -59, -59, -61, -61, -67, -67, -64, -64, -64, -64, -68, 
00:25:84:22:f7:3f, 5320, sMobileNet, -74, -75, -75, -78, -76, -76, -76, -77, -76, -76, -76, -76, -76, -75, -75, -75, -76, -77, -77, -77, -78, -77, -75, -77, -76, -75, -77, -77, -77, -77, -76, -76, -76, -76, -76, -76, -77, -77, -77, -75, -76, -76, -76, -76, -76, -74, -75, -75, -75, -75, -78, -77, -76, -76, -77, -77, -77, -76, -76, -77, -77, -77, -77, -77, -77, -77, -77, -76, -77, -77, -75, -75, -77, -77, -77, -77, -75, -75, -76, -77, -76, -76, -77, -77, -77, -76, -76, -78, -77, -76, -76, -78, -78, -77, -77, -75, -75, -75, -76, 
00:23:eb:3a:15:bf, 5320, sMobileNet, -74, -76, -76, -75, -76, -76, -76, -76, -77, -77, -75, -75, -75, -75, -75, -75, -76, -76, -76, -76, -76, -76, -75, -75, -75, -75, -75, -75, -75, -75, -75, -75, -76, -75, -75, -75, -75, -77, -77, -76, -74, -76, -77, -78, -78, -77, -77, -77, -77, -78, -78, -76, -76, -77, -77, -76, -76, -77, -77, -75, -76, -76, -76, -76, -76, -76, -76, -77, -77, -76, -77, -77, -77, -77, -77, -77, -77, -77, -77, -77, -77, -76, -76, -78, -76, -78, -78, -78, -77, -76, -76, -76, -76, -76, -76, -76, -76, -76, 
00:25:84:22:f7:3e, 5320, Universities WiFi, -74, -75, -75, -78, -78, -76, -77, -75, -76, -75, -75, -75, -76, -75, -75, -75, -76, -76, -76, -76, -76, -76, -76, -76, -76, -76, -77, -76, -76, -76, -76, -76, -76, -76, -76, -76, -76, -76, -76, -76, -76, -76, -76, -76, -76, -74, -75, -75, -76, -78, -78, -77, -77, -77, -77, -76, -76, -76, -76, -76, -76, -76, -76, -76, -77, -77, -76, -76, -77, -77, -77, -75, -77, -76, -76, -76, -76, -76, -76, -76, -76, -76, -76, -76, -76, -76, -76, -76, -77, -77, -76, -76, -76, -76, -76, -77, -75, -75, -76, -78, 
34:bd:c8:db:57:8f, 5805, sMobileNet, -75, -74, -73, -73, -74, -74, -73, -73, -74, -73, -74, -74, -73, -73, -73, -72, -72, -72, -72, -72, -72, -72, -72, -72, -73, -73, -75, -74, -74, -73, -72, -72, -72, -72, -72, -72, -74, -73, -74, -74, -74, -73, -73, -72, -72, -76, -74, -73, -75, -74, -72, -73, -73, -73, -72, -73, -75, -73, -73, -73, -73, -72, -72, -74, -74, -73, -73, -73, -71, -71, -71, -76, -74, -74, -72, -72, -72, -72, -74, -72, -73, -74, -73, -74, -72, -72, -74, -73, -77, -77, -74, -74, -74, -73, -71, -74, -71, -71, -73, -74, 
00:23:eb:3a:0c:35, 2437, Alumni, -71, -71, -71, -71, -72, -72, -72, -72, -72, -72, -73, -73, -70, -70, -70, -70, -71, -71, -71, -71, -72, -72, -72, -72, -76, -76, -76, -76, -71, -71, -71, -74, -74, -74, -74, -71, -71, -71, -71, -70, -70, -70, -70, -74, -75, -75, -75, -75, -76, -74, -74, -74, -74, -70, -70, -70, -70, -70, -70, -70, -70, -70, -70, -70, -70, -70, -70, -70, -72, -72, -72, 
00:25:45:a4:73:f1, 2437, Universities WiFi, -71, -71, -71, -80, -80, -80, -80, 
ec:c8:82:7a:de:6d, 5320, Universities WiFi, -76, -69, -73, -73, -71, -71, -71, -72, -72, -72, -72, -74, -73, -73, -73, -72, -70, -70, -70, -70, -70, -73, -75, -74, -70, -68, -73, -73, -73, -73, -73, -73, -73, -72, -74, -70, -70, -70, -73, -69, -72, -73, -73, -73, -73, -70, -68, -72, -70, -70, -72, -72, -69, -72, -71, -70, -70, -72, -70, -72, -71, -75, -74, -74, -75, -72, -70, -69, -69, -69, -72, -74, -73, -73, -73, -71, -70, -70, -71, -74, -70, -70, -72, -74, -74, -72, -72, -70, -70, -68, -69, -70, -72, -74, -74, -74, -74, -75, -74, -73, 
ec:c8:82:7a:de:6f, 5320, sMobileNet, -76, -71, -71, -74, -73, -72, -70, -72, -73, -71, -74, -75, -75, -74, -74, -73, -72, -72, -72, -71, -71, -74, -74, -75, -71, -70, -74, -75, -75, -72, -72, -73, -74, -74, -74, -71, -71, -71, -75, -70, -74, -75, -75, -75, -72, -72, -68, -68, -72, -76, -76, -74, -73, -73, -73, -72, -71, -74, -71, -74, -73, -76, -76, -76, -77, -74, -72, -72, -71, -71, -75, -75, -75, -74, -74, -73, -73, -70, -71, -71, -72, -72, -73, -73, -73, -75, -75, -71, -75, -71, -70, -72, -72, -72, -73, -73, -76, -73, -73, -72, 
ec:c8:82:7a:de:6b, 5320, eduroam, -77, -70, -72, -72, -72, -70, -70, -72, -72, -72, -72, -74, -74, -75, -73, -71, -71, -71, -74, -71, -71, -74, -75, -74, -71, -68, -73, -74, -74, -70, -70, -71, -71, -74, -73, -71, -71, -70, -73, -69, -73, -73, -73, -72, -72, -70, -68, -70, -70, -70, -70, -72, -69, -71, -70, -70, -69, -72, -71, -72, -71, -75, -74, -74, -76, -72, -72, -72, -70, -70, -74, -74, -73, -73, -72, -71, -71, -71, -71, -72, -70, -70, -71, -71, -71, -74, -74, -70, -74, -70, -69, -69, -72, -73, -73, -71, -74, -75, -75, -72, 
84:7a:88:45:ea:a6, 2437, HTC PIE, -74, -74, -74, -74, -74, -74, 
ec:c8:82:7a:3f:d4, 2462, eduroam, -78, -78, -70, -70, -70, -70, -62, -62, -62, -62, -65, -65, -65, -65, -66, -68, -68, -67, -67, -67, -67, -67, -67, -65, -65, -65, -65, -65, -65, -65, -65, -65, -65, -65, -65, -65, -65, -65, -65, -65, -65, -64, -64, -64, -64, -64, -64, -70, -70, -70, -70, -69, -68, -68, -65, -65, -65, -65, -65, -65, -68, -68, -66, -66, -66, -65, -65, -65, -65, -64, -64, -64, -64, -66, -66, -66, -66, -66, -66, -64, -64, 
34:bd:c8:ad:b2:b2, 2412, Universities WiFi, -78, -78, -78, -78, -78, -79, -79, -79, -79, -81, -81, -81, -81, -82, -82, -82, -82, -76, -76, -76, -76, -78, -78, -78, -78, 
90:72:40:16:f6:36, 2462, PAO, -79, -71, -71, -72, -72, -68, -72, -73, -73, -73, -73, -70, -70, -72, -71, -72, -72, -72, -72, -72, -72, -72, -72, -72, -72, -73, -70, -71, -71, -76, -72, -75, -73, -73, -71, -72, -78, -73, -72, -72, -72, -72, -72, -72, -73, -73, -77, -73, -73, -73, -72, -72, -71, -71, -72, -72, -72, -76, -73, -72, -73, -72, -72, -77, -73, -72, -72, -72, -73, -72, -76, -72, -72, -72, -72, -72, -72, -71, -73, -73, -73, -73, -73, -72, -71, -72, -72, -72, -72, -72, -72, -72, -73, -73, -73, -73, -72, -72, -72, -72, 
2c:59:e5:b7:45:4c, 2437, HP-Print-4C-Officejet Pro X576dw, -90, -81, -81, -81, -81, -83, -83, -83, -83, -83, -83, -85, -85, -85, -84, -84, -84, -82, -82, -82, -83, -83, -83, -83, -84, -84, -84, -81, -81, -82, -82, -82, -83, -83, -82, -82, -83, -83, -83, -83, -83, -83, -82, -82, -81, -82, -81, -77, -82, -83, -83, -81, -83, -83, -83, -83, -82, -82, -82, -81, -81, -83, -83, -83, -83, -84, -84, -84, -83, -83, -81, -81, -81, -81, -83, -83, -83, -83, -83, -83, -85, -85, -81, -81, -81, -81, -81, -81, -81, -85, 
a4:17:31:3e:05:fe, 2412, HP-Print-fe-LaserJet 400 M401dw, -91, -91, -91, -91, 
ec:c8:82:7a:df:6c, 5180, Y5ZONE, -40, -38, -38, -37, -37, -37, -36, -36, -36, -36, -37, -37, -37, -37, -37, -37, -37, -37, -37, -37, -37, -36, -36, -36, -36, -36, -36, -37, -37, -37, -38, -43, -39, -38, -37, -37, -37, -37, -37, -37, -37, -37, -37, -37, -37, -37, -37, -37, -36, -36, -36, -35, -37, -37, -37, -37, -37, -37, -37, -37, -38, -37, -37, -37, -37, -37, -37, -38, -37, -37, -37, -37, -36, -36, -36, -36, -36, -37, -37, -37, -36, -36, -39, -37, -37, -37, -35, -35, -36, -36, -36, -37, -37, -48, -39, -37, -37, -37, -37, -37, 
ec:c8:82:7a:df:6e, 5180, PCCW, -41, -39, -38, -38, -38, -38, -37, -37, -36, -36, -37, -37, -37, -37, -37, -38, -38, -37, -37, -37, -37, -38, -38, -38, -37, -37, -38, -38, -37, -37, -38, -43, -39, -38, -37, -37, -38, -37, -37, -38, -38, -38, -38, -38, -38, -38, -38, -38, -37, -37, -37, -36, -37, -37, -38, -38, -37, -37, -37, -37, -37, -37, -37, -37, -37, -37, -37, -37, -38, -38, -38, -38, -38, -38, -38, -37, -37, -37, -37, -37, -38, -38, -38, -38, -38, -38, -36, -37, -38, -38, -38, -38, -37, -49, -39, -38, -37, -37, -37, -37, 
ec:c8:82:7a:df:63, 2412, Y5ZONE, -38, -38, -38, -37, -37, -37, -37, -37, -37, -37, -37, -37, -39, -39, -39, -40, -40, -39, -39, -39, -39, -39, -37, -37, -39, -39, -39, -39, -39, -39, -39, -39, -39, -39, -39, -39, -39, -39, -37, -37, -37, -37, -39, -37, -37, -37, -37, -36, -36, -38, -41, -41, -40, -40, -39, -39, -39, -39, -39, -38, -40, -37, -39, -39, -39, -39, -39, -37, -37, -37, -37, -37, -38, -39, -39, -39, -39, -40, -39, -39, -39, -39, -39, -38, -36, -38, -38, -37, -39, -39, -39, -39, -41, -43, -39, -39, -38, -38, -39, -43, 
ec:c8:82:7a:df:61, 2412, PCCW, -39, -39, -38, -37, -38, -37, -37, -37, -37, -37, -37, -37, -38, -38, -38, -38, -38, -38, -38, -38, -38, -39, -37, -37, -38, -38, -38, -38, -38, -38, -39, -38, -38, -38, -38, -38, -38, -38, -38, -38, -37, -37, -38, -38, -37, -38, -37, -37, -37, -37, -38, -38, -38, -39, -38, -38, -38, -38, -38, -37, -37, -37, -38, -38, -38, -38, -38, -38, -38, -38, -37, -37, -38, -38, -38, -38, -38, -39, -38, -37, -37, -37, -37, -37, -36, -37, -37, -37, -38, -38, -38, -38, -39, -41, -39, -39, -39, -39, -38, -39, 
ec:c8:82:7a:3f:dc, 5240, Y5ZONE, -60, -68, -72, -72, -73, -73, -70, -73, -73, -73, -72, -72, -73, -70, -70, -73, -73, -76, -72, -73, -72, -74, -74, -74, -73, -73, -72, -73, -73, -73, -73, -71, -73, -72, -74, -74, -74, -75, -75, -75, -73, -73, -72, -72, -75, -73, -72, -69, -73, -75, -72, -71, -71, -71, -71, -73, -73, -73, -76, -72, -74, -74, -74, -74, -73, -73, -73, -73, -73, -73, -75, -69, -73, -73, -73, -73, -74, -74, -74, -74, -74, -70, -71, -71, -71, -71, -71, -73, -73, -71, -71, -72, -72, -73, -74, -74, -74, -72, -75, -74, 
ec:c8:82:7a:3f:de, 5240, PCCW, -60, -70, -74, -73, -73, -73, -71, -74, -74, -74, -74, -74, -76, -72, -72, -75, -75, -75, -74, -74, -73, -74, -74, -74, -75, -75, -75, -74, -74, -74, -74, -74, -74, -72, -76, -74, -73, -73, -73, -77, -73, -73, -72, -72, -76, -74, -72, -70, -73, -76, -72, -72, -72, -72, -72, -75, -75, -75, -75, -75, -76, -76, -76, -76, -74, -74, -74, -74, -74, -74, -76, -71, -73, -73, -73, -73, -77, -74, -74, -76, -76, -71, -72, -72, -69, -69, -69, -74, -74, -73, -72, -74, -74, -75, -75, -73, -69, -73, -77, -76, 
ec:c8:82:7a:3f:d1, 2462, PCCW, -58, -65, -68, -66, -66, -66, -62, -64, -64, -64, -68, -66, -66, -66, -66, -66, -66, -66, -67, -67, -66, -65, -65, -65, -65, -67, -66, -65, -65, -65, -65, -65, -65, -65, -65, -65, -64, -64, -64, -66, -66, -66, -65, -64, -65, -64, -67, -67, -65, -63, -62, -66, -65, -65, -65, -65, -66, -67, -67, -67, -67, -67, -67, -67, -67, -65, -65, -65, -65, -65, -63, -64, -66, -65, -65, -65, -65, -64, -65, -65, -65, -63, -67, -65, -63, -64, -64, -68, -64, -65, -66, -65, -66, -66, -65, -65, -65, -64, -63, -63, 
ec:c8:82:7a:3f:d3, 2462, Y5ZONE, -60, -65, -67, -66, -68, -65, -63, -64, -64, -64, -67, -66, -65, -66, -66, -66, -65, -66, -67, -66, -66, -65, -65, -68, -65, -69, -67, -65, -65, -65, -64, -65, -65, -65, -65, -65, -64, -64, -64, -64, -64, -66, -66, -63, -65, -65, -70, -70, -67, -62, -61, -67, -65, -65, -65, -65, -65, -66, -67, -67, -67, -67, -66, -66, -66, -64, -65, -65, -65, -65, -65, -67, -67, -65, -65, -65, -65, -65, -66, -66, -66, -64, -67, -66, -64, -67, -65, -68, -63, -65, -66, -67, -67, -67, -67, -66, -65, -65, -62, -62, 
00:23:eb:3a:0c:3e, 5260, PCCW, -66, -74, -74, -73, -72, -72, -73, -73, -73, -74, -76, -74, -74, -75, -75, -73, -71, -71, -72, -72, -75, -73, -74, -73, -73, -73, -76, -73, -75, -75, -73, -75, -74, -75, -72, -72, -73, -71, -75, -75, -74, -74, -74, -74, -75, -75, -74, -73, -71, -72, -72, -75, -71, -71, -72, -72, -72, -71, -68, -71, -71, -71, -72, -74, -72, -71, -70, -70, -70, -72, -73, -73, -73, -72, -72, -71, -71, -72, -73, -70, -71, -71, -72, -72, -72, -72, -72, -72, -75, -73, -77, -71, -72, -72, -72, -72, -72, -72, -72, -74, 
00:23:eb:3a:0c:3c, 5260, Y5ZONE, -67, -72, -72, -73, -73, -73, -72, -72, -72, -72, -75, -74, -75, -77, -77, -73, -71, -73, -73, -76, -76, -74, -74, -72, -72, -71, -74, -74, -74, -74, -73, -75, -75, -75, -75, -71, -71, -71, -76, -73, -73, -73, -73, -74, -73, -74, -73, -71, -71, -71, -71, -73, -71, -71, -72, -72, -70, -70, -68, -72, -71, -70, -71, -75, -72, -70, -71, -70, -70, -71, -71, -73, -70, -70, -69, -69, -72, -72, -74, -71, -72, -72, -73, -70, -73, -71, -71, -71, -71, -72, -76, -72, -73, -71, -71, -73, -73, -73, -72, -72, 
ec:c8:82:7a:de:63, 2437, Y5ZONE, -64, -64, -70, -73, -67, -66, -72, -67, -68, -68, -65, -67, -67, -64, -69, -70, -69, -69, -71, -67, -67, -65, -66, -64, -66, -64, -66, -66, -70, -70, -67, -71, -67, -70, -70, -68, -68, -68, -68, -67, -72, -68, -68, -66, -70, -67, -67, -67, -63, -67, -66, -66, -66, -67, -67, -67, -67, -65, -67, -66, -65, -65, -65, -65, -66, -65, -63, -65, -65, -65, -62, -66, -68, -68, -68, -68, -67, -69, -69, -64, -68, -68, -61, -57, -61, -62, -62, -62, -65, -69, -62, -62, -62, -62, -64, -67, -65, -66, -66, -64, 
ec:c8:82:7a:e1:6c, 5805, Y5ZONE, -69, -69, -71, -71, -73, -73, -71, -72, -74, -74, -73, -72, -72, -72, -72, -76, -72, -68, -69, -70, -68, -69, -69, -70, -72, -69, -69, -71, -69, -71, -70, -70, -72, -73, -69, -69, -69, -71, -68, -68, -70, -71, -70, -70, -74, -74, -74, -74, -74, -72, -68, -72, -72, -72, -74, -73, -73, -73, -73, -71, -72, -70, -70, -71, -69, -72, -70, -73, -72, -72, -70, -73, -69, -69, -69, -69, -70, -71, -69, -73, -70, -69, -73, -73, -71, -72, -70, -74, -72, -70, -70, -74, -73, -72, -71, -73, -76, -75, -75, -73, 
34:bd:c8:e3:3b:2b, 5320, Y5ZONE, -69, -70, -70, -70, -68, -68, -68, -68, -69, -69, -69, -69, -72, -68, -68, -68, -68, -68, -68, -68, -68, -68, -68, -68, -68, -68, -68, -68, -68, -68, -67, -67, -67, -67, -67, -67, -67, -67, -68, -68, -68, -68, -68, -68, -68, -68, -68, -68, -69, -69, -67, -67, -67, -67, -67, -67, -67, -67, -69, -68, -68, -69, -68, -68, -69, -69, -68, -68, -68, -68, -67, -66, -67, -67, -67, -67, -67, -69, -70, -69, -68, -68, -68, -68, -68, -69, -73, -73, -73, -78, -69, -68, -69, -68, -68, -68, -68, -67, -66, -68, 
34:bd:c8:e3:3b:2a, 5320, PCCW, -70, -70, -70, -70, -70, -69, -69, -69, -69, -68, -68, -69, -73, -73, -70, -70, -69, -69, -69, -69, -69, -68, -68, -68, -68, -68, -68, -68, -68, -68, -68, -68, -68, -68, -68, -68, -68, -68, -68, -68, -68, -68, -68, -68, -69, -69, -69, -69, -70, -68, -68, -68, -68, -68, -68, -68, -68, -68, -68, -68, -68, -69, -68, -68, -69, -69, -69, -69, -68, -69, -68, -67, -67, -68, -68, -68, -68, -68, -70, -69, -68, -68, -68, -68, -68, -70, -74, -74, -73, -73, -68, -68, -70, -69, -69, -68, -67, -67, -67, -67, 
ec:c8:82:7a:e1:6e, 5805, PCCW, -72, -73, -76, -74, -74, -74, -71, -74, -72, -75, -74, -74, -74, -74, -74, -74, -73, -70, -70, -71, -68, -71, -70, -73, -73, -69, -69, -71, -68, -73, -72, -72, -74, -73, -71, -71, -71, -71, -70, -70, -70, -70, -70, -72, -74, -75, -72, -78, -75, -75, -69, -73, -74, -72, -75, -75, -75, -71, -72, -72, -74, -73, -72, -73, -72, -73, -72, -73, -72, -74, -71, -75, -71, -71, -71, -71, -71, -72, -72, -74, -71, -72, -72, -77, -72, -72, -72, -74, -75, -72, -72, -75, -75, -75, -75, -75, -76, -73, -74, -74, 
ec:c8:82:7a:dc:53, 2462, Y5ZONE, -69, -65, -61, -64, -63, -64, -68, -64, -64, -64, -66, -61, -61, -62, -62, -62, -62, -62, -62, -62, -62, -62, -65, -65, -65, -63, -63, -64, -64, -64, -66, -62, -68, -64, -63, -63, -63, -63, -63, -63, -63, -63, -62, -62, -64, -64, -66, -66, -64, -65, -66, -64, -63, -63, -63, -63, -64, -63, -63, -65, -64, -62, -61, -61, -63, -63, -63, -63, -63, -63, -62, -63, -68, -64, -65, -64, -62, -69, -65, -63, -62, -66, -62, -65, -66, -64, -68, -64, -65, -69, -66, -66, -65, -67, -65, -64, -67, -66, -66, -67, 
ec:c8:82:7a:de:6e, 5320, PCCW, -74, -71, -71, -71, -72, -71, -70, -70, -72, -71, -72, -75, -75, -75, -73, -72, -72, -72, -73, -73, -72, -72, -72, -72, -72, -69, -72, -73, -73, -70, -71, -73, -72, -74, -74, -72, -71, -70, -72, -69, -73, -73, -73, -73, -73, -71, -71, -69, -69, -76, -72, -72, -72, -72, -73, -70, -72, -72, -72, -72, -72, -72, -72, -74, -74, -71, -72, -72, -71, -72, -73, -73, -71, -72, -72, -71, -73, -71, -72, -73, -73, -73, -74, -74, -74, -72, -72, -72, -72, -72, -70, -71, -71, -70, -70, -74, -73, -70, -72, -71, 
ec:c8:82:7a:dc:5e, 5765, PCCW, -74, -72, -73, -74, -75, -71, -71, -72, -73, -73, -73, -73, -73, -73, -72, -72, -72, -72, -73, -72, -71, -73, -73, -73, -72, -72, -72, -71, -76, -74, -74, -73, -72, -76, -75, -75, -72, -74, -72, -72, -72, -72, -69, -72, -73, -75, -74, -74, -74, -74, -74, -72, -72, -72, -74, -71, -71, -71, -71, -74, -74, -73, -72, -72, -71, -71, -71, -71, -71, -71, -72, -72, -72, -72, -72, -72, -73, -74, -72, -72, -72, -73, -73, -74, -74, -74, -71, -71, -71, -71, -70, -70, -70, -75, -72, -74, -75, -75, -74, -73, 
34:bd:c8:e3:3b:24, 2462, Y5ZONE, -70, -70, -70, -78, -78, -76, -76, -76, -76, -76, -76, -76, -76, -76, -75, -75, -75, -75, -75, -75, -75, -75, -75, -75, -75, -75, -75, -75, -75, -75, -76, -76, -76, -76, -73, -73, -73, -73, -75, -75, -75, -75, -75, -76, -76, -76, -75, -75, -75, -75, -76, -76, -75, -75, -75, -75, -75, -75, -73, -73, -73, -77, -77, -77, -77, -76, -76, -76, -76, -76, -75, -75, -75, -75, 
ec:c8:82:7a:dc:5c, 5765, Y5ZONE, -75, -70, -72, -76, -76, -72, -72, -71, -72, -73, -73, -71, -72, -72, -73, -73, -72, -72, -73, -71, -71, -71, -72, -72, -72, -70, -71, -71, -73, -73, -71, -71, -71, -74, -73, -73, -72, -73, -70, -71, -71, -71, -71, -71, -71, -73, -73, -73, -74, -74, -75, -70, -70, -70, -74, -71, -71, -71, -71, -74, -74, -71, -71, -72, -70, -70, -70, -70, -70, -72, -72, -72, -73, -73, -73, -71, -71, -74, -72, -72, -72, -75, -75, -75, -72, -74, -70, -72, -72, -72, -71, -71, -70, -70, -71, -75, -73, -73, -73, -71, 
ec:c8:82:7a:de:6c, 5320, Y5ZONE, -77, -72, -71, -72, -72, -72, -68, -72, -72, -70, -72, -74, -73, -73, -72, -70, -70, -70, -71, -71, -71, -72, -72, -72, -71, -70, -70, -74, -74, -73, -69, -70, -71, -74, -74, -70, -71, -69, -72, -68, -73, -72, -72, -72, -72, -70, -68, -69, -70, -74, -72, -71, -72, -72, -71, -70, -70, -70, -72, -72, -72, -72, -72, -72, -73, -72, -71, -71, -71, -70, -71, -72, -72, -72, -70, -70, -71, -71, -71, -72, -72, -72, -72, -75, -75, -73, -73, -71, -71, -68, -69, -72, -72, -70, -70, -73, -70, -70, -71, -73, 
ec:c8:82:7a:e1:63, 2412, Y5ZONE, -73, -71, -67, -66, -69, -69, -67, -65, -66, -65, -69, -65, -67, -67, -67, -65, -65, -67, -69, -67, -67, -67, -67, -65, -65, -64, -66, -66, -68, -68, -66, -67, -64, -64, -64, -64, -64, -66, -68, -65, -65, -65, -66, -68, -65, -65, -63, -63, -63, -67, -67, -65, -68, -68, -65, -68, -65, -68, -66, -66, -64, -64, -66, -65, -65, -69, -69, -69, -68, -68, -68, -68, -71, -69, -69, -65, -67, -68, -65, -65, -67, -67, -64, -65, -66, -67, -66, -69, -71, -67, -66, -66, -66, -67, -67, -66, -66, -67, -68, -68, 
34:bd:c8:e3:3b:25, 2462, PCCW, -74, -74, -74, -74, -74, -74, -74, -75, -76, -75, -74, -75, -75, -75, -75, -75, -75, -75, -75, -75, -75, -75, -75, -76, -76, -75, -75, -75, -75, -73, -73, -73, -73, -73, -73, -73, -74, -74, -74, -74, -74, -74, -74, -74, -74, -74, -74, -74, -74, -74, -74, -74, -74, -74, -73, -73, -73, -73, -73, -74, -74, -74, -74, -74, -73, -73, -73, -73, -73, -73, -72, -72, -72, -72, -75, -75, -75, -74, -73, -74, -75, -72, -73, -73, -73, -73, -73, 
ec:c8:82:7a:e4:71, 2412, PCCW, -75, -75, -75, -75, -76, -75, -75, -73, -73, -73, -73, -78, -78, -78, -78, -78, -78, -76, -72, -72, -73, -73, -73, -73, -74, -74, -74, -74, -75, -72, -72, -74, -74, -74, -74, -79, -76, -76, -75, -76, -76, -76, -79, -79, -76, -76, -74, -74, -74, -74, -76, -76, -76, -75, -75, -75, -75, -75, -75, -74, -74, -74, -76, -76, -76, -76, -76, -76, -75, -74, -73, -73, -75, -73, -73, -74, -74, -79, -79, -79, -78, -75, -77, -77, -76, -76, -77, -77, -77, -77, -77, 
ec:c8:82:7a:e4:73, 2412, Y5ZONE, -75, -75, -77, -77, -77, -77, -77, -77, -77, -77, -72, -72, -73, -78, -78, -78, -78, -78, -78, -76, -76, -76, -76, -73, -73, -74, -75, -75, -75, -75, -73, -73, -77, -77, -77, -77, -74, -74, -76, -79, -79, -77, -77, -77, -77, -74, -76, -77, -78, -80, -81, -81, -81, -81, -78, -76, -76, -76, -77, -77, -77, -76, -77, -77, -77, -77, -74, -82, -79, -75, -79, -80, -80, -78, -78, -75, -76, -75, -74, -73, -73, -76, -75, -77, -76, -76, -76, -76, -76, -78, -74, -78, -76, -76, -76, -76, -74, -78, -78, -78, 
00:1d:70:92:dc:b1, 2462, PCCW, -78, -78, -78, -78, -81, -81, -81, -81, -80, -80, -80, -80, -81, -81, -79, -79, -79, -79, -79, -79, -81, -81, -81, -81, -78, -78, -78, -78, -78, -78, -77, -77, -77, -77, -77, -77, -77, -81, -81, -80, -80, -80, -80, -77, -77, -77, -77, -79, -79, -79, -79, -79, -79, -79, -79, -79, -79, -79, -78, -78, -78, -78, -78, -78, -78, -78, -78, -81, -81, -81, -81, -81, -81, -81, -77, -77, 
30:37:a6:a5:3e:00, 2412, Y5ZONE, -79, -79, -79, -79, 
30:37:a6:a5:3e:01, 2412, PCCW, -80, -80, -80, -80, 
02:2f:4f:ac:99:a7, 2457, HP01C2D1, -77, -80, -80, -80, -80, -81, -74, -80, -80, -81, -81, -81, -81, -82, -80, -80, -82, -81, -81, -82, -82, -82, -81, -74, -74, -80, -80, -80, -80, -81, -81, -78, -81, -81, -81, -81, -80, -82, -82, -82, -82, -78, -80, -80, -81, -79, -82, -85, -80, -84, -84, -84, -82, -82, -74, -74, -74, -74, -84, -83, -79, -79, -78, -80, -80, -80, -81, -81, -81, -83, -82, -81, -81, -82, -82, -82, -82, -82, -82, -81, -83, -83, -82, -81, -81, -85, -85, -85, -85, -81, -81, -81, -81, -81, -82, -82, -79, -82, -82, -82, 
7c:e9:d3:7f:0c:9f, 2437, HP-Print-9F-LaserJet 1025, -88, -82, -81, -81, -82, -82, -83, -83, -83, -83, -83, -84, -80, -79, -77, -82, -80, -80, -83, -82, -82, -79, -83, -81, -84, -81, -81, -81, -83, -79, -83, -83, -84, -80, -82, -80, -84, -84, -81, -81, -84, -80, -83, -83, -82, -83, -84, -81, -81, -84, -84, -84, -84, -84, -84, -85, -83, -83, -83, -83, -83, -83, -83, -86, -84, -84, -84, -84, -84, -81, -83, -83, -83, -83, -83, -76, -80, -83, -83, -84, -83, -84, -85, -85, -84, -85, -85, -83, -83, -83, -82, -84, -84, -85, -85, -85, -84, -84, -82, -79, 
ec:c8:82:7a:de:6a, 5320, Alumni, -71, -75, -74, -72, -70, -70, -72, -70, -70, -73, -75, -75, -77, -77, -74, -70, -71, -71, -71, -71, -74, -74, -76, -72, -68, -72, -76, -73, -72, -70, -70, -74, -74, -74, -71, -71, -70, -74, -70, -74, -75, -75, -75, -72, -70, -68, -71, -72, -72, -74, -74, -73, -73, -73, -73, -70, -70, -70, -73, -70, -74, -76, -76, -78, -75, -72, -71, -70, -71, -75, -74, -76, -76, -75, -74, -73, -69, -72, -72, -73, -73, -73, -77, -77, -76, -76, -72, -75, -71, -70, -72, -72, -72, -74, -74, -74, -74, -74, -73, 
ec:c8:82:7a:3f:d0, 2462, sMobileNet, -67, -69, -69, -69, -69, -66, -66, -66, -66, -67, -67, -67, -68, -68, -68, -68, -66, -66, -66, -66, -66, -66, -66, -66, -66, -66, -66, -66, -65, -65, -65, -65, -64, -64, -64, -64, -64, -64, -64, -65, -65, -65, -65, -65, -66, -66, -66, -66, -63, -63, -63, -63, -63, -63, -63, -63, -67, -66, -66, -66, -66, -65, -63, -63, -63, 
00:25:84:23:01:ff, 5320, sMobileNet, -76, -76, -76, -76, -76, -76, -76, -76, -76, -76, -76, -77, -77, -77, -77, -76, -76, -76, -77, -77, -77, -77, -77, -77, -77, -77, -77, -76, -77, -77, -77, -76, -76, -76, -76, -76, -76, -76, -76, -76, -76, -77, -75, -75, -75, -75, -75, -75, -76, -76, -76, -76, -76, -76, -76, -76, -76, -76, -76, -77, -77, -77, -77, -77, -77, -77, -77, -77, -77, -77, -77, -77, -77, -77, -77, -77, -77, -77, -77, -77, -76, -76, -76, -76, -78, -77, -77, -77, -77, -77, -77, -77, -76, -76, -76, -76, -76, 
00:23:eb:3a:29:20, 2412, sMobileNet, -73, -75, -75, -75, -75, -74, -74, -74, -74, -76, -74, -74, -74, -74, -74, -74, -74, -74, -74, -75, -75, -75, -75, -75, -75, -75, -75, -75, -75, -75, -75, -75, -75, -75, -75, -75, -75, -75, -74, -73, -73, -74, -74, -74, -74, -74, -74, -74, -74, -74, -74, -74, -73, -74, -74, -74, -74, -74, -75, -75, -75, -75, -75, -75, -75, -75, -75, -75, -76, -76, -75, -75, -74, -75, -75, -74, -74, -74, -75, -75, -75, -75, -75, -75, -75, -75, -75, -75, -75, -75, -75, 
34:bd:c8:ad:b2:bd, 5765, Universities WiFi, -83, -83, -83, -83, -83, -83, -83, -83, -83, -83, -83, -83, -83, -83, -82, -82, -82, -82, -83, -82, -82, -82, -82, -82, -82, -82, -82, -81, -81, -81, -81, -81, -81, -79, -82, -83, -83, -83, -83, -82, -82, -81, -82, -81, -81, -81, -81, -81, -81, -81, -81, -81, -81, -81, -83, -83, -83, -83, 
00:19:be:00:05:b0, 2437, MtrecA8, -79, -78, -78, -79, -78, -78, -74, -78, -78, -78, -78, -78, -78, -78, -78, -79, -79, -78, -78, -78, -78, -81, -78, -77, -77, -79, -77, -77, -78, -77, -77, -78, -79, -78, -74, -78, -78, -75, -79, -77, -78, -77, -77, -79, -80, -80, -78, -78, -78, -79, -79, -79, -79, -79, -79, -78, -78, -78, -78, -76, -77, -77, -77, -77, -77, -74, -78, -76, -77, -79, -83, -83, -79, -77, -75, -76, -77, -79, -77, -80, -78, -78, -72, -76, -77, -77, -75, -78, -78, -78, -78, -76, -76, -76, -80, -79, -79, -73, -74, 
30:37:a6:a5:3e:0a, 5765, Alumni, -84, -84, -84, -84, -83, -83, -83, -83, -83, -83, -83, -83, -83, -83, -83, -83, -83, -83, -83, -83, -83, -83, -81, -81, -81, -82, -82, -83, -83, -83, -83, -83, -82, -82, -82, -83, -83, -83, -83, -84, -84, -84, -84, -84, -84, -84, -84, -85, -85, -84, -84, -84, -84, -84, -84, -84, -84, -84, -84, -84, -84, -84, -84, -84, -84, -84, -84, -84, -84, -84, -84, -84, -85, 
34:bd:c8:ad:b2:ba, 5765, Alumni, -85, -85, -85, -85, -84, -84, -84, -84, -86, -86, -86, -86, -86, -82, -82, -82, -82, -83, -83, -83, -83, -83, -83, -83, -83, -83, -83, -83, -82, -83, -83, -83, -83, -82, -82, -82, -82, -83, -83, -84, -80, -82, -82, -82, -82, -82, -84, -84, -84, -83, -81, -81, -81, -81, -81, -83, -83, -82, -82, -82, -83, -82, -82, -82, -82, -84, -84, -84, -84, -84, 
34:bd:c8:ad:b2:b3, 2412, Y5ZONE, -75, -75, -75, -75, -77, -77, -77, -77, -79, -79, -77, -77, -77, -74, -74, -74, -74, -77, -77, -77, -77, -78, -77, -77, -77, -79, -79, -79, -75, -75, -74, -74, -74, -74, -77, -77, -77, -77, -75, -74, -73, -75, -75, -75, -75, -75, -73, -73, -73, -73, -73, -73, -73, -77, -81, -79, -76, -76, -79, -79, -75, -75, -78, -77, -77, -77, -77, -76, -77, -77, -75, -75, -75, -75, -76, -75, -77, -77, 
34:bd:c8:ad:b2:be, 5765, PCCW, -82, -82, -82, -82, -82, -83, -83, -83, -83, -83, -83, -85, -85, -85, -85, -83, -83, -84, -84, -84, -84, -84, -84, -84, -84, -83, -83, -82, -82, -82, -82, -82, -82, -82, -84, -81, -81, -83, -83, -83, -83, -83, -83, -84, -84, -84, -84, -83, -83, -83, -83, -82, -82, -83, -83, -84, -84, -84, -81, -81, -81, -81, -81, -81, -81, -85, -85, -85, -85, -85, 
34:bd:c8:ad:b2:bc, 5765, Y5ZONE, -84, -84, -84, -84, -85, -85, -85, -85, -84, -84, -84, -84, -83, -83, -83, -83, -82, -82, -82, -82, -82, -82, -84, -84, -84, -84, -81, -82, -82, -82, -82, -81, -81, -81, -81, -81, -81, -81, -78, -82, -83, -83, -83, -81, -81, -81, -81, -85, -85, -81, -83, -83, -83, -83, -80, -82, -83, -83, -83, -83, -83, -80, -83, -83, -81, -80, -80, -80, -80, -84, -82, -82, -82, -82, 
30:37:a6:a5:3e:0f, 5765, Y5ZONE, -84, -84, -83, -83, -83, -83, -83, -83, -83, -83, -83, -83, -83, -83, -83, -83, -83, -84, -83, -81, -83, -83, -83, -83, -83, -83, -83, -83, -83, -83, -83, -83, -83, -83, -83, -83, -82, -84, -84, -84, -84, -84, -83, -83, -83, -83, -83, -83, -83, -83, -84, -84, -84, -84, -83, -83, -83, -83, -84, -83, -83, -83, -83, -84, -84, -84, -84, -84, -84, -84, -84, -84, -84, -84, 
00:23:cd:1b:08:88, 2427, TP-LINK_1B0888, -82, -82, -81, -81, -81, -81, -81, -81, -81, -81, -81, -81, -80, -80, -80, -80, -80, -80, -74, -79, -79, -79, -79, -80, -80, -72, -72, -78, -80, -80, -80, -82, -82, -81, -81, -81, -81, -81, -81, -81, -81, -81, -81, -81, -80, -78, -79, -79, -79, -81, -81, -81, -81, -81, -81, -81, -81, -81, -81, -77, -80, -81, -81, -81, -81, -81, -81, -81, -80, -80, -81, -81, -81, -81, -81, -81, -81, -81, -81, -81, -81, -81, -80, -80, -80, -80, -81, -81, -81, -81, -81, -80, -80, -80, -82, -81, -81, -81, 
c8:d7:19:ff:2e:2d, 2412, Cisco64266, -90, -90, -83, -83, -83, -83, -87, -87, -87, -87, -87, -87, -87, -87, -83, -87, -86, -86, -86, -86, -87, -87, -87, -86, -90, -87, -87, -86, -89, -89, -88, -87, -87, -87, -86, -86, -86, -86, -86, -86, -86, -86, -86, -86, -87, -87, -87, -87, -89, -86, -87, -87, -87, -82, -82, -86, -86, -86, -86, -88, -88, -88, -88, -90, -88, -86, -87, -87, -85, -87, -86, -86, -86, -86, -89, -89, -89, -89, -81, -81, -81, -81, -81, -86, -86, -86, -87, -83, -83, -83, -86, -86, 
ec:c8:82:7a:df:62, 2412, Universities WiFi, -38, -38, -38, -38, -37, -37, -37, -37, -37, -37, -37, -38, -38, -38, -38, -38, -38, -38, -38, -38, -38, -38, -38, -38, -37, -37, -37, -37, -37, -37, -37, -37, -37, -37, -39, -39, -39, -39, -39, -39, -39, -39, -39, -39, -39, -39, -39, -38, -38, -38, -38, -38, -38, -38, -38, -38, -38, -38, -38, -38, -38, -38, -37, -37, -37, -37, -43, -39, -39, -39, -39, -39, 
00:25:84:22:f7:30, 2462, sMobileNet, -65, -65, -65, -65, -65, -65, -65, -65, -66, -66, -66, -66, -66, -66, -66, -66, -66, -69, -69, -69, -71, -71, -66, -65, -65, -65, -65, -65, -66, -66, -66, -66, -65, -65, -65, -65, -65, -65, -65, -65, -63, -64, -64, -64, 
34:bd:c8:e3:3b:22, 2462, sMobileNet, -76, -76, -76, -76, -72, -72, -72, -72, -75, -75, -75, -75, -75, -75, -75, -75, -75, -75, -75, -75, -75, -75, -75, -72, -72, -72, -72, -75, -75, -74, -74, -74, -74, -74, -74, -74, -74, -72, -72, -72, -72, -76, -76, -76, -76, -76, -74, -74, 
30:37:a6:a5:3e:0b, 5765, sMobileNet, -84, -83, -83, -83, -83, -84, -84, -84, -84, -84, -84, -84, -84, -84, -84, -84, -84, -83, -83, -83, -83, -83, -83, -83, -83, -83, -83, -83, -83, -83, -83, -83, -83, -83, -83, -83, -83, -83, -83, -83, -83, -83, -83, -83, -85, -85, -85, -85, -84, -84, -84, -84, -84, -84, -84, -84, -84, -84, -84, -84, -84, -84, -84, -85, -85, -85, -85, 
30:37:a6:a5:3e:0d, 5765, Universities WiFi, -85, -84, -84, -84, -84, -85, -85, -85, -84, -84, -84, -84, -84, -84, -83, -83, -83, -83, -85, -84, -84, -83, -83, -83, -83, -83, -84, -84, -84, -84, -84, -84, -84, -84, -84, -84, -84, -84, -84, -84, -84, -84, -84, -84, -85, -85, -85, -85, -85, -85, -85, -85, -84, -84, -83, -83, -83, -83, -84, -84, -84, -84, -84, -84, -84, -84, -84, -84, -84, -84, -84, -84, -82, 
34:bd:c8:ad:b2:b1, 2412, PCCW, -77, -77, -77, -77, -77, -77, -77, -77, -78, -78, -78, -78, -79, -79, -80, -80, -80, -76, -76, -75, -75, -75, -75, -78, -78, -78, -78, -76, -74, -74, -74, -74, -75, -75, -77, -77, -77, -77, -79, -78, -78, -78, -78, -77, -77, -77, -77, -78, -78, -78, -75, -75, -76, -77, -76, -76, -76, 
00:e0:4c:81:86:86, 2442, RTL8186-default, -78, -78, -78, -78, -79, -79, -78, -78, -78, -78, -77, -77, -77, -77, -79, -79, -79, -79, -78, -78, -78, -78, -78, -78, -78, -78, -81, -81, -81, -81, -78, -78, -78, -78, -78, -78, -78, -78, -78, -78, -78, -78, -79, -79, -79, -79, 
00:25:84:22:f7:31, 2462, Universities WiFi, -65, -65, -65, -65, -66, -66, -65, -65, -65, -65, -66, -66, -66, -66, -66, -67, -67, -67, -67, -65, -65, -65, -65, -65, -66, -66, -66, -66, -66, -66, -65, -65, -65, -65, -66, -66, -66, -66, -66, 
ec:c8:82:7a:dc:52, 2462, Universities WiFi, -65, -64, -64, -64, -64, -64, -64, -66, -62, -62, -62, -62, -64, -64, -64, -64, -64, -64, -64, -64, -64, -65, -65, -65, -65, -65, -66, -66, -66, -66, -64, -64, -64, -64, -64, -63, -63, -63, -63, -61, -61, -61, -61, -62, -63, -63, -63, -63, -63, -63, -63, -63, -65, -65, -65, -65, 
30:37:a6:a5:3e:0c, 5765, eduroam, -84, -84, -84, -84, -82, -82, -82, -81, -81, -81, -81, -82, -82, -82, -82, -82, -82, -82, -82, -82, -82, -82, -82, -82, -82, -82, -82, -82, -82, -83, -83, -83, -83, -82, -82, -82, -82, -82, -82, -82, -84, -84, -82, -82, -82, -82, -84, -84, -84, -84, -83, -83, -83, -83, -83, -83, -83, -83, -83, -84, -84, -84, -84, -83, -83, -83, -83, -83, -83, -83, -83, 
30:37:a6:a5:3e:0e, 5765, PCCW, -83, -83, -83, -83, -83, -83, -83, -83, -83, -84, -82, -82, -82, -82, -84, -83, -83, -83, -83, -83, -82, -82, -82, -83, -83, -83, -83, -83, -83, -83, -83, -83, -84, -83, -83, -83, -83, -83, -83, -83, -83, -83, -82, -82, -82, -82, -82, -83, -83, -83, -83, -85, -85, 
34:bd:c8:db:57:80, 2437, sMobileNet, -55, -55, -55, -55, -55, -55, -63, -63, -56, -56, -56, -56, -55, -55, -55, -55, -55, -54, -54, -54, -54, -54, -55, -55, -55, -55, -55, -55, -55, -55, -55, -55, -55, -55, -55, -55, -55, -55, -55, -55, -55, -55, -55, -55, -55, -55, -55, -55, -55, -55, -53, -54, -58, -58, -58, -58, -63, -63, -63, -56, -56, -54, -57, -57, -57, -57, -57, -57, -57, -62, -62, -62, -62, -60, 
34:bd:c8:e3:3b:21, 2462, Alumni, -74, -74, -74, -74, -74, -74, -75, -75, -75, -75, -74, -74, -74, -74, -74, -74, -74, -74, -75, -75, -75, -75, -75, -74, -74, -74, -74, -74, -74, -74, -74, -74, -74, -74, -74, -74, -74, -74, -74, -73, -73, -73, -73, 
ec:c8:82:7a:e4:7e, 5240, PCCW, -75, -75, -75, -73, -73, -73, -73, -76, -76, -75, -75, -75, -75, -76, -75, -75, -75, -75, -75, -75, -75, -73, -75, -75, -74, -74, -74, -74, -73, -73, -75, -75, -76, -76, -76, -76, -77, -74, -74, -74, -74, -76, -76, -76, -76, -76, -76, -75, -75, -75, -75, -74, -74, -74, -75, -75, -75, -75, -79, -79, -79, -79, -76, -74, -74, -74, -74, -71, 
00:1d:70:92:dc:b0, 2462, Y5ZONE, -80, -80, -80, -80, -82, -82, -80, -80, -80, -80, -81, -81, -81, -81, -84, -84, -84, -84, -80, -80, -80, -80, -82, -82, -82, -82, -82, -82, -77, -77, -77, -77, -79, -79, -79, -79, -81, -81, -81, -81, -78, -80, -80, -80, -80, -79, -79, -79, -79, 
ec:c8:82:7a:df:64, 2412, eduroam, -40, -40, -39, -39, -39, -39, -40, -40, -40, -40, -38, -38, -38, -39, -39, -39, -39, -39, -39, -40, -40, -40, -40, -40, -40, -40, -40, -40, -40, -40, -40, -39, -39, -39, -39, -39, -39, -39, -40, -40, -40, -40, -40, -40, -40, -40, -40, -40, -39, -39, -39, -39, -39, -39, -39, -40, -40, -40, -40, -39, -39, -39, -39, -39, -39, -39, -39, -40, -40, -40, -40, -40, -40, -40, -39, -39, -39, 
ec:c8:82:7a:e4:7b, 5240, eduroam, -74, -74, -72, -72, -72, -73, -73, -73, -73, -73, -73, -73, -73, -75, -75, -75, -75, -73, -73, -73, -73, -71, -73, -73, -73, -73, -77, -77, -77, -73, -73, -73, -73, -75, -75, -74, -74, -75, -75, -75, -75, -75, -75, -75, -75, -74, -74, -73, -73, -73, -73, -73, -73, -73, -73, 
00:1d:70:92:dc:b5, 2462, Alumni, -77, -77, -77, -77, -80, -80, -80, -80, -81, -81, -81, -78, -78, -78, -78, -77, -77, -77, -77, -80, -80, -80, -80, -80, -79, -79, -79, -79, -77, -77, -77, -77, -77, -78, -78, -78, -78, -78, -78, -78, -78, -78, -78, -78, -79, -79, -79, -79, 
ec:c8:82:7a:df:60, 2412, sMobileNet, -36, -36, -36, -36, -39, -39, -39, -39, -39, -39, -39, -39, -39, -39, -38, -38, -38, -38, -39, -39, -39, -39, -39, -39, -39, -39, -39, -39, -39, -38, -38, -38, -38, -37, -38, -38, -38, -38, -40, -40, -40, -40, -39, -39, -39, -39, -39, -39, -39, -39, -39, -39, -39, -40, -40, -40, -40, -38, -38, -38, -38, -39, -40, -42, -42, -42, -42, 
ec:c8:82:7a:e1:65, 2412, Alumni, -67, -67, -67, -67, -67, -67, -67, -67, -69, -69, -67, -67, -67, -67, -66, -66, -67, -67, -68, -68, -68, -68, -72, -72, -72, -72, -63, -68, -68, -68, -68, -66, -66, -66, -66, -66, -66, -66, -66, -66, -69, -69, -69, -71, -71, -71, -71, -69, -70, -70, -70, -70, -67, -68, -68, -68, -68, -68, -68, -68, 
00:23:eb:3a:13:5f, 5180, sMobileNet, -73, -72, -72, -72, -73, -73, -72, -72, -72, -72, -72, -72, -72, -72, -74, -74, -74, -73, -73, -73, -73, -73, -73, -73, -73, -73, -74, -74, -74, -74, -73, -73, -73, -73, -72, -72, -72, -72, -74, -74, -73, -73, -72, -72, -74, -74, -74, -74, -74, -73, -72, -72, -72, -72, -73, -73, -73, -73, -73, -73, -73, -73, -73, -73, -73, -73, -73, -73, -73, -73, -73, -72, -72, -72, -72, -73, 
ec:c8:82:7a:e4:7f, 5240, sMobileNet, -74, -74, -74, -74, -74, -73, -73, -73, -73, -75, -74, -74, -74, -74, -74, -74, -74, -74, -73, -73, -73, -73, -73, -73, -73, -73, -75, -73, -73, -73, -73, -76, -76, -76, -74, -74, -76, -76, -76, -76, -75, -75, -75, -75, -76, -76, -76, -76, -73, -73, -73, -73, 
ec:c8:82:7a:e4:7a, 5240, Alumni, -75, -75, -75, -75, -77, -77, -77, -77, -76, -76, -76, -76, -75, -75, -73, -73, -73, -73, -75, -75, -77, -72, -73, -73, -73, -73, -74, -74, -74, -74, -76, -73, -73, -73, -73, -75, -73, -73, -73, -75, -75, -75, -73, -73, -73, -73, -75, -75, -75, -73, -73, -73, -73, -73, -73, -73, -73, 
00:23:eb:3a:0c:30, 2437, sMobileNet, -73, -73, -73, -73, -73, -73, -71, -71, -71, -71, -71, -71, -70, -70, -73, -73, -73, -73, -72, -72, -72, -72, -72, -72, -72, -72, -72, -72, -72, -72, -72, -72, -72, -72, -69, -69, -69, -69, -73, -73, -73, -73, -71, -71, -72, -72, -72, -73, -73, -73, -73, -71, -71, -71, -71, -71, -72, -72, -72, -72, 
40:b0:fa:6a:ee:46, 2427, LG-P715_1856et, -79, -73, -81, -76, -76, -71, -75, -79, -80, -77, -77, -77, -77, -75, -75, -77, -77, -77, -77, -86, -86, -86, -86, -80, -80, -80, -80, -80, -78, -78, -78, -78, -76, -78, -72, -73, -72, -68, -71, -69, -65, -68, -68, -65, -65, -69, -70, -66, -71, -68, -65, -60, -72, -74, -76, -77, -75, -72, -72, -72, -71, -74, -62, -66, -76, -70, -67, -68, -70, -69, -71, -71, -71, -72, -70, -75, -72, -71, -71, -72, -65, -65, -64, -70, -64, -61, 
ec:c8:82:7a:e4:7c, 5240, Y5ZONE, -75, -73, -73, -74, -74, -74, -74, -75, -75, -72, -73, -74, -74, -74, -74, -74, -74, -73, -73, -73, -73, -74, -73, -73, -74, -73, -74, -73, -73, -73, -73, -73, -72, -74, -74, -74, -75, -75, -75, -75, -75, -74, -74, -74, -74, -76, -76, -76, -76, -76, -76, -74, -74, -74, -74, -75, -75, -75, -75, -75, -75, -75, -73, -73, -73, -73, -73, -73, -73, -73, -70, 
2c:b0:5d:97:26:a0, 2457, room7341_AV, -77, -77, -77, -77, -77, -77, -78, -78, -78, -78, -78, -78, -78, -78, -71, -71, -71, -71, -75, -75, -75, -77, -77, -77, -77, -78, -78, -78, -78, -78, -78, -78, -78, -78, -78, -78, -78, -79, -79, -79, -79, -78, -78, -78, -78, -77, -77, -77, -77, -77, -77, -77, -77, 
ec:c8:82:7a:dc:54, 2462, eduroam, -65, -65, -65, -65, -63, -63, -63, -63, -65, -65, -65, -65, -65, -65, -65, -65, -63, -66, -66, -66, -66, -65, -65, -65, -65, -63, -63, -63, -63, -67, -67, -67, -67, -67, -65, -65, -65, -65, -65, -65, -65, -62, -62, -62, -62, -63, -63, -63, -63, -63, -63, -63, -63, -63, -63, -63, -63, -67, -67, -67, -67, -65, -68, -68, -65, -65, -65, -64, -64, -64, -66, -66, -66, 
ec:c8:82:7a:3f:d2, 2462, Universities WiFi, -65, -65, -65, -65, -66, -67, -67, -66, -66, -66, -66, -65, -67, -67, -67, -67, -66, -65, -65, -65, -65, -66, -66, -66, -66, -66, -66, -66, -65, -65, -65, -65, -65, -65, -65, -68, -67, -67, -67, -65, -65, -65, -65, -65, -65, -65, -65, -65, -65, -65, -63, -63, 
ec:c8:82:7a:e4:7d, 5240, Universities WiFi, -74, -74, -74, -74, -75, -75, -75, -75, -75, -75, -73, -73, -73, -73, -74, -74, -74, -74, -72, -72, -72, -72, -75, -75, -75, -75, -73, -73, -73, -73, -76, -76, -76, -76, -76, -76, -76, -76, -70, 
00:23:eb:3a:15:b0, 2437, sMobileNet, -72, -72, -72, -72, -71, -71, -71, -71, -70, -70, -70, -70, -71, -71, -71, -71, -71, 
00:1d:70:92:dc:b3, 2462, eduroam, -81, -81, -81, -81, -80, -80, -80, -80, -79, -79, -79, -79, -79, -79, -79, -79, -82, -82, -82, -82, -82, -84, -84, -84, -84, -80, -81, -81, -81, -81, -79, -78, -78, -78, -78, -83, -80, -79, -79, -79, -79, -79, -80, -80, -80, -80, -81, -81, -81, -81, -79, -79, -79, -79, 
ec:c8:82:7a:e1:64, 2412, eduroam, -69, -69, -69, -69, -71, -71, -71, -71, -72, -72, -72, -72, -71, -67, -67, -67, -67, -65, -65, -65, -65, -73, -70, -70, -69, -69, -69, -68, -68, -68, -68, -71, -71, -71, -71, -69, -69, -69, -69, -70, -70, -70, -70, -70, 
ec:c8:82:7a:e4:70, 2412, sMobileNet, -76, -76, -76, -76, -79, -79, -79, -79, -78, -78, -78, -78, -78, -78, -78, -78, -78, -78, -78, -78, -81, -81, -81, -81, -80, -80, -80, -80, 
00:23:eb:3a:13:50, 2437, sMobileNet, -76, -76, -76, -76, -77, -77, -77, -77, -74, -74, -74, -74, 
ec:c8:82:7a:e4:74, 2412, eduroam, -76, -76, -72, -72, -72, -72, -79, -79, -79, -79, -78, -77, -77, -77, -77, -75, -76, -76, -76, -76, -77, -77, -77, -77, -77, -77, -77, -77, -77, -77, -77, -77, -74, -74, -74, -74, -80, -80, -80, -80, -75, -75, -75, -75, 
ec:c8:82:7a:e4:72, 2412, Universities WiFi, -77, -77, -72, -72, -72, -72, -75, -75, -75, -75, -74, -74, -74, -74, -78, -78, -78, -78, -75, -75, -75, -75, 
00:23:eb:3a:29:2f, 5805, sMobileNet, -79, -79, -79, -79, -83, -83, -83, -83, -81, -81, -81, -81, -82, -82, -82, -82, -83, -83, -83, -83, -80, -80, -80, -80, -82, -82, -82, -82, -83, -83, -83, -82, -82, -82, -82, -82, -82, -82, -82, -81, -82, -81, 
ec:c8:82:7a:e4:75, 2412, Alumni, -76, -76, -76, -76, -78, -78, -78, -78, -77, -75, -75, -75, -75, -73, -73, -74, -74, -79, -79, -79, -79, -77, -77, -77, -77, -80, -80, -80, -80, -80, -80, -80, -81, -81, -79, -79, -79, -79, -79, -79, -79, -79, -79, -79, -79, -77, -77, -77, 
00:1d:70:92:dc:b4, 2462, sMobileNet, -78, -78, -78, -78, -79, -79, -79, -79, -80, -80, -80, -79, -79, -79, -79, -81, -81, -81, -81, -80, -80, -80, -80, -79, -79, -79, -79, -79, -79, -79, -79, -79, -79, -79, -79, -79, -79, 
00:25:84:22:ef:41, 2462, Universities WiFi, -76, -76, -76, -76, -77, -77, -77, -77, -77, -77, -77, -77, -77, -77, -77, -77, -77, -77, -77, -77, -77, -77, -77, -77, -77, -77, -76, -76, -76, -76, 
34:bd:c8:db:a8:11, 2412, PCCW, -82, -82, -82, -82, -83, -83, -83, -83, -82, -82, -82, -82, -81, -81, -81, -81, -82, -82, -82, -82, -82, 
34:bd:c8:e3:3b:23, 2462, Universities WiFi, -75, -75, -75, -75, -75, -75, -74, -74, -74, -74, -74, -74, -74, -73, -73, -73, -73, -73, -73, -73, -77, -77, -77, -77, -77, -75, -73, -73, -73, -73, -73, -73, -73, -73, -75, -75, -75, -75, -74, 
34:bd:c8:ad:b2:bb, 5765, eduroam, -83, -83, -83, -83, -84, -84, -83, -83, -83, -83, -83, -83, -83, -81, -81, -81, -81, -81, -81, -81, -81, -82, -82, -82, -82, -82, -82, -82, -82, -82, -82, -82, -83, -83, -83, -83, -83, -83, -83, -83, -83, -83, -83, -83, 
34:bd:c8:ad:b2:bf, 5765, sMobileNet, -84, -84, -84, -84, -86, -82, -82, -82, -83, -83, -83, -83, -83, -83, -83, -83, -83, -83, -83, -83, -83, -83, -83, -83, -83, -83, -84, -84, -84, -81, -83, -83, -83, -83, -82, -82, -82, -82, -83, -84, -82, -82, -82, -83, -83, -83, -83, -83, -83, -81, -81, -81, -81, -85, -85, -85, -85, 
34:bd:c8:db:a8:10, 2412, Y5ZONE, -83, -83, -83, -83, -84, -84, -84, -84, 
00:25:84:22:ef:42, 2462, eduroam, -78, -78, -78, -78, -78, -78, -78, -78, -78, -78, -78, -78, -78, -77, -77, -77, -77, -77, -77, -78, -78, -78, -78, -77, -77, -77, -77, -77, -78, -78, -78, -78, -78, -78, -78, -78, -77, -79, -79, -79, -79, -78, -78, -78, -78, -78, -78, -78, -78, 
90:f6:52:77:63:52, 2427, CLE_LC3018, -87, -87, -87, -87, -91, -91, -91, -91, -91, -88, -88, -88, -88, -90, -88, -88, -88, -88, 
00:23:eb:3a:9b:f0, 2462, VisitorWiFi, -81, -81, -81, -81, -81, -81, -81, -81, 
02:2f:ef:5b:02:3d, 2457, HP862057, -91, -91, -91, -91, -90, -90, -90, -90, -91, -91, -91, -91, -91, -91, -91, -91, -91, -91, -91, -91, -92, -92, -92, -92, 
ec:c8:82:7a:e1:62, 2412, Universities WiFi, -66, -66, -66, -66, -68, -68, -68, -68, -69, -69, -69, -69, -64, -64, -66, -66, -66, -66, -63, -63, -63, -63, -65, -68, -68, -68, -68, -68, -67, -67, -67, -67, -68, -68, -68, -68, -68, -68, -71, -71, -67, -67, -67, -65, -65, -65, -65, -68, -66, -66, -66, -66, -66, 
34:bd:c8:db:54:0f, 5805, sMobileNet, -82, -82, -82, -82, -81, -81, -81, -81, -79, -79, -79, -79, 
34:bd:c8:e3:3b:20, 2462, eduroam, -75, -75, -75, -75, -76, -76, -76, -76, -76, -76, -77, -77, -77, -77, -75, -75, -75, -75, -75, -75, -75, -75, -75, -75, -75, -75, -79, -79, -79, -79, -75, -75, -75, -75, 
98:fc:11:f9:af:1c, 5200, 2306-AirPlay, -83, -83, -83, -83, -83, -83, -83, -83, -83, -83, -83, -83, -84, -84, -84, -84, 
34:bd:c8:db:54:01, 2437, PCCW, -76, -76, -76, -76, 
00:25:84:22:ef:40, 2462, sMobileNet, -76, -76, -76, -76, -78, -78, -78, -78, -78, -77, -77, -77, -77, -76, -76, -76, -76, -77, -77, -77, -77, -77, -77, -77, -78, -78, -77, -77, -77, -77, -77, -77, -77, -77, -77, -77, -77, -77, -77, -79, -79, -77, -77, -77, -77, 
00:23:eb:3a:9b:f4, 2462, sMobileNet, -82, -82, -82, -82, 
00:25:84:22:ef:43, 2462, Alumni, -77, -77, -77, -77, -76, -77, -77, -77, -77, -77, -77, -77, -78, -78, -78, -78, -78, -76, -76, -76, -76, -76, -76, -77, -77, -77, -77, -77, -77, -77, -77, -77, -77, -77, 
00:23:eb:3a:9b:f2, 2462, Alumni, -82, -82, -82, -82, 
34:bd:c8:db:a8:13, 2412, eduroam, -82, -82, -82, -82, 
a0:f3:c1:98:9b:44, 2462, ustrobotics, -87, -87, -87, -87, -87, -87, -87, -87, -87, -87, -87, -90, -90, -90, -90, -91, -91, -91, -91, -87, -87, -87, -87, 
34:bd:c8:db:54:0e, 5805, PCCW, -82, -82, -82, -82, 
34:bd:c8:ad:b2:b5, 2412, Alumni, -84, -84, -84, -84, -78, -78, -78, -79, -79, -79, -79, -75, -74, -74, -74, -74, -78, -78, -78, -78, -76, -76, -76, -76, -75, -75, -75, -75, -79, -79, -79, -79, -78, -78, -78, -78, 
00:25:45:a4:73:f0, 2437, sMobileNet, -79, -79, -79, -79, -77, -77, -77, -77, 
34:bd:c8:db:54:03, 2437, Y5ZONE, -75, -75, -75, -75, -81, -77, -77, -77, -77, -77, -76, -76, -76, -76, -76, -76, -76, -76, 
34:bd:c8:db:54:0d, 5805, Universities WiFi, -80, -80, -80, -80, 
00:23:eb:3a:9b:f3, 2462, Universities WiFi, -81, -81, -81, -81, 
34:bd:c8:ad:b2:b0, 2412, sMobileNet, -80, -80, -80, -80, -75, -75, -75, -75, -76, -76, -76, -76, -77, -75, -75, -75, -75, -77, -77, -77, -77, 
00:23:eb:3a:9b:f1, 2462, eduroam, -83, -83, -83, -83, 
00:1d:70:92:dc:b2, 2462, Universities WiFi, -77, -77, -77, -77, -80, -80, -80, -80, -79, -79, -79, -79, -80, -80, -80, -80, -80, -80, -80, -79, -78, -78, -78, -78, -78, -78, -79, -79, -79, -79, -82, -82, -82, 
00:23:eb:3a:12:f1, 2412, sMobileNet, -80, -80, -80, -80, -80, -80, -80, -80, -80, -80, -80, -80, -80, 
00:25:84:23:20:20, 2412, sMobileNet, -82, -82, -82, -82, 
d8:5d:4c:f6:f4:0c, 2437, Mark Home, -88, -88, -88, -88, 
34:bd:c8:db:54:0b, 5805, eduroam, -81, -81, -81, -81, -79, -79, -79, -79, 
34:bd:c8:db:54:0c, 5805, Y5ZONE, -81, -81, -81, -81, -81, -81, -81, -81, 
00:25:84:22:d6:c0, 2412, sMobileNet, -80, -80, -80, -80, 
34:bd:c8:db:54:05, 2437, Alumni, -76, -76, -76, -76, -77, -77, -77, 
00:25:84:23:20:21, 2412, Universities WiFi, -82, -82, -82, -82, 
00:25:45:a3:f9:10, 2412, sMobileNet, -83, -83, -83, -83, -83, -83, -83, -83, -83, 
34:bd:c8:db:54:02, 2437, Universities WiFi, -77, -77, -77, -77, 
00:23:eb:3a:12:f0, 2412, Universities WiFi, -79, -79, -79, -79, -79, -79, -79, -79, 
34:bd:c8:ad:b2:b4, 2412, eduroam, -76, -76, -76, -76, -78, -78, -78, -78, -79, -79, -79, -79, 
00:25:84:22:ff:b0, 2462, sMobileNet, -79, -79, -79, -79, 
30:37:a6:a5:3e:05, 2412, Alumni, -79, -79, -79, -79, 
34:bd:c8:db:a8:14, 2412, sMobileNet, -83, -83, -83, -83, 
34:bd:c8:db:a8:12, 2412, Universities WiFi, -84, -84, -84, -84, 
00:25:84:23:20:2e, 5805, Universities WiFi, -76, -76, -76, -76, 
00:25:84:23:20:2f, 5805, sMobileNet, -77, -77, -77, -77, 
1e:99:4c:dd:26:dc, 2412, DIRECT-, -83, -83, 
