ec:c8:82:7a:df:60, 2412, sMobileNet, -57, -69, -69, -69, -69, -73, -68, -71, -71, -71, -71, -68, -68, -69, -69, -69, -69, -70, -70, -70, -70, -70, -71, -71, -71, -71, -71, -72, -72, -72, -72, -72, -72, -72, -72, -72, -72, -69, -69, -69, -69, -69, -72, -72, -69, -69, -72, -72, -70, -70, -70, -70, -68, -68, -68, -67, -66, -66, -66, -66, -66, -69, -69, -69, -69, -69, -63, -63, -63, -63, -68, -67, 
90:72:40:16:f6:36, 2462, PAO, -79, -78, -79, -82, -78, -81, -81, -81, -79, -79, -79, -80, -80, -80, -80, -81, -79, -78, -79, -79, -80, -80, -76, -79, -78, -80, -79, -79, -84, -80, -76, -79, -76, -79, -78, -79, -79, -79, -79, -79, -80, -80, -76, -80, -80, -80, -80, -80, -80, -78, -78, -83, -79, -81, -81, -80, -76, -76, -79, -79, -81, -84, -82, -74, -79, -80, -81, -80, -80, -80, -82, -81, -79, -80, -82, -81, -81, -81, -81, -80, -78, -74, -83, -80, -80, -80, -80, -80, -80, -83, -83, -83, -80, -81, -77, -78, -78, -80, -79, -80, 
00:19:be:00:05:b0, 2437, MtrecA8, -70, -71, -72, -72, -72, -74, -74, -76, -74, -74, -74, -73, -72, -72, -75, -75, -75, -73, -74, -75, -72, -73, -73, -73, -75, -73, -73, -73, -73, -73, -73, -73, -71, -74, -71, -72, -73, -74, -72, -72, -71, -73, -74, -73, -72, -72, -73, -73, -72, -73, -75, -75, -73, -72, -82, -75, -76, -74, -72, -72, -72, -73, -72, -73, -73, -73, -74, -75, -71, -74, -74, -74, -73, -73, -73, -74, -73, -75, -74, -74, -74, -74, -73, -73, -81, -74, -72, -75, -72, -72, -73, -73, -74, -72, -74, -73, -74, -73, -73, -74, 
ec:c8:82:7a:df:6c, 5180, Y5ZONE, -67, -66, -64, -68, -64, -65, -67, -67, -67, -66, -64, -67, -69, -67, -65, -65, -66, -65, -65, -66, -66, -64, -64, -64, -65, -66, -64, -65, -65, -67, -65, -65, -65, -65, -65, -63, -64, -63, -66, -66, -66, -65, -64, -65, -65, -67, -65, -65, -64, -64, -64, -67, -67, -67, -67, -66, -65, -66, -66, -65, -65, -63, -63, -63, -63, -63, -63, -63, -64, -64, -65, -64, -65, -64, -65, -66, -66, -63, -65, -70, -66, -67, -67, -69, -65, -65, -65, -66, -67, -64, -65, -64, -64, -66, -66, -66, -66, -64, -64, -64, 
ec:c8:82:7a:df:6e, 5180, PCCW, -62, -66, -66, -70, -66, -66, -69, -69, -69, -67, -66, -69, -70, -68, -66, -66, -67, -67, -67, -67, -67, -66, -65, -67, -67, -67, -66, -66, -66, -68, -66, -66, -66, -66, -66, -65, -65, -65, -68, -66, -66, -66, -66, -66, -67, -67, -66, -66, -65, -65, -65, -68, -68, -67, -67, -67, -66, -66, -66, -65, -66, -64, -65, -65, -65, -65, -65, -65, -65, -65, -66, -66, -66, -64, -65, -66, -66, -65, -67, -71, -67, -68, -68, -70, -67, -67, -66, -68, -68, -65, -65, -65, -65, -67, -67, -67, -67, -65, -65, -65, 
ec:c8:82:7a:df:61, 2412, PCCW, -65, -61, -69, -69, -69, -70, -67, -68, -72, -72, -69, -69, -71, -70, -68, -68, -68, -68, -68, -70, -70, -70, -69, -69, -69, -69, -69, -69, -69, -69, -71, -70, -73, -70, -70, -69, -71, -68, -64, -70, -70, -71, -71, -70, -69, -67, -67, -67, -67, -69, -69, -67, -67, -67, -69, -69, -69, -70, -71, -67, -68, -68, -70, -69, -69, -69, -68, -69, -69, -68, -68, -71, -69, -69, -70, -69, -69, -69, -70, -66, -66, -68, -67, -67, -66, -66, -65, -68, -65, -68, -68, -67, -67, -69, -64, -65, -69, -67, -67, -67, 
ec:c8:82:7a:df:63, 2412, Y5ZONE, -64, -61, -69, -67, -68, -68, -67, -70, -71, -67, -69, -69, -71, -71, -67, -71, -70, -68, -68, -70, -70, -70, -69, -68, -71, -69, -69, -69, -71, -69, -72, -70, -73, -71, -69, -68, -68, -68, -65, -69, -69, -70, -70, -70, -69, -70, -69, -69, -69, -69, -69, -68, -68, -70, -69, -69, -68, -71, -71, -68, -68, -68, -71, -70, -70, -70, -70, -71, -70, -69, -70, -70, -68, -68, -72, -71, -70, -70, -70, -66, -68, -67, -66, -66, -66, -65, -65, -67, -65, -69, -69, -68, -67, -67, -63, -64, -68, -67, -67, -66, 
ec:c8:82:7a:3f:dc, 5240, Y5ZONE, -66, -67, -71, -71, -71, -73, -73, -73, -75, -75, -75, -72, -72, -72, -72, -75, -75, -74, -73, -73, -75, -75, -73, -71, -73, -75, -75, -75, -75, -75, -77, -77, -73, -73, -73, -73, -72, -72, -72, -72, -72, -72, -72, -74, -74, -72, -72, -75, -75, -75, -74, -70, -72, -72, -72, -72, -73, -73, -75, -73, -73, -73, -73, -73, -70, -70, -72, -72, -70, -72, -73, -73, -74, -74, -73, -73, -73, -73, -72, -70, -74, -74, -73, -71, -70, -70, -69, -71, -72, -71, -71, -72, -72, -72, -72, -70, -70, -70, -73, 
ec:c8:82:7a:3f:d3, 2462, Y5ZONE, -66, -66, -66, -66, -65, -67, -68, -68, -64, -64, -64, -64, -64, -64, -64, -65, -69, -67, -68, -68, -68, -68, -68, -68, -68, -67, -68, -67, -66, -66, -66, -66, -68, -68, -66, -66, -63, -67, -67, -67, -67, -67, -66, -66, -66, -66, -66, -66, -67, -65, -67, -68, -65, -66, -66, -65, -65, -66, -66, -66, -67, -66, -68, -68, -68, -67, -65, -65, -65, -66, -66, -66, -70, -67, -67, -67, -66, -66, -68, -67, -68, -68, -68, -65, -66, -66, -66, -66, -66, -67, -67, -67, -67, -67, -68, -65, -64, -64, -64, -66, 
ec:c8:82:7a:3f:d1, 2462, PCCW, -67, -67, -67, -65, -65, -65, -66, -67, -63, -63, -64, -63, -63, -64, -64, -66, -68, -68, -68, -68, -68, -68, -67, -67, -67, -67, -67, -66, -66, -67, -67, -67, -67, -65, -65, -65, -64, -67, -67, -67, -67, -67, -67, -67, -66, -66, -66, -66, -66, -66, -67, -69, -65, -67, -67, -64, -65, -66, -66, -66, -66, -65, -68, -66, -66, -65, -65, -65, -65, -65, -65, -66, -67, -67, -67, -67, -67, -67, -68, -68, -68, -68, -67, -67, -66, -66, -66, -66, -65, -67, -69, -69, -68, -68, -67, -65, -65, -65, -65, -65, 
ec:c8:82:7a:de:63, 2437, Y5ZONE, -65, -69, -69, -70, -65, -61, -64, -66, -66, -64, -67, -68, -67, -66, -63, -62, -62, -62, -62, -65, -65, -65, -63, -66, -64, -64, -64, -65, -65, -65, -61, -65, -68, -64, -68, -64, -61, -61, -60, -59, -60, -60, -63, -60, -60, -60, -58, -61, -60, -62, -62, -60, -64, -64, -61, -65, -61, -65, -63, -62, -63, -60, -61, -61, -61, -61, -61, -60, -59, -61, -61, -60, -64, -61, -59, -63, -62, -61, -60, -65, -65, -64, -64, -64, -64, -64, -64, -64, -67, -64, -62, -62, -61, -62, -62, -61, -61, -62, -63, -65, 
ec:c8:82:7a:dc:53, 2462, Y5ZONE, -55, -61, -61, -62, -62, -61, -61, -61, -62, -61, -61, -61, -60, -60, -60, -64, -60, -60, -60, -60, -60, -60, -61, -61, -61, -63, -62, -62, -61, -61, -61, -60, -60, -60, -60, -60, -63, -66, -66, -62, -60, -60, -60, -63, -62, -60, -60, -60, -60, -62, -62, -60, -60, -61, -61, -63, -60, -60, -60, -60, -61, -60, -60, -60, -60, -60, -60, -60, -60, -60, -61, -61, -61, -60, -60, -60, -60, -62, -62, -62, -59, -60, -61, -60, -60, -60, -60, -60, -60, -61, -61, -61, -60, -61, -61, -61, -61, -61, -60, -62, 
ec:c8:82:7a:dc:51, 2462, PCCW, -54, -60, -60, -62, -63, -62, -61, -61, -64, -61, -61, -61, -61, -61, -61, -65, -61, -61, -60, -60, -60, -60, -61, -62, -62, -62, -62, -62, -62, -61, -60, -60, -60, -60, -60, -60, -63, -66, -67, -63, -60, -60, -60, -64, -62, -61, -61, -61, -60, -61, -62, -60, -60, -62, -62, -64, -61, -60, -60, -61, -61, -60, -60, -60, -60, -60, -60, -60, -60, -60, -60, -60, -60, -60, -60, -60, -60, -61, -62, -62, -59, -59, -61, -60, -60, -60, -60, -60, -61, -61, -61, -61, -61, -62, -62, -62, -61, -61, -61, -62, 
ec:c8:82:7a:de:61, 2437, PCCW, -68, -67, -68, -70, -66, -62, -64, -67, -66, -65, -65, -66, -66, -64, -63, -61, -62, -62, -62, -65, -65, -65, -63, -66, -65, -65, -65, -66, -65, -64, -61, -67, -67, -63, -66, -63, -59, -59, -59, -59, -59, -59, -61, -59, -59, -58, -57, -59, -58, -58, -60, -58, -61, -64, -61, -65, -62, -66, -63, -60, -62, -59, -60, -60, -60, -59, -59, -59, -59, -59, -59, -58, -63, -63, -61, -64, -63, -62, -60, -66, -65, -64, -64, -64, -63, -63, -63, -62, -66, -64, -64, -61, -59, -60, -60, -60, -60, -63, -64, -65, 
ec:c8:82:7a:e1:63, 2412, Y5ZONE, -62, -61, -66, -66, -70, -66, -70, -66, -67, -71, -71, -72, -70, -71, -69, -69, -67, -66, -65, -67, -65, -66, -66, -65, -65, -69, -67, -71, -69, -71, -68, -69, -69, -69, -67, -67, -67, -67, -70, -69, -67, -72, -66, -68, -69, -67, -64, -68, -64, -69, -70, -67, -67, -67, -68, -66, -66, -69, -68, -68, -68, -68, -66, -66, -66, -70, -66, -67, -72, -72, -66, -68, -64, -68, -69, -71, -70, -70, -69, -69, -70, -70, -68, -68, -68, -68, -67, -67, -67, -67, -67, -68, -67, -67, -68, -70, -69, -72, -69, -68, 
ec:c8:82:7a:e1:61, 2412, PCCW, -61, -60, -68, -67, -67, -64, -67, -66, -66, -66, -65, -65, -65, -66, -66, -70, -69, -68, -67, -67, -66, -69, -67, -65, -65, -65, -64, -68, -66, -66, -68, -69, -69, -71, -67, -69, -69, -67, -67, -69, -68, -70, -67, -64, -64, -61, -65, -65, -64, -70, -70, -67, -67, -67, -67, -66, -66, -66, -66, -68, -68, -70, -66, -66, -65, -65, -64, -66, -68, -68, -67, -71, -67, -67, -67, -67, -67, -67, -66, -66, -66, -69, -66, -66, -66, -67, -67, -67, -67, -67, -67, -69, -68, -70, -68, -68, -67, -67, -67, -67, 
ec:c8:82:7a:3f:da, 5240, Alumni, -66, -66, -66, -66, -66, -73, -73, -73, -74, -74, -72, -72, -72, -72, -72, -73, -73, -75, -75, -75, -75, -73, -73, -73, -73, -73, -73, -72, -72, -72, -72, -72, -74, -74, -74, -74, -74, -75, -75, -75, -75, -75, -75, -75, -75, -74, -74, -74, -74, -73, -73, -73, -72, -72, -73, -73, -74, -74, -72, -73, -73, -73, -73, -73, -73, -73, -73, -73, -71, -71, -73, 
7c:e9:d3:7f:0c:9f, 2437, HP-Print-9F-LaserJet 1025, -80, -81, -82, -83, -83, -79, -83, -83, -83, -83, -83, -83, -83, -83, -83, -83, -79, -83, -83, -83, -83, -83, -83, -83, -83, -82, -83, -84, -83, -83, -84, -83, -83, -81, -82, -83, -81, -85, -85, -85, -85, -84, -83, -82, -79, -84, -85, -83, -84, -85, -85, -86, -86, -82, -82, -85, -81, -82, -82, -83, -83, -83, -83, -83, -79, -83, -83, -82, -82, -83, -85, -85, -82, -82, -81, -82, -83, -83, -85, -87, -87, -86, -86, -88, -88, -89, -89, -88, -88, -87, -87, -88, -88, -86, -86, -87, -87, -84, -87, -87, 
ec:c8:82:7a:e4:7d, 5240, Universities WiFi, -68, -62, -55, -56, -59, -58, -56, -56, -55, -56, -55, -55, -55, -55, -55, -55, -55, -55, -55, -57, -57, -56, -56, -56, -55, -55, -55, -55, -55, -55, -56, -58, -58, -58, -55, -55, -55, -55, -55, -55, -58, -58, -58, -56, -56, -55, -57, -57, -56, -57, -57, -57, -57, -56, -56, -56, -58, -58, -56, -56, -57, -57, -58, -56, -56, -57, -57, -55, -55, -55, -55, -55, -56, -56, -57, -57, -57, -56, -57, -58, -57, -58, -56, -56, -57, -58, -58, -56, -56, -56, -56, -56, -56, -57, -58, -58, -58, -58, -58, -58, 
ec:c8:82:7a:e4:7a, 5240, Alumni, -70, -63, -56, -57, -60, -56, -56, -57, -55, -56, -56, -56, -56, -56, -56, -56, -56, -56, -56, -56, -57, -56, -56, -56, -56, -56, -56, -56, -56, -56, -56, -57, -57, -57, -55, -55, -55, -56, -56, -56, -57, -57, -57, -56, -57, -55, -57, -56, -56, -57, -57, -57, -58, -56, -56, -56, -57, -57, -56, -56, -57, -57, -57, -56, -56, -56, -56, -55, -56, -56, -56, -56, -56, -56, -56, -56, -58, -56, -57, -57, -57, -57, -56, -56, -56, -58, -57, -57, -57, -56, -56, -56, -56, -56, -58, -58, -58, -58, -57, -57, 
ec:c8:82:7a:e4:7c, 5240, Y5ZONE, -69, -64, -56, -57, -60, -56, -56, -58, -55, -56, -56, -56, -56, -56, -55, -55, -55, -55, -55, -56, -57, -56, -56, -56, -56, -56, -56, -56, -56, -56, -56, -57, -57, -57, -55, -55, -55, -55, -55, -55, -57, -57, -57, -56, -58, -55, -57, -56, -56, -56, -56, -57, -57, -56, -56, -56, -56, -56, -56, -56, -57, -57, -57, -56, -56, -56, -56, -55, -55, -55, -55, -55, -55, -55, -56, -56, -58, -56, -57, -57, -57, -57, -56, -56, -57, -57, -57, -56, -56, -56, -56, -56, -56, -57, -57, -57, -57, -57, -57, -57, 
ec:c8:82:7a:e4:71, 2412, PCCW, -71, -71, -74, -74, -74, -71, -71, -71, -74, -74, -75, -75, -75, -75, -75, -74, -74, -74, -75, -75, -75, -75, -75, -75, -75, -75, -75, -75, -75, -75, -75, -77, -77, -76, -75, -72, -71, -76, -76, -76, -76, -76, -76, -75, -75, -75, -75, -75, -75, -75, -74, -74, -74, -78, -74, -77, -77, -73, -73, -73, -76, -76, -76, -76, -76, -76, -75, -75, -73, -73, -74, -74, -74, -74, -74, -74, -74, -75, -75, -75, -74, -74, -77, -77, -75, -75, -77, -77, -77, -75, 
ec:c8:82:7a:e4:7e, 5240, PCCW, -69, -64, -56, -57, -60, -56, -56, -58, -56, -56, -56, -56, -56, -56, -56, -56, -56, -56, -56, -57, -57, -57, -57, -57, -56, -56, -56, -56, -56, -56, -56, -57, -57, -57, -56, -56, -56, -56, -56, -56, -57, -57, -57, -57, -58, -56, -57, -57, -56, -58, -57, -57, -57, -57, -57, -57, -57, -57, -57, -57, -57, -57, -57, -57, -57, -57, -57, -56, -57, -57, -57, -57, -57, -57, -57, -57, -59, -56, -57, -57, -57, -57, -57, -57, -57, -57, -57, -57, -57, -57, -57, -56, -56, -57, -57, -57, -57, -57, -57, -57, 
ec:c8:82:7a:3f:df, 5240, sMobileNet, -67, -67, -67, -71, -74, -74, -74, -74, -74, -74, -74, -72, -72, -72, -72, -72, -74, -73, -73, -73, -73, -73, -74, -74, -74, -74, -74, -76, -76, -76, -76, -76, -74, -74, -74, -74, -74, -74, -74, -74, -74, -74, -74, -74, -74, -75, -72, -72, -72, -72, -72, -72, -72, -72, -72, -72, -72, -72, -72, -72, -72, -72, -72, 
ec:c8:82:7a:3f:de, 5240, PCCW, -65, -67, -73, -73, -73, -73, -73, -73, -74, -74, -74, -74, -74, -74, -74, -74, -76, -73, -73, -73, -76, -77, -74, -74, -75, -74, -74, -74, -74, -74, -75, -75, -75, -75, -75, -73, -75, -73, -73, -73, -73, -73, -73, -73, -74, -74, -71, -72, -72, -74, -74, -74, -74, -74, -74, -75, -73, -73, -73, -75, -75, -75, -75, -75, -74, -74, -72, -73, -72, -72, -73, -73, -73, -73, -73, -73, -73, -73, -73, -72, -72, -76, -76, -76, -76, -71, -72, -70, -70, -74, -72, -72, -74, -74, -74, -74, -74, -71, -70, -74, 
02:2f:4f:ac:99:a7, 2457, HP01C2D1, -74, -78, -82, -82, -82, -80, -75, -77, -79, -80, -78, -78, -79, -79, -79, -82, -81, -79, -79, -78, -78, -80, -80, -79, -80, -80, -79, -78, -80, -80, -80, -77, -77, -73, -77, -80, -81, -81, -78, -79, -78, -78, -79, -78, -78, -79, -79, -78, -79, -78, -78, -78, -80, -82, -81, -81, -81, -81, -83, -83, -83, -80, -80, -82, -82, -82, -82, -82, -80, -80, -80, -80, -80, -81, -80, -79, -80, -81, -81, -79, -80, -81, -81, -81, -81, -79, -79, -79, -79, -79, -80, -80, -80, -80, -85, -83, -83, -83, -84, -83, 
00:1d:70:92:dc:be, 5240, PCCW, -75, -75, -75, -73, -72, -72, -72, -72, -72, -72, -72, -72, -72, -72, -72, -71, -71, -71, -71, -71, -72, -72, -73, -73, -72, -72, -73, -73, -70, -72, -72, -72, -72, -71, -71, -71, -71, -71, -71, -71, -71, -71, -71, -72, -71, -72, -72, -71, -70, -72, -73, -73, -73, -70, -71, -71, -71, -71, -71, -71, -71, -71, -71, -71, -73, -71, -71, -71, -70, -70, -72, -72, -72, -72, -71, -71, -71, -72, -71, -72, -72, -72, -71, -71, -70, -72, -73, -70, -70, -71, -69, -69, -69, -72, -72, -72, -72, -72, -68, -68, 
00:1d:70:92:dc:b1, 2462, PCCW, -71, -75, -72, -72, -72, -72, -72, -72, -72, -72, -72, -72, -72, -72, -74, -74, -74, -74, -73, -73, -72, -72, -76, -76, -76, -73, -73, -72, -73, -73, -73, -73, -73, -77, -73, -73, -72, -72, -72, -72, -72, -71, -73, -73, -73, -73, -72, -75, -76, -76, -76, -76, -73, -73, -73, -73, -73, -73, -73, -73, -73, -73, -73, -72, -74, -73, -73, -73, -73, -72, -72, -73, -73, -73, -73, -73, -73, -73, -73, -73, -73, -73, -73, -76, -76, -72, -72, -72, -72, -72, -72, -73, -74, -74, 
00:1d:70:92:dc:bd, 5240, Universities WiFi, -76, -70, -70, -70, -70, -70, -70, -70, -72, -72, -72, -72, -72, -71, -71, -71, -71, -71, -71, -71, -71, -71, -72, -72, -72, -72, -72, -72, -72, -72, -71, -71, -70, -70, -70, -70, -70, -70, -70, -70, -70, -70, -70, -70, -70, -73, -73, -73, -73, -73, -69, -69, -69, -69, -69, -71, -71, -71, -71, -71, -70, -70, -69, -69, -69, -69, -69, -69, -70, -70, -69, -69, -69, -69, -69, -69, -69, -69, -68, -68, 
ec:c8:82:7a:df:6f, 5180, sMobileNet, -65, -65, -66, -66, -64, -64, -65, -65, -65, -65, -65, -65, -65, -65, -66, -65, -65, -65, -65, -65, -65, -65, -66, -67, -67, -67, -67, -67, -67, -65, -66, -66, -66, -66, -66, -66, -65, -65, -65, -65, -65, -66, -66, -66, -66, -66, -66, -66, -66, -66, -65, -65, -64, -64, -64, -65, -66, -66, -67, -67, -67, -67, -67, -66, -66, -65, -65, -65, -65, -65, -66, -66, -66, -67, -66, -66, -66, -65, -66, -66, -66, -66, -66, -66, -66, -66, -66, -66, -66, -68, -67, -66, -66, -66, -66, -66, -66, -64, -64, -64, 
ec:c8:82:7a:df:6d, 5180, Universities WiFi, -63, -65, -63, -63, -64, -64, -64, -64, -64, -66, -66, -67, -67, -67, -64, -64, -64, -64, -66, -66, -66, -63, -63, -63, -66, -66, -66, -66, -66, -66, -64, -64, -64, -62, -62, -62, -62, -62, -62, -62, -66, -63, -63, -63, -63, -66, -66, -64, -64, -64, -64, -64, -64, -66, -66, -66, -66, -66, -66, -66, -64, -63, -63, -63, -63, -63, -63, -63, -66, -66, -66, -66, -66, -63, -64, -65, -66, -63, -63, -69, -69, -67, -67, -67, -67, -65, -65, -66, -66, -64, -64, -64, -64, -65, -65, -65, -65, -63, -63, -63, 
ec:c8:82:7a:e4:7b, 5240, eduroam, -70, -65, -57, -58, -62, -57, -57, -59, -57, -58, -55, -57, -57, -57, -57, -57, -57, -57, -57, -59, -60, -58, -58, -58, -58, -57, -57, -57, -57, -56, -57, -59, -59, -59, -57, -57, -58, -58, -57, -58, -60, -59, -59, -56, -59, -58, -59, -59, -58, -59, -59, -57, -59, -58, -56, -56, -60, -60, -58, -58, -59, -59, -59, -58, -58, -58, -58, -57, -58, -57, -58, -58, -56, -56, -59, -59, -59, -58, -59, -60, -60, -60, -58, -58, -59, -59, -59, -59, -59, -57, -58, -58, -58, -59, -59, -59, -59, -59, -59, -59, 
00:23:eb:3a:9b:f4, 2462, sMobileNet, -79, -79, -79, -79, -79, 
ec:c8:82:7a:df:6b, 5180, eduroam, -64, -66, -65, -65, -66, -66, -66, -66, -68, -68, -68, -68, -68, -67, -65, -65, -65, -65, -67, -67, -67, -64, -64, -64, -64, -64, -64, -67, -65, -65, -65, -65, -65, -65, -65, -65, -68, -68, -68, -65, -64, -64, -64, -65, -65, -66, -66, -66, -67, -67, -67, -67, -67, -67, -67, -67, -68, -68, -67, -65, -65, -65, -65, -67, -64, -64, -66, -66, -66, -66, -66, -65, -65, -65, -65, -64, -64, -70, -70, -68, -68, -69, -69, -67, -67, -67, -67, -65, -65, -65, -65, -66, -66, -66, -66, -64, -64, -63, 
00:1d:70:92:dc:bc, 5240, eduroam, -73, -73, -73, -73, -73, -73, -70, -70, -70, -70, -70, -72, -72, -72, -72, -70, -70, -70, -70, -70, -70, -70, -70, -71, -70, -70, -70, -70, -70, -70, -71, -71, -71, -70, -70, -70, -70, -70, -70, -70, -70, -70, -70, -70, -70, -70, -70, -69, -69, -69, -69, -69, -72, -70, -70, -70, -70, -70, -70, -70, -70, -70, -70, -70, -70, -70, -70, -70, -70, -70, -70, -70, -70, -70, -70, -70, -72, -69, -69, -69, -69, -70, 
ec:c8:82:7a:e4:73, 2412, Y5ZONE, -73, -75, -75, -75, -75, -72, -70, -70, -77, -74, -73, -73, -76, -75, -78, -76, -76, -76, -76, -76, -73, -73, -73, -77, -77, -77, -77, -77, -77, -77, -77, -76, -76, -75, -75, -75, -71, -75, -74, -76, -76, -76, -76, -76, -75, -75, -74, -75, -76, -76, -75, -75, -76, -76, -76, -77, -78, -74, -74, -74, -74, -75, -75, -75, -75, -77, -76, -75, -75, -75, -74, -74, -74, -74, -75, -76, -75, -75, -74, -75, -77, -73, -74, -74, -74, -74, -74, -74, -74, -75, -75, -75, -76, -76, -74, -74, -75, -75, -75, -74, 
ec:c8:82:7a:dc:52, 2462, Universities WiFi, -55, -55, -55, -59, -63, -63, -63, -63, -63, -62, -62, -60, -60, -60, -60, -60, -60, -60, -60, -60, -60, -62, -62, -62, -62, -62, -62, -62, -62, -62, -59, -62, -62, -62, -62, -59, -59, -59, -59, -60, -60, -60, -60, -60, -61, -61, -60, -60, -61, -61, -61, -60, -60, -60, -60, -60, -61, -61, -61, -61, -61, -61, 
ec:c8:82:7a:3f:dd, 5240, Universities WiFi, -66, -66, -66, -70, -70, -70, -70, -70, -74, -74, -74, -74, -73, -74, -74, -74, -74, -74, -74, -74, -74, -74, -74, -74, -74, -74, -74, -74, -73, -73, -73, -73, -73, -73, -74, -74, -71, -71, -71, -71, -71, -73, -73, -73, -73, -73, -73, -73, -73, -73, -72, -72, -72, -72, -72, -72, -72, -74, -74, -74, -74, -74, -71, -71, -71, -71, -71, -70, -70, -70, -70, -70, -70, -73, -73, -73, -73, -69, -69, -69, -69, 
ec:c8:82:7a:df:6a, 5180, Alumni, -63, -63, -63, -70, -65, -67, -67, -69, -69, -69, -65, -65, -65, -68, -64, -63, -65, -65, -65, -65, -68, -68, -64, -64, -64, -68, -68, -68, -68, -65, -65, -65, -65, -65, -65, -64, -66, -65, -65, -67, -66, -64, -63, -67, -67, -67, -65, -65, -65, -64, -64, -67, -67, -67, -67, -66, -65, -65, -65, -65, -65, -62, -63, -64, -64, -64, -64, -64, -64, -64, -64, -64, -64, -65, -65, -65, -65, -63, -63, -63, -66, -66, -67, -67, -67, -67, -67, -67, -68, -65, -65, -65, -65, -65, -65, -65, -67, -63, -63, -63, 
ec:c8:82:7a:3f:db, 5240, eduroam, -68, -68, -68, -71, -71, -71, -71, -71, -76, -76, -76, -76, -76, -73, -73, -73, -73, -73, -73, -70, -70, -70, -70, -70, -74, -74, -74, -73, -74, -74, -74, -74, -74, -74, -74, -73, -73, -72, -72, -72, -72, -72, -74, -74, -74, -74, -74, -74, -74, -72, -72, -72, -72, -72, -74, -74, -72, -72, -72, -72, -72, -71, -71, -71, -71, 
ec:c8:82:7a:de:65, 2437, Alumni, -66, -67, -67, -67, -67, -67, -67, -67, -67, -67, -67, -65, -65, -62, -62, -62, -62, -64, -64, -64, -64, -64, -64, -67, -67, -67, -67, -67, -67, -67, -67, -67, -61, -61, -60, -60, -60, -60, -61, -61, -59, -60, -60, -60, -60, -60, -65, -65, -65, -61, -61, -61, -61, -64, -62, -62, -62, -62, -62, -59, -59, -59, -59, -61, -61, -61, -61, -61, -60, -65, -65, -64, -64, -64, -64, -64, -64, -64, -64, -64, -61, -61, -61, -61, -61, -61, -61, 
ec:c8:82:7a:e1:60, 2412, sMobileNet, -65, -68, -68, -68, -68, -68, -68, -68, -68, -68, -68, -68, -68, -68, -68, -68, -68, -68, -68, -68, -68, -68, -66, -66, -66, -66, -66, -72, -72, -72, -68, -68, -68, -68, -68, -69, -69, -69, -69, -69, -72, -72, -72, -72, -72, -71, -69, -66, -66, -66, -66, -66, -68, -68, -68, -68, -68, -68, -67, -67, -67, -67, -67, -67, -69, 
ec:c8:82:7a:e4:74, 2412, eduroam, -70, -74, -74, -74, -76, -76, -76, -75, -75, -75, -75, -75, -80, -80, -80, -80, -80, -76, -76, -76, -76, -76, -76, -76, -76, -76, -76, -76, -76, -77, -77, -78, -78, -75, -75, -75, -75, -75, -78, -76, -76, -76, -76, -79, -79, -79, -79, -79, -78, -78, -78, -78, -77, -77, -77, -77, -77, -78, -78, -78, -78, -78, -76, -76, -76, -76, -76, 
ec:c8:82:7a:df:64, 2412, eduroam, -72, -71, -71, -71, -71, -75, -75, -72, -72, -72, -72, -72, -71, -71, -71, -73, -73, -73, -73, -73, -69, -69, -69, -69, -67, -67, -67, -67, -67, -70, -70, -70, -70, -70, -72, -72, -72, -72, -72, -69, -71, -71, -71, -71, -71, -69, -69, -69, -69, -69, -69, -68, -69, -69, -69, -69, -69, 
00:1d:70:92:dc:b0, 2462, Y5ZONE, -70, -70, -71, -75, -77, -77, -77, -77, -77, -77, -77, -77, -78, -78, -78, -78, -78, -79, -79, -78, -78, -78, -78, -78, -78, -76, -76, -76, -77, -77, -77, -77, -74, -78, -78, -78, -78, -78, -80, -80, -80, -78, -78, -78, -78, -78, -78, -78, -78, -76, -76, -76, -76, -76, -78, -78, -78, -78, -78, -78, -78, -78, -78, -78, -78, -79, -79, -77, -77, -77, -77, -77, -77, -77, -77, -77, 
34:bd:c8:db:a8:11, 2412, PCCW, -78, -78, -78, -78, -78, -77, -77, -77, -77, -77, -77, -77, -77, -77, -77, -80, -77, -77, -77, -77, -77, -77, -77, -77, -77, -78, -78, -77, -77, -78, -78, -78, -78, -78, -78, -78, -78, -78, -78, -78, -78, -78, -77, -77, -77, -77, -77, -77, -77, -77, -77, -77, -75, -75, -75, -75, -75, -75, -78, -78, -80, -80, -80, -80, -80, -78, -78, -78, -79, -78, -78, -78, -78, -78, -78, -78, -78, -78, -78, -79, -78, -79, -78, -79, -79, -78, -78, -78, -79, -78, -76, -76, -76, -77, -77, -77, -77, -77, -79, -81, 
ec:c8:82:7a:de:60, 2437, sMobileNet, -68, -68, -68, -68, -68, -68, -68, -68, -68, -68, -64, -64, -64, -66, -66, -66, -66, -67, -67, -64, -64, -64, -64, -64, -61, -61, -61, -61, -61, -59, -58, -60, -59, -59, -59, -59, -59, -66, -66, -66, -66, -66, -61, -63, -61, -61, -61, -61, -61, -61, -61, -61, -60, -60, -60, -60, -64, -64, -64, -64, -64, -65, -65, -65, -65, -64, -64, -64, -64, -64, -65, -62, -60, -62, -62, -61, -61, -62, -62, -62, 
ec:c8:82:7a:e4:72, 2412, Universities WiFi, -69, -70, -74, -74, -74, -74, -74, -76, -76, -76, -76, -76, -75, -75, -75, -75, -75, -74, -72, -72, -72, -73, -73, -73, -73, -73, -73, -74, -74, -74, -75, -75, -75, -75, -74, -74, -74, -74, -74, -77, -77, -76, -76, -76, -76, -76, -76, -76, -76, -76, -78, -78, -78, -78, -78, -73, -73, -73, -73, -73, -74, -74, -72, -74, -74, -74, -74, -74, 
00:1d:70:92:dc:b3, 2462, eduroam, -72, -72, -72, -73, -73, -73, -73, -73, -73, -73, -73, -73, -73, -73, -73, -73, -73, -76, -76, -76, -76, -76, -76, -76, -76, -76, -73, -73, -73, -73, -73, -73, -74, -73, -73, -73, -73, -73, -73, -73, -74, -74, -73, -73, -73, -73, -73, -74, -74, -74, -74, -74, -73, -73, -73, -73, -74, -74, -74, -74, -75, -75, -75, -75, -75, -73, -73, -73, -73, -73, 
b4:b5:2f:12:39:ba, 2437, HP-Print-BA-Officejet Pro 8600, -93, 
ec:c8:82:7a:dc:5d, 5765, Universities WiFi, -56, -56, -55, -55, -58, -54, -53, -53, -53, -53, -53, -53, -53, -53, -53, -53, -53, -53, -53, -53, -53, -53, -53, -53, -53, -53, -53, -53, -53, -53, -53, -51, -52, -53, -53, -53, -53, -53, -52, -56, -55, -55, -52, -52, -52, -53, -53, -52, -55, -54, -54, -54, -54, -53, -53, -53, -52, -52, -52, -52, -53, -53, -53, -53, -53, -53, -53, -53, -53, -53, -53, -53, -53, -53, -53, -53, -53, -53, -53, -53, -53, -53, -53, -53, -53, -53, -53, -53, -53, -53, -53, -53, -53, -53, -53, -53, -53, -53, -53, -53, 
ec:c8:82:7a:dc:5b, 5765, eduroam, -56, -58, -54, -54, -58, -54, -54, -54, -54, -54, -54, -54, -54, -54, -54, -54, -54, -54, -54, -54, -54, -54, -54, -54, -54, -54, -54, -54, -54, -54, -54, -53, -53, -53, -53, -53, -53, -53, -53, -57, -55, -55, -53, -53, -53, -53, -53, -53, -55, -54, -54, -54, -54, -53, -53, -53, -53, -53, -53, -53, -53, -53, -53, -52, -53, -53, -54, -54, -54, -54, -54, -54, -54, -53, -53, -53, -53, -53, -53, -53, -53, -53, -53, -53, -53, -53, -53, -53, -53, -53, -53, -53, -53, -53, -53, -53, -53, -53, -53, -53, 
ec:c8:82:7a:dc:5a, 5765, Alumni, -57, -59, -56, -56, -61, -56, -54, -54, -54, -54, -54, -54, -55, -55, -55, -55, -55, -55, -55, -55, -55, -55, -55, -55, -55, -55, -54, -54, -54, -54, -54, -52, -54, -54, -54, -54, -54, -53, -53, -57, -56, -56, -52, -52, -54, -54, -54, -54, -54, -54, -54, -54, -54, -54, -54, -54, -54, -54, -54, -54, -55, -55, -55, -54, -54, -54, -55, -55, -54, -54, -54, -54, -54, -55, -55, -55, -55, -55, -55, -55, -54, -54, -54, -54, -54, -54, -55, -54, -53, -53, -53, -54, -54, -54, -54, -54, -54, -54, -54, -54, 
00:23:eb:3a:13:5f, 5180, sMobileNet, -64, -64, -64, -68, -68, -68, -68, -67, -67, -67, -68, -68, -68, -68, -68, -68, -66, -66, -66, -66, -68, -68, -68, -68, -68, -69, -68, -68, -68, -68, -68, -68, -68, -68, -68, -68, -68, -68, -68, -68, -68, -68, -68, -68, -68, -68, -68, -68, -68, -68, -68, -67, -67, -67, -67, -67, -69, -69, -69, -69, -69, -68, -68, -68, -68, -68, -68, -68, -68, -68, -68, -68, -68, -68, -68, -67, -67, -67, -67, -68, -68, -68, -68, -69, -69, -68, -68, -68, -68, -68, -68, -68, -68, -68, -68, -68, -68, 
ec:c8:82:7a:e1:6b, 5805, eduroam, -66, -62, -70, -65, -65, -64, -64, -64, -65, -64, -66, -66, -64, -70, -66, -67, -67, -65, -68, -68, -65, -67, -66, -66, -66, -66, -65, -65, -64, -66, -70, -70, -67, -67, -68, -72, -68, -64, -65, -65, -65, -69, -65, -66, -66, -66, -66, -66, -66, -67, -69, -69, -72, -69, -71, -64, -65, -66, -66, -69, -65, -63, -69, -66, -66, -67, -66, -66, -68, -70, -69, -69, -66, -65, -65, -65, -65, -65, -65, -65, -69, -69, -69, -69, -66, -66, -66, -66, -65, -65, -65, -67, -67, -68, -70, -69, -67, -67, -66, -68, 
34:bd:c8:e3:3b:2c, 5320, Universities WiFi, -67, -71, -68, -68, -67, -67, -67, -71, -67, -67, -67, -67, -66, -66, -66, -66, -66, -66, -66, -66, -66, -66, -66, -66, -66, -66, -66, -66, -67, -67, -67, -67, -66, -67, -67, -67, -67, -67, -66, -66, -66, -66, -66, -66, -66, -67, -67, -67, -67, -67, -66, -66, -66, -66, -66, -66, -66, -66, -66, -66, -66, -66, -66, -66, -66, -66, -66, -66, -66, -66, -66, -66, -66, -66, -66, -66, -66, -66, -66, -66, -66, -67, -67, -67, -67, -67, -67, -67, -67, -67, -67, -67, -67, -67, -67, -67, -67, -67, -67, -67, 
ec:c8:82:7a:de:6d, 5320, Universities WiFi, -67, -70, -66, -63, -61, -62, -62, -62, -62, -63, -63, -65, -66, -62, -62, -62, -63, -63, -66, -64, -64, -66, -65, -62, -65, -65, -65, -63, -62, -67, -65, -65, -66, -66, -66, -65, -64, -66, -66, -66, -64, -63, -68, -67, -64, -66, -66, -64, -65, -65, -63, -63, -63, -64, -63, -66, -64, -64, -64, -63, -64, -65, -65, -64, -66, -64, -64, -64, -63, -63, -63, -65, -65, -64, -64, -63, -60, -63, -64, -65, -65, -63, -64, -63, -63, -64, -61, -62, -62, -61, -61, -62, -62, -62, -63, -65, -65, -65, -64, -64, 
ec:c8:82:7a:e1:6d, 5805, Universities WiFi, -67, -62, -66, -63, -62, -62, -63, -65, -66, -64, -65, -65, -64, -68, -65, -65, -66, -65, -68, -67, -66, -68, -65, -65, -65, -65, -65, -65, -64, -66, -69, -70, -66, -66, -68, -72, -69, -62, -66, -66, -66, -66, -66, -65, -64, -65, -66, -63, -67, -66, -68, -68, -72, -66, -66, -66, -64, -65, -67, -66, -65, -63, -68, -65, -68, -67, -68, -68, -66, -65, -69, -69, -66, -64, -64, -64, -64, -64, -65, -65, -69, -69, -69, -69, -65, -65, -65, -65, -65, -65, -65, -68, -67, -67, -69, -68, -68, -67, -67, -67, 
ec:c8:82:7a:e1:6f, 5805, sMobileNet, -67, -63, -69, -64, -66, -65, -66, -63, -65, -66, -66, -65, -65, -69, -66, -67, -67, -66, -68, -68, -66, -66, -66, -66, -66, -66, -66, -66, -65, -65, -70, -70, -67, -70, -71, -75, -71, -66, -68, -66, -67, -70, -69, -66, -66, -67, -67, -67, -66, -67, -69, -69, -70, -68, -71, -65, -64, -64, -65, -68, -66, -66, -70, -67, -69, -66, -67, -67, -69, -68, -68, -69, -66, -65, -65, -65, -65, -66, -66, -66, -69, -69, -69, -69, -66, -67, -67, -67, -66, -66, -66, -69, -69, -69, -71, -68, -68, -68, -67, -68, 
ec:c8:82:7a:e1:65, 2412, Alumni, -63, -63, -63, -66, -66, -66, -66, -66, -67, -67, -67, -67, -67, -66, -66, -67, -67, -66, -67, -66, -66, -67, -66, -66, -67, -65, -66, -66, -68, -68, -69, -69, -69, -69, -69, -64, -64, -64, -64, -64, -70, -70, -67, -67, -67, -66, -66, -66, -66, -66, -66, -65, -65, -69, -69, -66, -66, -65, -65, -66, -66, -66, -66, -66, -67, -67, -67, -67, -67, -67, -67, -68, 
34:bd:c8:e3:3b:2e, 5320, Alumni, -68, -73, -69, -69, -68, -68, -68, -72, -69, -67, -67, -67, -67, -67, -67, -67, -67, -67, -67, -67, -67, -67, -67, -67, -67, -67, -67, -67, -68, -68, -68, -68, -67, -67, -67, -68, -68, -68, -67, -67, -67, -67, -67, -67, -67, -67, -67, -67, -67, -67, -67, -67, -67, -67, -67, -67, -67, -67, -67, -67, -67, -67, -67, -68, -67, -67, -67, -67, -67, -67, -67, -67, -67, -68, -68, -68, -68, -68, -68, -68, -68, -68, -68, -68, -68, -68, -68, -67, -67, -67, -67, -68, -67, -67, -67, -67, -67, -67, -67, -67, 
34:bd:c8:e3:3b:2d, 5320, sMobileNet, -69, -73, -69, -68, -68, -68, -68, -71, -68, -68, -67, -67, -67, -67, -68, -68, -68, -68, -67, -67, -67, -67, -67, -67, -67, -67, -67, -67, -67, -67, -67, -67, -67, -67, -67, -67, -67, -67, -67, -67, -67, -67, -67, -68, -68, -68, -68, -68, -67, -67, -67, -67, -67, -67, -67, -67, -67, -67, -67, -67, -67, -67, -67, -67, -67, -67, -67, -67, -67, -67, -67, -67, -67, -67, -67, -67, -67, -67, -67, -67, -67, -68, -67, -67, -67, -67, -67, -67, -67, -67, -67, -67, -67, -67, -67, -67, -67, -67, -67, -67, 
34:bd:c8:e3:3b:2f, 5320, eduroam, -69, -74, -70, -69, -69, -68, -68, -72, -68, -67, -67, -67, -67, -67, -67, -67, -67, -67, -67, -67, -67, -67, -67, -67, -67, -67, -67, -67, -67, -67, -67, -67, -67, -68, -68, -68, -68, -68, -67, -67, -67, -67, -67, -67, -67, -67, -67, -67, -67, -67, -67, -67, -67, -67, -67, -67, -67, -67, -67, -67, -67, -67, -67, -67, -67, -67, -67, -67, -67, -68, -68, -67, -67, -67, -67, -67, -67, -67, -67, -67, -67, -67, -67, -67, -67, -67, -67, -67, -68, -68, -68, -68, -68, -68, -68, -67, -67, -67, -67, -67, 
ec:c8:82:7a:de:6f, 5320, sMobileNet, -71, -71, -68, -65, -65, -64, -67, -63, -63, -65, -61, -65, -65, -62, -66, -64, -64, -67, -67, -67, -66, -66, -65, -62, -66, -67, -66, -65, -61, -68, -67, -68, -64, -64, -64, -61, -63, -67, -67, -67, -67, -67, -69, -69, -65, -67, -67, -67, -67, -63, -63, -62, -63, -64, -64, -65, -66, -64, -64, -62, -63, -64, -66, -66, -66, -64, -64, -65, -64, -63, -63, -65, -66, -65, -65, -63, -63, -63, -63, -64, -64, -64, -65, -65, -63, -65, -63, -63, -63, -63, -64, -63, -63, -63, -64, -66, -66, -66, -65, -65, 
ec:c8:82:7a:df:65, 2412, Alumni, -67, -67, -67, -67, -67, -70, -70, -70, -71, -71, -71, -71, -71, -68, -68, -68, -68, -68, -69, -69, -69, -69, -69, -72, -72, -72, -72, -72, -70, -70, -71, -71, -71, -71, -71, -69, -69, -67, -67, -68, -68, -68, -70, -70, -70, -70, -69, -69, -69, -69, -69, -68, -68, -71, -71, -71, -71, -71, -66, -66, -66, -66, -66, -66, -66, -65, -65, -69, -71, -71, 
ec:c8:82:7a:e1:6a, 5805, Alumni, -72, -66, -70, -68, -68, -66, -66, -66, -66, -67, -67, -67, -66, -70, -67, -66, -66, -64, -65, -66, -64, -64, -65, -66, -66, -66, -66, -66, -65, -65, -70, -70, -67, -70, -71, -73, -68, -64, -68, -67, -65, -68, -68, -69, -65, -67, -68, -66, -66, -68, -72, -76, -72, -71, -71, -64, -64, -65, -67, -67, -68, -68, -72, -68, -68, -67, -67, -67, -70, -66, -69, -70, -66, -65, -66, -66, -66, -66, -66, -65, -69, -71, -69, -69, -66, -66, -66, -66, -66, -66, -66, -67, -67, -71, -72, -70, -68, -68, -67, -69, 
ec:c8:82:7a:de:6b, 5320, eduroam, -73, -71, -68, -64, -64, -64, -64, -64, -63, -63, -63, -67, -64, -62, -63, -63, -64, -67, -66, -66, -66, -67, -64, -62, -65, -65, -65, -64, -62, -66, -64, -67, -65, -65, -65, -63, -63, -66, -66, -65, -65, -64, -68, -68, -66, -66, -66, -67, -67, -64, -64, -62, -62, -64, -64, -65, -64, -64, -63, -63, -63, -63, -66, -64, -65, -65, -64, -64, -64, -62, -62, -65, -65, -65, -65, -63, -61, -63, -62, -65, -65, -64, -65, -65, -64, -64, -61, -61, -62, -62, -62, -62, -65, -61, -65, -66, -66, -66, -66, -66, 
00:25:84:22:f7:3e, 5320, Universities WiFi, -73, -73, -73, -73, -73, 
00:25:84:22:f7:3f, 5320, sMobileNet, -73, -73, -73, -73, -73, 
34:bd:c8:db:57:8f, 5805, sMobileNet, -73, -72, -73, -70, -72, -72, -72, -71, -71, -72, -72, -72, -72, -72, -72, -72, -72, -73, -73, -73, -72, -72, -72, -72, -72, -72, -72, -72, -71, -71, -71, -72, -72, -72, -72, -72, -73, -73, -72, -73, -73, -73, -72, -72, -72, -72, -72, -72, -72, -71, -74, -73, -71, -73, -73, -72, -72, -72, -72, -72, -74, -75, -74, -74, -74, -74, -73, -73, -74, -74, -74, -73, -74, -76, -74, -74, -73, -72, -73, -73, -74, -73, -73, -72, -72, -73, -73, -73, -72, -72, -72, -72, -72, -72, -74, -74, -74, -74, -74, -73, 
ec:c8:82:7a:de:6a, 5320, Alumni, -75, -74, -69, -65, -65, -66, -66, -64, -63, -63, -63, -65, -65, -64, -64, -64, -65, -65, -69, -65, -65, -69, -65, -63, -67, -67, -66, -64, -62, -67, -67, -69, -63, -65, -65, -65, -65, -67, -68, -67, -68, -66, -70, -68, -68, -68, -66, -66, -66, -65, -65, -65, -65, -65, -64, -67, -67, -64, -64, -64, -64, -65, -68, -65, -65, -65, -65, -66, -62, -62, -63, -66, -66, -64, -66, -64, -65, -64, -64, -66, -66, -64, -65, -65, -63, -63, -63, -63, -63, -63, -65, -64, -61, -62, -65, -66, -66, -66, -66, -67, 
34:bd:c8:e3:3b:23, 2462, Universities WiFi, -72, -72, -72, -72, -72, -80, -80, -80, -80, -80, -84, -84, -84, -80, -80, -80, -80, -80, -82, -82, -82, -82, -82, 
ec:c8:82:7a:e4:75, 2412, Alumni, -72, -72, -72, -72, -72, -74, -74, -74, -74, -74, -72, -72, -72, -72, -72, -76, -76, -76, -76, -76, -75, -75, -75, -75, -75, -76, -76, -76, -76, -76, -74, -74, -74, -74, -75, -75, -75, -75, -75, -75, -75, -75, -75, -75, -75, -75, -76, -76, -76, -76, -76, -75, -75, 
34:bd:c8:db:a8:1a, 5805, Alumni, -79, -79, -79, -79, -79, 
34:bd:c8:db:a8:1d, 5805, Universities WiFi, -79, -79, -79, -79, -79, 
34:bd:c8:db:a8:1c, 5805, eduroam, -79, -79, -79, -79, -79, 
00:23:eb:3a:13:50, 2437, sMobileNet, -75, -75, -75, -75, -75, -72, -72, -72, -72, -72, -73, -73, -73, -73, -73, -73, -73, -73, -70, -70, -70, -70, -70, 
34:bd:c8:db:a8:1b, 5805, sMobileNet, -80, -80, -80, -80, -80, 
30:37:a6:a5:3e:04, 2412, sMobileNet, -76, -76, -76, -76, -78, -76, -76, -76, -76, -78, -78, -78, -78, -78, -77, -77, -77, -77, -77, -77, -78, -78, -78, -78, -78, -78, -78, -76, -76, -76, -76, -76, -76, -78, -78, -78, -78, -78, -78, -78, -78, -78, -78, -78, -78, -79, -79, -78, -78, -78, -78, -78, -77, -77, -77, -77, -77, -77, -77, -78, -78, -78, -78, -78, -78, -78, 
30:37:a6:a5:3e:02, 2412, Universities WiFi, -76, -76, -76, -76, -78, -78, -78, -78, -77, -77, -76, -76, -76, -76, -76, -76, -76, -76, -76, -76, -76, -76, -76, -76, -76, -75, -75, -75, -75, -75, -77, -77, -77, -77, -77, -77, -77, -77, -77, -76, -76, -76, -76, -76, -76, -76, -76, -76, -76, -76, -76, -76, -77, -77, -77, -77, -77, 
00:25:84:22:f7:31, 2462, Universities WiFi, -76, -76, -76, -76, -76, -80, -80, -80, -80, -80, -80, -80, -80, -80, -81, -81, -81, -81, -81, -81, -81, -81, -81, -80, -80, -80, -80, -80, -80, -80, -80, -80, 
34:bd:c8:db:54:0d, 5805, Universities WiFi, -81, -81, -81, -81, -81, 
34:bd:c8:db:54:0f, 5805, sMobileNet, -82, -82, -82, -82, -82, 
8c:e0:81:a5:55:f5, 2417, Henry4GLTE_A555F5, -86, -86, -86, -86, -86, -87, -87, -87, -87, -87, -88, -88, -88, -88, -88, -88, -88, -88, -88, -88, -86, -86, -86, -86, -86, 
90:f6:52:77:63:52, 2427, CLE_LC3018, -86, -86, -86, -86, -86, -90, -90, -90, -90, -90, -86, -86, -86, -86, -86, -89, -89, -89, -89, -89, -89, -89, -89, -89, -89, 
ec:c8:82:7a:dc:5e, 5765, PCCW, -55, -57, -55, -55, -57, -54, -55, -55, -55, -54, -54, -54, -54, -54, -54, -54, -54, -54, -54, -54, -54, -54, -54, -54, -54, -54, -54, -54, -54, -54, -54, -54, -53, -53, -53, -52, -54, -54, -54, -56, -54, -57, -54, -54, -54, -54, -54, -54, -56, -56, -56, -55, -54, -54, -54, -54, -54, -54, -54, -54, -54, -54, -53, -53, -53, -53, -53, -53, -54, -55, -54, -54, -54, -54, -53, -53, -53, -53, -53, -53, -53, -54, -54, -54, -54, -54, -54, -54, -54, -54, -54, -55, -53, -53, -53, -53, -53, -53, -53, -54, 
ec:c8:82:7a:dc:5c, 5765, Y5ZONE, -55, -57, -55, -55, -59, -55, -54, -53, -53, -53, -53, -53, -53, -53, -53, -53, -53, -53, -54, -54, -54, -54, -54, -54, -54, -54, -53, -53, -53, -53, -53, -52, -52, -52, -53, -53, -53, -52, -53, -56, -56, -56, -53, -53, -53, -53, -53, -53, -54, -54, -54, -54, -54, -53, -53, -53, -53, -53, -53, -53, -53, -53, -53, -53, -53, -53, -53, -53, -53, -53, -53, -53, -53, -53, -53, -53, -53, -53, -53, -53, -52, -52, -53, -53, -53, -53, -53, -53, -52, -52, -52, -54, -54, -54, -54, -53, -53, -53, -53, -53, 
34:bd:c8:e3:3b:2a, 5320, PCCW, -67, -72, -70, -70, -68, -68, -69, -73, -69, -68, -68, -68, -68, -69, -68, -68, -68, -68, -68, -68, -68, -68, -68, -68, -68, -68, -68, -68, -69, -69, -69, -69, -68, -68, -68, -68, -68, -68, -68, -68, -68, -68, -68, -68, -68, -68, -68, -68, -68, -68, -68, -68, -68, -68, -68, -68, -68, -68, -68, -68, -69, -69, -69, -69, -69, -69, -69, -69, -69, -69, -69, -68, -68, -68, -69, -69, -69, -69, -69, -69, -69, -69, -68, -68, -68, -68, -68, -68, -69, -69, -69, -69, -68, -68, -69, -69, -69, -69, -69, -69, 
ec:c8:82:7a:e1:6e, 5805, PCCW, -68, -64, -66, -69, -64, -65, -65, -67, -67, -66, -65, -65, -65, -69, -68, -65, -65, -65, -68, -66, -66, -66, -66, -66, -67, -67, -66, -67, -67, -66, -70, -70, -67, -68, -69, -76, -68, -66, -66, -71, -67, -68, -68, -65, -65, -65, -67, -65, -67, -68, -71, -69, -68, -68, -67, -63, -65, -66, -67, -67, -68, -65, -71, -71, -68, -68, -65, -65, -72, -72, -71, -69, -66, -64, -64, -65, -65, -66, -67, -66, -70, -70, -70, -69, -67, -67, -67, -67, -66, -66, -66, -67, -66, -71, -71, -69, -68, -68, -67, -69, 
34:bd:c8:e3:3b:2b, 5320, Y5ZONE, -68, -74, -69, -69, -69, -67, -68, -72, -69, -68, -67, -67, -67, -67, -67, -67, -67, -67, -67, -67, -67, -67, -67, -68, -67, -67, -67, -67, -67, -67, -67, -67, -67, -67, -67, -67, -67, -67, -67, -67, -67, -67, -67, -67, -67, -67, -67, -67, -67, -67, -67, -67, -67, -68, -67, -67, -67, -67, -67, -67, -67, -67, -67, -67, -67, -67, -67, -67, -67, -67, -67, -67, -67, -67, -67, -67, -67, -67, -67, -67, -67, -68, -68, -68, -67, -67, -67, -67, -67, -67, -67, -67, -67, -67, -67, -67, -67, -67, -67, -67, 
ec:c8:82:7a:de:6c, 5320, Y5ZONE, -68, -69, -68, -65, -65, -62, -62, -62, -62, -63, -61, -64, -64, -62, -62, -62, -66, -62, -63, -63, -63, -66, -65, -62, -64, -64, -63, -63, -63, -68, -66, -66, -62, -65, -63, -62, -63, -65, -66, -64, -66, -64, -68, -66, -66, -66, -62, -63, -66, -64, -65, -65, -65, -65, -62, -66, -64, -64, -63, -63, -63, -64, -64, -62, -62, -62, -63, -63, -61, -62, -63, -63, -63, -63, -64, -63, -63, -63, -63, -65, -64, -63, -65, -64, -64, -64, -61, -65, -63, -62, -62, -62, -62, -62, -64, -65, -65, -65, -63, -64, 
ec:c8:82:7a:e1:6c, 5805, Y5ZONE, -68, -65, -65, -63, -65, -67, -67, -64, -64, -67, -67, -67, -66, -70, -66, -64, -65, -65, -65, -66, -66, -66, -66, -66, -66, -65, -65, -64, -64, -64, -68, -68, -66, -68, -64, -75, -68, -63, -65, -67, -65, -67, -67, -63, -66, -65, -65, -65, -67, -69, -71, -70, -70, -74, -69, -65, -65, -65, -65, -66, -70, -66, -73, -67, -68, -66, -62, -62, -68, -66, -70, -69, -66, -63, -64, -65, -64, -64, -65, -65, -70, -71, -71, -69, -65, -65, -65, -65, -65, -64, -64, -67, -66, -70, -72, -71, -67, -66, -66, -69, 
ec:c8:82:7a:de:6e, 5320, PCCW, -71, -71, -67, -64, -64, -62, -62, -64, -64, -66, -65, -65, -63, -63, -63, -65, -67, -64, -64, -64, -65, -65, -66, -64, -64, -65, -65, -65, -62, -66, -65, -64, -66, -66, -69, -64, -66, -66, -64, -65, -64, -64, -66, -69, -66, -66, -63, -66, -67, -67, -67, -67, -67, -66, -64, -66, -66, -66, -66, -65, -63, -64, -64, -63, -64, -64, -63, -63, -62, -63, -64, -64, -64, -65, -65, -63, -63, -65, -65, -65, -64, -64, -66, -65, -65, -65, -61, -64, -65, -64, -63, -64, -64, -64, -64, -64, -64, -64, -63, -63, 
2c:b0:5d:97:26:a0, 2457, room7341_AV, -72, -72, -75, -75, -75, -76, -76, -77, -77, -76, -76, -76, -76, -76, -76, -76, -76, -78, -78, -78, -78, -75, -75, -75, -75, -75, -75, -75, -75, -75, -75, -75, -75, -75, -75, -77, -77, -77, -77, -77, -79, -79, -83, -83, -83, -83, -83, -80, -80, -80, -80, -80, -78, -78, -78, -78, -78, 
00:23:eb:3a:9b:f0, 2462, VisitorWiFi, -75, -75, -75, -75, -75, -81, -81, -81, -81, -81, -80, -80, -80, -80, -80, 
34:bd:c8:db:a8:1e, 5805, PCCW, -80, -80, -80, -80, -80, 
34:bd:c8:db:a8:1f, 5805, Y5ZONE, -80, -80, -80, -80, -80, 
34:bd:c8:db:54:0e, 5805, PCCW, -81, -81, -81, -81, -81, 
34:bd:c8:db:54:0c, 5805, Y5ZONE, -81, -81, -81, -81, -81, 
34:bd:c8:db:a8:10, 2412, Y5ZONE, -78, -78, -78, -77, -77, -77, -77, -77, -75, -75, -75, -75, -77, -77, -76, -78, -78, -78, -78, -78, -76, -76, -77, -77, -77, -77, -77, -77, -77, -77, -78, -78, -78, -77, -77, -77, -77, -77, -76, -76, -76, -77, -76, -76, -77, -77, -77, -77, -77, -75, -74, -76, -75, -75, -75, -75, -77, -77, -77, -77, -77, -77, -77, -77, -77, -77, -77, -77, -77, -77, -77, -77, -79, -79, -77, -77, -79, -77, -78, -78, -78, -78, -78, -78, -78, -78, -78, -77, -77, -77, -77, -77, -77, -77, 
ec:c8:82:7a:dc:5f, 5765, sMobileNet, -60, -55, -54, -60, -55, -54, -54, -54, -54, -54, -54, -54, -54, -54, -54, -54, -54, -54, -54, -54, -54, -54, -54, -54, -54, -54, -54, -54, -53, -53, -52, -53, -53, -54, -54, -54, -53, -53, -56, -56, -56, -53, -53, -53, -53, -53, -53, -56, -55, -54, -54, -54, -54, -54, -54, -53, -53, -53, -53, -53, -53, -53, -53, -54, -54, -54, -54, -54, -54, -54, -54, -54, -54, -54, -54, -54, -54, -54, -54, -54, -54, -54, -54, -54, -54, -54, -54, -53, -53, -53, -53, -53, -54, -54, -54, -54, -54, -54, -54, 
ec:c8:82:7a:e4:7f, 5240, sMobileNet, -64, -57, -58, -61, -58, -58, -59, -56, -57, -57, -57, -57, -57, -57, -57, -57, -57, -57, -58, -58, -57, -57, -57, -57, -57, -56, -56, -56, -57, -57, -58, -58, -58, -56, -56, -57, -57, -57, -57, -59, -59, -59, -57, -58, -56, -58, -58, -57, -57, -57, -58, -58, -58, -57, -57, -58, -58, -57, -56, -59, -59, -58, -58, -58, -58, -58, -56, -57, -57, -57, -57, -57, -57, -58, -58, -59, -57, -57, -58, -58, -59, -58, -57, -58, -58, -58, -58, -58, -57, -57, -57, -57, -58, -58, -58, -58, -58, -58, -58, 
ec:c8:82:7a:e1:62, 2412, Universities WiFi, -61, -61, -61, -61, -61, -67, -67, -67, -67, -67, -68, -68, -68, -68, -68, -68, -68, -68, -68, -68, -68, -68, -67, -65, -66, -66, -66, -66, -71, -71, -71, -67, -68, -68, -68, -68, -68, -68, -68, -68, -68, -68, -68, -65, -67, -64, -68, -68, -68, -68, -68, -65, -65, -65, -65, -65, -67, -67, -67, -67, -67, -67, -67, -67, -67, -68, -67, -67, -67, -67, -67, -67, -67, -67, -67, -67, -67, 
ec:c8:82:7a:dc:50, 2462, sMobileNet, -61, -61, -61, -61, -61, -60, -60, -60, -60, -60, -62, -62, -62, -62, -62, -61, -61, -61, -61, -61, -63, -63, -67, -67, -67, -67, -67, -65, -65, -65, -65, -61, -61, -61, -61, -61, -60, -60, -60, -60, -60, -60, -60, -60, -60, -60, -61, -61, -61, -62, -62, -62, -62, -61, -61, -61, -61, -61, -61, -60, -60, -60, -60, -60, -60, -60, -60, -61, -61, -61, -61, -62, 
ec:c8:82:7a:df:62, 2412, Universities WiFi, -62, -62, -62, -66, -66, -66, -66, -66, -72, -72, -72, -72, -69, -69, -69, -69, -69, -69, -69, -65, -65, -65, -65, -65, -68, -68, -68, -68, -68, -69, -69, -69, -69, -69, -70, -69, -69, -69, -69, -69, -69, -69, -69, -70, -70, -70, -70, -70, -66, -66, -66, -66, -66, -69, -66, -66, -66, -66, -66, 
ec:c8:82:7a:dc:54, 2462, eduroam, -64, -64, -64, -64, -64, -64, -64, -64, -64, -64, -67, -67, -63, -63, -63, -63, -63, -64, -64, -64, -64, -64, -64, -62, -62, -62, -62, -62, -62, -62, -62, -62, -62, -63, -63, -63, -63, -63, -64, -64, -64, -64, -64, -62, -62, -62, -62, -62, -63, -62, -62, -64, -64, -64, -64, -63, -63, -63, -63, -62, -62, -62, -62, -62, -62, -64, -64, -64, -63, -63, -63, 
ec:c8:82:7a:e1:64, 2412, eduroam, -64, -64, -64, -64, -64, -64, -66, -66, -66, -66, -66, -67, -67, -67, -67, -70, -70, -70, -70, -70, -70, -70, -67, -65, -65, -65, -65, -65, -65, -69, -69, -69, -69, -68, -68, -68, -68, -68, -66, -66, -66, -66, -66, -66, -66, -66, -66, -66, -69, -69, -69, -69, -70, -70, -70, -70, -70, -68, -68, -68, -68, -68, -71, -71, -71, -71, -68, -68, -68, -68, -68, 
00:25:84:23:01:ff, 5320, sMobileNet, -76, -76, -76, -76, -76, 
00:25:84:23:16:1f, 5320, sMobileNet, -77, -77, -77, -77, -77, 
30:37:a6:a5:3e:0a, 5765, Alumni, -79, -79, -79, -78, -76, -76, -77, -77, -77, -77, -77, -77, -77, -77, -77, -77, -77, -77, -77, -77, -77, -77, -77, -77, -77, -77, -77, -77, -76, -77, -77, -77, -79, -77, -77, -77, -76, -76, -76, -77, -77, -77, -77, -77, -77, -77, -77, -77, -77, -77, -77, -77, -77, -77, -77, -77, -77, -77, -77, -77, -78, -78, -77, -77, -77, -77, -77, -77, -78, -78, -78, -78, -78, -78, -77, -78, -77, -77, -77, -77, -76, -76, -75, -76, -75, -74, -75, -75, -76, -76, -76, -76, -76, -76, -75, -75, -75, -75, -75, 
00:1d:70:92:dc:b2, 2462, Universities WiFi, -75, -75, -75, -75, -75, -74, -74, -74, -74, -74, -74, -74, -75, -75, -75, -75, -74, -74, -74, -74, -74, -75, -75, -75, -75, -75, -73, -73, -73, -73, -73, -73, -74, -74, -77, -77, -77, -77, -75, -75, -75, -75, -75, -74, -74, -74, -74, -75, -75, -75, -76, -76, -75, -75, -75, -75, -75, -75, -75, -74, -74, -74, -74, -74, -74, -74, -74, -74, -74, -74, -74, -76, -76, -73, -73, -73, -73, -73, -75, -75, -75, 
30:37:a6:a5:3e:0c, 5765, eduroam, -80, -80, -80, -78, -77, -77, -77, -77, -77, -77, -77, -77, -77, -77, -77, -77, -77, -77, -77, -77, -77, -77, -76, -76, -77, -77, -77, -77, -77, -77, -77, -77, -77, -77, -77, -77, -76, -76, -76, -76, -76, -76, -76, -76, -76, -76, -76, -76, -76, -77, -78, -78, -77, -77, -77, -77, -77, -77, -77, -77, -77, -77, -77, -77, -77, -77, -77, -77, -77, -77, -77, -77, -77, -77, -77, -77, -77, -77, -76, -76, -75, -75, -75, -75, -75, -74, -76, -76, -76, -76, -76, -76, -76, -76, -76, -76, -76, -76, -76, 
30:37:a6:a5:3e:0b, 5765, sMobileNet, -81, -81, -81, -78, -78, -81, -78, -76, -77, -78, -78, -78, -78, -77, -77, -77, -77, -77, -77, -77, -77, -77, -77, -77, -77, -77, -77, -78, -78, -78, -78, -78, -78, -77, -77, -77, -77, -77, -77, -77, -77, -77, -77, -77, -77, -77, -77, -77, -77, -77, -77, -77, -77, -77, -77, -77, -77, -77, -77, -77, -77, -77, -77, -78, -78, -78, -78, -78, -78, -78, -78, -78, -78, -78, -78, -78, -78, -78, -77, -77, -76, -76, -76, -76, -75, -74, -76, -76, -76, -76, -76, -75, -75, -75, -75, -75, -76, -76, -76, 
30:37:a6:a5:3e:0d, 5765, Universities WiFi, -81, -81, -81, -77, -77, -77, -76, -76, -77, -77, -77, -77, -77, -77, -77, -77, -77, -77, -77, -77, -77, -77, -76, -76, -76, -77, -77, -77, -77, -77, -77, -77, -77, -77, -77, -77, -76, -77, -76, -76, -76, -77, -77, -77, -77, -76, -76, -76, -76, -77, -77, -77, -77, -77, -77, -77, -77, -77, -77, -77, -77, -78, -78, -78, -78, -78, -78, -78, -78, -78, -78, -78, -78, -78, -77, -77, -77, -77, -76, -76, -76, -76, -76, -76, -75, -74, -76, -76, -76, -76, -76, -75, -75, -75, -75, -75, -75, -75, -75, 
00:25:84:22:d6:c0, 2412, sMobileNet, -78, -78, -78, -78, -78, 
00:23:eb:3a:9b:f3, 2462, Universities WiFi, -78, -78, -78, -78, -78, -80, -80, -80, -80, -80, -80, -80, -80, -80, -80, -80, -80, -80, -80, -80, -80, -80, -80, -80, -82, 
00:23:eb:3a:9b:f1, 2462, eduroam, -79, -79, -79, -79, -79, -83, -83, -83, -83, -83, -82, -82, -82, -82, -82, 
30:37:a6:a5:3e:0e, 5765, PCCW, -80, -80, -80, -78, -78, -78, -78, -78, -78, -78, -78, -78, -79, -79, -78, -78, -78, -78, -78, -78, -78, -78, -78, -78, -78, -78, -78, -78, -78, -78, -78, -78, -78, -78, -77, -77, -77, -77, -77, -77, -77, -77, -77, -77, -77, -76, -76, -76, -76, -78, -78, -78, -78, -78, -78, -78, -78, -78, -78, -78, -78, -79, -79, -79, -79, -78, -78, -78, -79, -79, -79, -79, -79, -79, -78, -78, -78, -78, -78, -77, -77, -77, -76, -76, -76, -75, -77, -77, -77, -77, -77, -76, -76, -76, -76, -76, -76, -76, -76, 
30:37:a6:a5:3e:0f, 5765, Y5ZONE, -81, -80, -80, -77, -77, -77, -77, -77, -77, -77, -77, -78, -78, -76, -76, -77, -77, -77, -77, -77, -77, -77, -76, -76, -76, -76, -76, -77, -77, -77, -77, -77, -77, -76, -77, -77, -76, -77, -77, -77, -77, -77, -77, -77, -76, -76, -76, -76, -77, -77, -77, -77, -77, -77, -77, -76, -77, -77, -77, -77, -77, -77, -77, -77, -77, -77, -77, -77, -77, -77, -77, -77, -77, -77, -77, -77, -77, -77, -76, -76, -76, -76, -76, -76, -75, -74, -75, -75, -75, -75, -75, -75, -75, -75, -75, -75, -75, -75, -75, 
ec:c8:82:7a:3f:d5, 2462, Alumni, -67, -67, -67, -67, -67, -63, -63, -63, -63, -63, -68, -68, -68, -68, -68, -68, -68, -68, -68, -67, -67, -66, -66, -66, -66, -66, -70, -70, -70, -70, -66, -66, -66, -66, -66, -66, -66, -66, -66, -67, -67, -67, -67, -67, -66, -66, -66, -67, -67, -67, -67, -67, 
00:1d:70:92:dc:ba, 5240, Alumni, -73, -72, -72, -71, -71, -71, -71, -70, -70, -73, -73, -73, -73, -73, -71, -71, -71, -71, -71, -71, -71, -71, -71, -71, -71, -72, -72, -72, -72, -72, -72, -72, -72, -71, -71, -71, -71, -71, -70, -70, -70, -70, -70, -73, -73, -70, -69, -68, -68, -70, -70, -70, -70, -70, -69, -69, -69, -69, -69, -70, -70, -70, -70, -70, -70, -70, -70, -71, -70, -70, -70, -70, -70, 
00:25:84:22:f9:70, 2412, sMobileNet, -75, -76, -76, -76, -76, -76, -76, -76, -76, -75, -75, -75, -75, -75, -75, -75, -75, -75, -75, -75, -75, -77, -77, -75, -75, -75, -76, -76, -76, -76, -76, -76, -76, -76, -76, -76, -76, -76, -76, -77, -77, -77, -77, -77, -77, -77, -75, -75, -75, -75, -75, -75, -75, -76, -76, -76, -76, -76, -75, -75, -76, -76, -76, -76, -76, -76, -76, -76, -76, -76, -76, -76, -76, -76, -76, -76, -76, -75, -75, -75, -75, -75, -76, -76, -77, -77, -77, -77, -77, -77, -76, -76, 
00:25:84:22:f9:71, 2412, Universities WiFi, -77, -77, -77, -77, -77, -76, -76, -76, -76, -77, -77, -75, -76, -76, -76, -77, -77, -74, -74, -74, -74, -77, -77, -77, -77, -77, -77, -77, -77, -77, -78, -77, -77, -77, -75, -76, -75, -75, -75, -75, -77, -77, -77, -77, -77, -77, -77, -77, -77, -77, -77, -77, -77, -77, -77, -76, -76, -76, -76, -76, -76, -76, -76, -74, -76, -76, -77, -77, -77, -77, -77, -77, -77, -77, -77, -74, -75, -76, -76, -76, -76, -76, -76, -76, -73, -74, -76, -76, -76, -77, -77, -77, -77, -77, -77, -77, 
34:bd:c8:db:a8:12, 2412, Universities WiFi, -78, -78, -78, -78, -78, -76, -76, -76, -76, -76, -77, -77, -77, -77, -77, -77, -77, -77, -76, -76, -76, -76, -78, -78, -78, -78, -78, -75, -75, -75, -75, -75, -78, -78, -78, -78, -78, -79, -78, -78, -78, -78, -78, -78, -78, -78, -81, 
00:23:eb:3a:93:f3, 2437, Universities WiFi, -78, -78, -78, -78, -78, -80, -80, -79, -79, -79, -79, -79, -79, -79, -79, -79, -79, -79, -79, -79, -79, -78, -78, -78, -78, -78, -79, -79, -79, -79, -79, -78, -78, -78, -78, -79, -78, -78, -78, -78, 
00:1d:70:92:dc:bb, 5240, sMobileNet, -72, -72, -71, -71, -71, -71, -71, -71, -71, -73, -70, -70, -70, -70, -70, -70, -70, -70, -70, -70, -70, -70, -70, -70, -70, -70, -70, -70, -70, -70, -70, -70, -70, -72, -72, -72, -72, -72, -72, -72, -72, -71, -71, -71, -71, -71, -72, -71, -71, -71, -71, -71, -71, -71, -71, -71, -71, -69, -69, -69, -69, -69, -69, -69, -70, -70, -70, -70, -70, -70, -70, -70, -69, -69, -69, -69, 
ec:c8:82:7a:e4:70, 2412, sMobileNet, -81, -75, -75, -75, -75, -75, -74, -74, -74, -74, -74, -77, -77, -77, -77, -77, -76, -76, -76, -76, -76, -76, -76, -76, -76, -76, -74, -74, -74, -74, -74, -75, -75, -75, -75, -75, -76, -76, -76, -76, -76, -75, -74, 
00:1d:70:92:dc:bf, 5240, Y5ZONE, -72, -72, -70, -70, -70, -70, -70, -70, -70, -70, -70, -70, -73, -73, -71, -71, -71, -71, -71, -71, -70, -70, -71, -71, -71, -70, -70, -70, -68, -68, -69, -69, -69, -69, -70, -70, -70, -70, -70, -70, -70, -70, -70, -70, -70, -70, -70, -69, -69, -69, -69, -69, -69, -70, -70, -70, -70, -70, -70, -70, -73, -73, -72, -72, -72, -72, -72, -70, -70, -69, -69, -69, -70, -70, -70, -70, -70, -70, -70, -70, -67, -67, -67, -70, -70, -67, -67, -67, -67, 
00:23:eb:3a:9b:00, 2412, VisitorWiFi, -81, -81, -81, -81, -81, -79, -79, -79, -79, -79, -78, -78, -78, -78, -78, -78, -78, -79, -79, -79, -79, -79, -78, -78, -78, -78, -78, -78, -78, -79, -79, -79, -79, -79, -79, -79, -79, -79, -79, 
c8:d7:19:04:56:97, 5180, 2304-AirPlay, -81, -81, -81, -81, -81, -82, -82, -82, -82, -82, -81, -81, -81, -81, -81, -81, -81, -81, -81, -82, -82, -82, -82, -80, -80, -80, -80, -80, -80, -80, -81, -81, -81, -81, -81, -80, -80, -80, -80, -80, -80, -80, -80, -80, -80, -81, -81, 
34:bd:c8:db:54:04, 2437, eduroam, -80, -80, -80, -80, -80, -78, -78, -78, -78, -78, -78, -78, -78, -78, -78, -79, -79, -79, -79, -79, -79, -79, -79, -79, -79, -79, -79, -79, -79, -79, -80, -80, -80, -80, -80, -79, -79, -79, -79, 
00:23:eb:3a:93:f1, 2437, eduroam, -80, -80, -80, -80, -80, -80, -80, -80, -80, -80, -80, -80, -80, -80, -80, -81, -81, -81, -80, -80, -80, -80, -80, -79, -79, -79, -79, -79, -80, -80, -80, -80, -81, -80, -80, -80, -80, -80, -80, -80, -80, -80, -80, 
34:bd:c8:e3:3b:21, 2462, Alumni, -82, -82, -82, -82, -82, -79, -79, -79, -79, -79, -80, -80, -80, -80, -80, -82, -82, -82, -82, -82, 
30:37:a6:a5:3e:01, 2412, PCCW, -78, -78, -76, -76, -76, -76, -76, -76, -76, -76, -77, -77, -77, -76, -76, -76, -76, -76, -76, -76, -76, -76, -76, -76, -76, -76, -77, -77, -77, -77, -77, -77, -76, -76, -76, -76, -76, -76, -77, -77, -76, -76, -76, -76, -78, -76, -76, -76, -76, -77, -77, -77, -77, -77, -77, -75, -75, -77, -77, -75, -76, -76, -76, -76, -76, -77, -77, -77, -77, -77, -77, -77, -77, -75, -75, -75, -77, -77, -77, -77, -77, -77, -77, -77, -77, -77, -77, -77, -77, -77, -77, 
30:37:a6:a5:3e:00, 2412, Y5ZONE, -78, -76, -76, -76, -76, -77, -77, -77, -77, -77, -77, -77, -76, -76, -77, -77, -77, -77, -77, -77, -77, -77, -77, -77, -77, -77, -77, -77, -77, -78, -78, -77, -77, -77, -77, -77, -77, -77, -77, -76, -77, -76, -76, -76, -76, -76, -77, -77, -77, -77, -77, -77, -77, -77, -78, -77, -77, -77, -77, -77, -77, -77, -77, -77, -77, -77, -77, -77, -75, -75, -75, -75, -75, -78, -77, -77, -77, -77, -77, -77, -77, -76, -76, -76, -76, -76, -77, 
30:37:a6:a5:3e:05, 2412, Alumni, -74, -74, -74, -74, -74, -75, -75, -75, -75, -75, -75, -75, -75, -75, -75, -75, -75, -75, -75, -75, -75, -75, -76, -76, -76, -76, -76, -76, -75, -75, -75, -75, -75, -75, -75, -75, -75, -75, -75, -75, -75, -75, -76, -76, -76, -76, -76, -75, -76, -76, -76, -76, -75, -75, -75, -75, -75, -76, -75, -75, -75, -75, -75, 
34:bd:c8:db:a8:14, 2412, sMobileNet, -76, -76, -76, -76, -76, -76, -76, -76, -76, -77, -77, -77, -77, -77, -77, -77, -77, -77, -78, -78, -78, -78, -78, -77, -77, -77, -77, -76, -76, -76, -76, -76, -76, -76, -75, -75, -75, -75, -75, -75, -75, -78, -78, -78, -78, -78, -78, -78, -78, -78, -78, -78, -78, -78, -78, -78, 
00:23:eb:3a:93:f0, 2437, VisitorWiFi, -79, -79, -79, -79, -79, -78, -78, -78, -78, -78, -79, -79, -79, -79, -79, -79, -78, -78, -78, -78, -78, -78, -78, -78, -78, -78, -79, -79, -79, -79, -79, -79, -79, -79, -79, -79, -79, -79, -79, -79, -80, -80, -80, -80, -80, 
ec:c8:82:7a:de:64, 2437, eduroam, -68, -68, -68, -68, -68, -70, -70, -70, -70, -70, -69, -67, -67, -67, -67, -67, -67, -67, -67, -67, -63, -63, -63, -63, -63, -60, -60, -59, -59, -60, -60, -60, -60, -60, -61, -64, -64, -64, -64, -61, -61, -60, -60, -60, -60, -60, -66, -66, -66, -66, -66, -66, -66, -66, -66, -66, -66, -66, -66, -66, -67, -67, -62, -62, -62, -62, -62, -62, -62, 
34:bd:c8:db:a8:15, 2412, Alumni, -76, -76, -76, -76, -76, -76, -76, -76, -76, -76, -76, -76, -76, -76, -76, -76, -76, -76, -76, -76, -79, -79, -79, -79, -79, -78, -78, -78, -78, -78, -78, -78, -78, -78, -78, -78, -78, -78, -78, -78, 
34:bd:c8:db:a8:13, 2412, eduroam, -79, -79, -79, -79, -79, -78, -78, -78, -78, -78, -81, -81, -81, -80, -80, -80, -80, -80, -80, -79, -79, -79, -79, -79, -79, -79, -79, -79, -79, -80, -80, -80, -80, -79, -79, -79, -79, -79, -81, -81, -81, -80, -79, -79, -79, -79, -79, -79, -79, -79, 
34:bd:c8:e3:3b:25, 2462, PCCW, -80, -80, -80, -80, -80, -80, -80, -80, -80, -81, -81, -81, -81, -81, -81, -81, -81, -81, -81, -81, -81, -81, -80, -80, -80, -80, -80, -81, -81, -80, -80, -80, -80, -80, -80, -80, -80, -81, -81, -81, -81, -81, -81, -81, -81, -80, -80, -80, -80, -80, -80, -80, -80, -80, -80, -80, -80, -80, -80, -81, -81, -81, -80, -80, -80, -80, -80, -80, -80, -80, 
58:bc:27:5d:de:51, 2437, PCCW, -81, -81, -81, -81, -81, -81, -81, -81, -81, -81, -81, -81, -80, -80, -80, -80, -80, -80, -80, -80, -81, -81, -81, -81, -81, -81, -81, -81, -81, -81, -81, -81, -81, -81, -81, -81, 
ec:c8:82:7a:dc:55, 2462, Alumni, -62, -62, -62, -62, -62, -62, -60, -60, -60, -59, -59, -59, -59, -59, -61, -61, -61, -61, -61, -62, -62, -59, -59, -59, -59, -61, -61, -62, -65, -69, -69, -69, -69, -69, -69, -64, -64, -64, -64, -64, -61, -61, -61, -61, -61, -61, -61, -60, -60, -60, -60, -60, -60, -60, -60, -60, -60, -60, -60, -60, -60, -62, -62, -62, -62, -60, -60, -60, -60, -60, -60, -60, -60, -60, -60, -60, -60, -60, 
ec:c8:82:7a:3f:d0, 2462, sMobileNet, -66, -66, -66, -66, -66, -71, -71, -71, -71, -71, -64, -68, -68, -68, -68, -67, -67, -66, -66, -66, -66, -66, -66, -66, -69, -69, -69, -69, -69, -67, -67, -67, -67, -67, -65, -65, -66, -67, -67, -67, -67, -67, -67, -67, -67, -67, -67, -67, -68, -68, -68, -67, -67, -67, -67, -67, -67, -67, -67, -67, -68, -68, -68, -68, -68, 
34:bd:c8:db:54:02, 2437, Universities WiFi, -79, -79, -79, -79, -79, -79, -79, -79, -79, -79, -78, -78, -78, -78, -78, -76, -76, -76, -76, -76, -79, -79, -79, -79, -79, 
00:23:eb:3a:9b:01, 2412, eduroam, -80, -80, -80, -80, -81, -81, -81, -81, -81, -81, -81, -81, -81, -81, -81, -81, -81, -81, -81, -81, -81, -81, -80, -80, -80, -80, -80, -82, -82, -82, -82, -82, -81, -81, -81, -81, -81, -81, -80, -80, -80, -80, -80, -84, -84, -84, -84, -84, 
58:bc:27:5d:de:53, 2437, eduroam, -83, -83, -83, -83, -83, -81, -81, -81, -81, -81, -82, -82, -82, -82, -82, -83, -83, -83, -83, -83, -83, -83, -83, -83, -83, 
28:93:fe:f4:b1:00, 2437, Y5ZONE, -81, -81, -81, -81, -81, -78, -78, -78, -78, -78, -81, -81, -81, -81, -81, -80, -80, -80, -80, -80, -78, -78, -78, -78, -78, -78, -78, -78, -78, -78, -79, -79, -79, -79, -79, -79, -79, -79, -79, -79, -79, -79, -78, -78, -78, -78, -78, 
58:bc:27:5d:de:50, 2437, Y5ZONE, -82, -82, -82, -82, -82, -82, -82, -82, -82, -82, -82, -82, -82, -82, -82, 
ec:c8:82:7a:3f:d4, 2462, eduroam, -64, -64, -64, -64, -64, -68, -68, -68, -68, -68, -68, -68, -68, -68, -68, -68, -68, -68, -68, -68, -70, -69, -69, -69, -69, -68, -68, -68, -68, -67, -68, -68, -68, -68, -68, -66, -66, -66, -66, -66, -68, -68, -68, -68, -68, -68, -68, -68, -68, -68, -68, -68, -68, -68, -68, -67, -69, -69, -69, -68, -68, -68, -68, -68, -68, -69, -71, -71, -71, -70, -70, -70, -70, -70, 
02:24:74:59:a4:a8, 2457, HP795E95, -91, -91, -91, -91, -91, -91, -91, -93, -93, -93, -93, -93, 
ec:c8:82:7a:ab:db, 5745, eduroam, -81, -81, -81, -81, -82, -82, -82, -82, -82, -82, -82, -81, -81, -81, -81, -82, -82, -82, -82, -82, -81, -81, -81, -81, -81, -81, -81, -81, -81, -81, -82, -82, -82, -82, -82, -81, -81, -82, -82, -82, -82, -82, -82, -82, -80, -80, -80, -80, -80, -80, -80, -81, -81, -81, -81, -81, -80, -80, -82, -80, -80, -80, -80, -81, -82, -81, -81, -81, -81, -81, -81, -81, -81, -81, -81, -81, 
ec:c8:82:7a:ab:dd, 5745, Universities WiFi, -81, -80, -80, -80, -82, -82, -82, -82, -82, -82, -82, -81, -81, -81, -80, -81, -81, -81, -81, -81, -80, -80, -80, -80, -80, -80, -80, -80, -80, -80, -81, -81, -81, -81, -81, -82, -81, -82, -81, -81, -81, -81, -81, -81, -79, -79, -79, -79, -80, -80, -80, -81, -81, -81, -81, -81, -80, -80, -81, -79, -80, -80, -80, -80, -81, -80, -80, -80, -80, -80, -80, -80, -80, -80, -80, -80, 
ec:c8:82:7a:ab:df, 5745, sMobileNet, -83, -83, -80, -81, -81, -81, -81, -81, -81, -81, -81, -80, -80, -81, -80, -81, -81, -81, -81, -81, -80, -80, -80, -80, -80, -80, -80, -80, -80, -80, -81, -81, -81, -81, -81, -81, -81, -82, -80, -80, -80, -80, -80, -80, -80, -79, -80, -80, -80, -80, -80, -81, -81, -80, -80, -80, -80, -80, -82, -80, -80, -80, -80, -80, -81, -80, -80, -80, -80, -80, -79, -80, -80, -80, -80, -80, 
ec:c8:82:7a:ab:da, 5745, Alumni, -83, -83, -83, -82, -83, -83, -83, -83, -83, -83, -83, -82, -83, -83, -81, -82, -82, -82, -82, -82, -81, -81, -81, -81, -81, -81, -82, -82, -82, -82, -82, -82, -82, -82, -82, -82, -82, -83, -82, -83, -83, -83, -83, -83, -80, -80, -80, -80, -80, -80, -80, -82, -82, -82, -82, -82, -81, -81, -83, -82, -82, -81, -82, -83, -83, -81, -81, -81, -81, -81, -81, -82, -82, -82, -82, -82, 
ec:c8:82:7a:ab:de, 5745, PCCW, -82, -82, -81, -81, -82, -82, -82, -82, -82, -82, -82, -81, -81, -81, -81, -81, -81, -81, -81, -81, -81, -81, -81, -81, -81, -81, -81, -81, -81, -81, -81, -82, -82, -82, -82, -82, -82, -83, -80, -81, -81, -81, -81, -81, -80, -80, -81, -82, -80, -80, -80, -81, -81, -81, -81, -81, -81, -81, -81, -81, -81, -81, -81, -81, -82, -81, -81, -81, -81, -81, -81, -81, -82, -82, -82, -82, 
ec:c8:82:7a:ab:dc, 5745, Y5ZONE, -82, -82, -82, -82, -83, -83, -82, -82, -82, -82, -82, -81, -82, -82, -82, -82, -82, -82, -82, -82, -82, -82, -82, -82, -82, -82, -82, -82, -82, -82, -83, -82, -82, -82, -82, -82, -82, -83, -81, -83, -83, -83, -83, -83, -81, -81, -81, -81, -81, -82, -82, -82, -82, -82, -82, -82, -81, -81, -82, -82, -82, -82, -82, -82, -83, -82, -81, -81, -81, -81, -81, -81, -82, -82, -82, -82, 
28:93:fe:f4:b1:01, 2437, PCCW, -82, -80, -80, -80, -80, -80, -80, -80, -78, -78, -78, -78, -78, -79, -79, -79, -79, -79, -79, -79, -79, -79, -79, -79, -79, -79, -79, -79, -79, -79, -80, -80, -80, -79, -79, -79, -79, -79, -78, -78, -78, -78, -78, -79, -79, -79, -79, -79, -79, -79, -79, -79, -79, -80, -78, -78, -78, -78, -78, -78, -78, -78, -80, -78, -78, -78, -78, -78, 
34:bd:c8:db:54:03, 2437, Y5ZONE, -77, -79, -79, -79, -77, -77, -77, -77, -77, -77, -77, -78, -78, -78, -78, -78, -78, -78, -78, -78, -78, -77, -77, -77, -78, -76, -76, -76, -77, -77, -77, -79, -78, -78, -78, -78, -78, -78, -78, -78, -78, -78, -78, -78, -78, -78, -78, -79, -79, -78, -78, -78, -77, -77, -79, -76, -76, -76, -76, -79, -79, -79, -79, -79, 
30:37:a6:a5:3e:03, 2412, eduroam, -77, -77, -77, -77, -77, -77, -77, -77, -77, -77, -77, -77, -77, -77, -77, -77, -77, -78, -78, -78, -78, -78, -78, -78, -78, -78, -76, -76, -76, -76, -76, -77, -77, -77, -77, -78, -78, -78, -78, -78, -78, -78, -78, -78, -78, -78, -78, -78, -78, -78, -78, -75, -75, -75, -75, -75, -78, -78, -78, -78, -78, -78, -78, -78, 
ec:c8:82:7a:de:62, 2437, Universities WiFi, -64, -64, -64, -64, -64, -63, -66, -66, -66, -66, -66, -65, -65, -65, -67, -67, -67, -67, -67, -60, -60, -60, -60, -59, -59, -59, -59, -59, -61, -61, -61, -61, -62, -62, -62, -65, -62, -62, -62, -62, -62, -59, -59, -59, -59, -59, -60, -60, -64, -64, -64, -64, -63, -63, -63, -63, -65, -65, -65, -65, -63, -63, -64, -64, -64, -64, -63, -63, -63, -63, -61, -61, -61, -64, -64, -65, 
00:23:eb:3a:29:20, 2412, sMobileNet, -82, -82, -82, -82, -82, -81, -81, -81, -81, -81, -81, -81, -81, -81, -81, 
34:bd:c8:db:54:01, 2437, PCCW, -77, -77, -77, -78, -78, -78, -78, -78, -78, -78, -78, -78, -78, -80, -77, -77, -77, -77, -77, -77, -77, -77, -77, -77, -77, -77, -80, -80, -80, -80, -80, -78, -78, -78, -78, -78, -80, -80, -80, -78, -78, -78, -78, -76, -76, -76, -76, -78, -78, -78, -78, -78, 
34:bd:c8:e3:3b:24, 2462, Y5ZONE, -79, -79, -82, -82, -82, -82, -82, -81, -81, -81, -79, -79, -79, -79, -79, -81, -81, -81, -81, -81, -81, -80, -80, -80, -80, -80, -80, -80, -80, -80, -80, -80, -80, -80, -80, -81, -81, -81, -81, -81, 
ec:c8:82:7a:3f:d2, 2462, Universities WiFi, -64, -64, -64, -68, -68, -68, -68, -68, -68, -68, -68, -67, -67, -65, -65, -67, -67, -67, -67, -67, -67, -67, -67, -67, -67, -67, -67, -67, -67, -69, -69, -69, -69, -69, -66, -66, -66, -66, -66, -65, -65, -65, -65, -65, -65, -67, -67, -67, -67, -67, -68, -67, -67, -67, -67, -67, -68, -68, -68, -68, -68, -66, -66, -65, 
34:bd:c8:db:57:80, 2437, sMobileNet, -75, -75, -75, -75, -75, -75, -75, -75, -75, -75, -75, -75, -75, -77, -77, -77, -77, -77, -76, -76, -76, -76, -76, -77, -77, -77, -77, -77, -76, -76, -76, -76, -76, -76, -76, -76, -75, -75, -75, -75, -75, -75, -75, -74, -75, -75, -75, -75, -75, -77, -77, -77, -77, -77, 
00:23:eb:3a:93:f2, 2437, Alumni, -78, -78, -78, -78, -78, -78, -77, -77, -77, -77, -77, -77, -78, -78, -78, -78, -78, -79, -79, -79, -78, -78, -78, -78, -78, -78, -78, -78, -78, -78, -78, -78, -78, -78, -78, -78, -78, -78, -78, -78, -78, 
00:1d:70:92:dc:b4, 2462, sMobileNet, -77, -77, -77, -77, -76, -76, -76, -76, -76, -74, -74, -74, -74, -74, -75, -79, -79, -79, -76, -76, -76, -76, -76, -76, -76, -76, -76, -76, -76, -76, -76, -76, -76, -76, -76, -76, -76, -75, -75, -75, -75, -76, -76, -76, -76, -79, -79, -79, -79, -79, -76, -76, -77, -77, -77, 
00:23:eb:3a:9b:04, 2412, sMobileNet, -79, -79, -79, -79, -78, -78, -78, -78, -78, -78, -78, -78, -78, -78, -78, -79, -78, -78, -78, -78, -78, -79, -79, -79, -79, -79, -79, -79, -79, -79, -79, -80, -80, -80, -80, -80, -80, -80, -79, -79, -79, -79, -79, -79, -79, 
a6:8e:0c:e6:f4:5c, 2462, User  iPhone, -90, -90, -90, -90, -90, 
00:23:cd:1b:08:88, 2427, TP-LINK_1B0888, -87, -87, -87, -87, -87, -87, -87, -87, -87, -87, -86, -86, -86, -86, -86, -88, -88, -88, -88, -88, -87, -87, -85, -85, -85, -85, 
00:25:84:22:f7:30, 2462, sMobileNet, -79, -79, -79, -79, -81, -81, -81, -81, -81, -81, -81, -81, -81, -81, -81, -81, -81, -81, -81, -81, -81, -81, -81, -81, -80, -80, -80, -79, -79, -79, -80, -80, -80, -80, -80, -80, -80, -80, -80, 
00:23:eb:3a:9b:f2, 2462, Alumni, -81, -81, -81, -81, -81, 
00:1d:70:92:dc:b5, 2462, Alumni, -74, -74, -74, -74, -74, -74, -74, -76, -76, -76, -76, -76, -74, -74, -74, -74, -74, -75, -75, -75, -75, -75, -75, -74, -74, -74, -74, -74, -77, -77, -74, -74, -74, -74, -74, -74, -74, -74, -74, -74, -74, -74, -74, -74, -74, -74, -77, -77, -77, -77, -77, -74, -74, -74, -74, -74, 
28:93:fe:f4:b1:05, 2437, Alumni, -80, -80, -80, -80, -80, -80, -78, -78, -78, -78, -78, -78, -78, -78, -78, -78, -78, -78, -78, -78, -78, -78, -78, -78, -78, -78, -78, -78, -78, -78, -78, -78, -78, -78, 
58:bc:27:5d:de:54, 2437, sMobileNet, -81, -80, -80, -80, -80, -80, -82, -82, -82, -82, -82, 
00:25:84:22:f9:d0, 2412, sMobileNet, -82, -82, -82, -82, -82, -83, -83, -83, -83, -83, -83, -83, -83, -83, -83, -82, -82, -82, -82, -82, 
00:23:eb:3a:93:f4, 2437, sMobileNet, -80, -80, -80, -80, -80, -78, -78, -78, -78, -78, -80, -80, -80, -80, -80, -81, -81, -81, -81, 
a0:f3:c1:98:9b:44, 2462, ustrobotics, -82, -82, -82, -82, -82, -87, -87, -87, -87, -87, -87, -87, -87, -87, -87, -88, -88, -88, -88, -88, -86, -86, -86, -86, -86, -84, -84, -84, -84, -84, -89, -89, -88, -88, -88, -88, -88, 
a6:8e:0c:e6:f4:5c, 2437, User  iPhone, -90, -90, -90, -90, -90, -91, -91, -91, -91, -91, -90, -90, -88, -88, -88, -88, -88, 
00:23:04:c8:5c:cf, 5280, sMobileNet, -78, -78, -78, -78, -78, -78, -78, -78, -78, 
2c:59:e5:b7:45:4c, 2437, HP-Print-4C-Officejet Pro X576dw, -92, -92, -92, -92, -92, -93, -93, -93, -93, -93, -93, -92, -92, -92, -92, -92, -92, -92, -92, -92, -92, -91, -91, -91, -91, -91, -88, -88, -88, -88, -88, 
00:23:eb:3a:9b:02, 2412, Alumni, -79, -79, -79, -79, -79, -79, -79, -79, -79, -78, -78, -78, -78, -78, -79, -79, -79, -79, -80, -80, -80, -80, -80, -78, -78, -78, -78, -78, -78, -78, -79, -79, -79, -79, -79, 
00:23:eb:3a:9b:03, 2412, Universities WiFi, -80, -80, -80, -80, -80, -79, -79, -79, -79, -79, -79, -79, -79, -79, -79, -79, -79, -79, -79, -79, -79, -79, -79, -79, -79, -81, -81, -81, -81, -81, -79, -79, -79, -79, -79, -79, -79, -79, -79, -79, -79, -79, -80, -80, -80, -80, -80, 
00:25:84:22:f6:b0, 2412, sMobileNet, -84, -84, -84, -84, -84, 
28:93:fe:f4:b1:03, 2437, eduroam, -80, -80, -80, -80, -80, -80, -80, -80, -80, -80, -79, -79, -79, -79, -79, -79, -79, -79, -79, -79, -79, -80, -80, -80, -80, -80, 
28:93:fe:f4:b1:02, 2437, Universities WiFi, -80, -80, -80, -80, 
34:bd:c8:e3:3b:22, 2462, sMobileNet, -79, -79, -79, -79, -79, -80, -80, -80, -80, -80, 
58:bc:27:5d:de:55, 2437, Alumni, -80, -80, -80, -80, -80, -80, -80, -80, -80, -80, 
34:bd:c8:e3:3b:20, 2462, eduroam, -81, -81, -81, -81, -81, -82, -82, -82, -82, -82, -83, -83, -83, -83, -83, 
34:bd:c8:db:54:00, 2437, sMobileNet, -78, -78, -78, -78, -78, -78, -78, -78, -78, -78, -82, 
00:23:04:c8:5c:c0, 2437, sMobileNet, -82, -82, -82, -82, -82, -80, -80, -80, -80, -80, 
00:23:eb:3a:15:b0, 2437, sMobileNet, -78, -78, -78, -78, -78, 
c8:d7:19:ff:2e:2d, 2412, Cisco64266, -91, -91, -91, -91, -91, 
00:25:84:22:f9:d1, 2412, Universities WiFi, -83, -83, -83, -83, -83, -82, -82, -82, -82, -82, -82, 
00:e0:4c:81:86:86, 2442, RTL8186-default, -89, -90, -89, -89, -86, -86, -86, -86, -86, -88, -88, -88, -88, -88, -88, -88, -88, -88, 
34:bd:c8:db:54:05, 2437, Alumni, -77, -77, -77, -77, -77, -77, -77, -77, -77, -77, 
28:93:fe:f4:b1:04, 2437, sMobileNet, -81, -81, -81, -81, -81, -81, -81, -81, -81, -81, 
20:64:32:57:0c:4c, 2437, Android Hotspot8065, -70, -68, 
