ec:c8:82:7a:3f:df, 5240, sMobileNet, -65, -65, -65, -65, -65, -65, -65, -68, -68, -68, -68, -68, -68, -68, -68, -68, -68, -68, -68, -68, -68, -68, -68, -68, -68, -68, -68, -68, -68, -68, -68, -68, -68, -67, -67, -67, -67, -67, -67, -68, -68, -68, -68, -68, -68, -68, -68, -71, -71, -71, -71, -69, -69, -69, -69, -69, -67, -67, -67, -67, -67, -67, -67, -67, -67, -67, -67, -67, -67, -67, -69, -69, -69, -69, -69, -70, -70, -70, -70, -70, -70, -70, -69, -69, -68, -68, -68, -68, -68, -68, -68, -68, -67, -67, -67, -67, -67, -66, -66, -66, -66, -66, -66, -66, -66, -66, -66, -68, -68, -68, -68, -68, -68, -68, -68, -68, -67, -67, -67, -67, -67, -67, -67, -67, -68, -68, -68, -68, -68, -69, -69, -69, -69, -69, -69, -69, -69, -67, -67, -67, -66, -66, -66, -66, -66, -67, -67, -67, -67, -67, -67, -67, -67, -67, -67, -67, -67, -67, -67, -67, -69, -70, -70, -70, -70, -70, -70, -70, -70, -70, -70, -70, -70, -70, -70, -70, -70, -72, -72, -72, -72, -72, -72, -72, -72, -70, -70, -70, -70, -70, -70, -70, -70, -70, -70, -70, -70, -70, -68, -68, 
ec:c8:82:7a:3f:dc, 5240, Y5ZONE, -69, -65, -66, -64, -65, -68, -68, -69, -65, -66, -67, -68, -64, -67, -64, -69, -68, -68, -65, -65, -66, -68, -66, -65, -65, -67, -70, -70, -69, -67, -67, -67, -66, -66, -67, -67, -68, -66, -71, -70, -71, -67, -66, -66, -68, -65, -64, -64, -64, -65, -65, -67, -70, -69, -67, -69, -68, -71, -68, -66, -67, -70, -70, -70, -71, -70, -68, -72, -70, -69, -68, -68, -65, -66, -70, -69, -68, -68, -67, -67, -69, -69, -67, -66, -66, -66, -66, -66, -64, -66, -64, -66, -65, -65, -64, -67, -64, -64, -64, -67, -65, -65, -67, -67, -65, -65, -64, -67, -65, -67, -67, -65, -65, -65, -64, -65, -67, -63, -67, -67, -69, -66, -67, -67, -67, -68, -72, -67, -63, -66, -66, -62, -63, -63, -63, -63, -64, -66, -66, -66, -65, -66, -66, -64, -67, -67, -64, -66, -68, -65, -65, -68, -68, -72, -70, -70, -70, -72, -72, -71, -68, -69, -69, -69, -69, -69, -69, -69, -71, -71, -70, -69, -69, -69, -69, -68, -69, -68, -68, -69, -70, -70, -70, -70, -70, -68, -68, -72, -68, -66, -67, -70, -73, -71, -68, -69, -67, -68, -65, -65, 
ec:c8:82:7a:3f:de, 5240, PCCW, -70, -66, -67, -65, -65, -69, -69, -70, -66, -67, -68, -69, -64, -68, -64, -70, -68, -68, -65, -65, -66, -69, -67, -67, -67, -67, -71, -71, -70, -68, -67, -67, -67, -67, -68, -67, -70, -67, -72, -70, -72, -68, -66, -66, -68, -65, -65, -65, -64, -66, -66, -66, -69, -69, -68, -69, -68, -72, -69, -67, -67, -70, -70, -70, -73, -70, -68, -73, -70, -70, -67, -67, -66, -66, -70, -69, -67, -69, -67, -68, -69, -69, -67, -67, -67, -66, -66, -66, -64, -66, -64, -66, -65, -65, -65, -66, -64, -65, -64, -68, -65, -64, -67, -67, -64, -64, -64, -68, -65, -67, -67, -66, -66, -66, -65, -67, -68, -64, -67, -67, -69, -65, -68, -68, -67, -68, -71, -66, -63, -65, -65, -61, -62, -63, -63, -63, -64, -66, -66, -67, -67, -68, -68, -64, -68, -67, -64, -67, -69, -66, -65, -68, -70, -72, -71, -70, -71, -73, -73, -70, -68, -70, -70, -69, -69, -69, -69, -68, -70, -71, -70, -69, -70, -70, -70, -69, -70, -69, -69, -70, -71, -70, -70, -70, -70, -69, -69, -74, -69, -66, -68, -71, -72, -71, -70, -69, -68, -68, -65, -65, 
ec:c8:82:7a:3f:d1, 2462, PCCW, -66, -66, -66, -67, -68, -68, -66, -66, -66, -67, -67, -69, -69, -71, -70, -69, -68, -67, -65, -65, -65, -66, -66, -66, -66, -67, -68, -67, -67, -67, -68, -68, -68, -68, -68, -66, -66, -67, -70, -70, -70, -67, -65, -64, -64, -63, -65, -64, -62, -61, -61, -73, -74, -71, -73, -73, -73, -72, -72, -72, -74, -75, -75, -74, -72, -72, -74, -74, -72, -72, -73, -73, -73, -73, -71, -75, -73, -75, -77, -76, -75, -72, -72, -72, -73, -73, -77, -75, -75, -78, -74, -76, -75, -73, -75, -75, -72, -72, -72, -74, -74, -74, -71, -73, -73, -71, -71, -71, -71, -71, -70, -70, -71, -71, -71, -69, -69, -70, -71, -70, -71, -72, -72, -73, -71, -71, -74, -70, -71, -69, -67, -67, -66, -67, -67, -69, -71, -69, -69, -69, -69, -67, -66, -66, -66, -66, -67, -67, -66, -68, -64, -70, -69, -68, -68, -69, -69, -68, -69, -71, -66, -68, -68, -66, -66, -67, -67, -63, -64, -65, -64, -65, -64, -64, -64, -63, -63, -64, -64, -64, -64, -64, -65, -65, -65, -65, -65, -66, -64, -63, -66, -66, -66, -65, -65, -67, -67, -67, -66, -68, 
ec:c8:82:7a:3f:d3, 2462, Y5ZONE, -67, -67, -66, -67, -68, -68, -68, -67, -67, -68, -68, -71, -71, -71, -71, -68, -68, -69, -67, -65, -67, -68, -67, -67, -67, -67, -67, -67, -67, -67, -67, -67, -69, -68, -68, -68, -68, -69, -70, -71, -71, -70, -66, -64, -63, -61, -63, -62, -61, -61, -67, -73, -72, -70, -71, -75, -73, -71, -72, -72, -72, -75, -75, -75, -75, -75, -75, -75, -75, -75, -73, -78, -75, -76, -72, -76, -73, -77, -77, -76, -76, -71, -74, -72, -72, -75, -78, -77, -75, -75, -76, -76, -74, -72, -76, -75, -71, -71, -71, -73, -77, -74, -71, -73, -72, -69, -69, -69, -71, -70, -70, -70, -71, -71, -71, -69, -69, -69, -70, -70, -71, -71, -72, -76, -71, -71, -75, -70, -71, -69, -66, -66, -68, -67, -70, -68, -70, -69, -69, -69, -69, -67, -66, -67, -67, -67, -68, -67, -65, -67, -65, -71, -68, -68, -68, -70, -70, -71, -71, -71, -68, -69, -69, -65, -66, -66, -66, -64, -64, -64, -64, -63, -65, -65, -65, -64, -64, -66, -66, -64, -64, -64, -64, -67, -65, -64, -67, -67, -64, -63, -66, -66, -66, -66, -66, -66, -66, -68, -67, -69, 
06:24:36:a6:29:51, 2412, airport Guest Network, -79, -78, -78, -75, -77, -72, -70, -74, -72, -75, -75, -73, -73, -73, -70, -72, -74, -75, -71, -72, -71, -71, -73, -73, -74, -73, -73, -72, -72, -72, -71, -71, -71, -74, -74, -76, -70, -72, -71, -72, -73, -78, -74, -74, -74, -72, -71, -71, -71, -71, -74, -74, -71, -79, -78, -79, -76, -76, -76, -75, -79, -78, -77, -77, -79, -79, -79, -79, -79, -84, -84, -84, -76, -77, -75, -75, -82, -76, -74, -82, -82, -82, -78, -79, -78, -76, -77, -77, -77, -80, -78, -80, -80, -79, -79, -80, -80, -80, -79, -79, -79, -75, -74, -74, -77, -77, -77, -79, -80, -78, -78, -78, -79, -78, -78, -78, -78, -79, -81, -83, -76, -75, -80, -77, -81, -77, -77, -78, -77, -77, -79, -74, -70, -72, -73, -81, -76, -79, -79, -78, -78, -78, -78, -81, -77, -79, -82, -78, -78, -78, -80, -80, -81, -81, -81, -78, -79, -79, -80, -80, -76, -77, -77, -77, -79, -80, -80, -77, -79, -78, -78, -78, -78, -78, -78, -78, -78, -76, -76, -77, -77, -77, -80, -76, -80, -76, -81, -77, -78, -79, -79, -79, -80, -80, -79, -77, -77, -78, -78, -80, 
00:24:36:a6:29:51, 2412, airport Network, -77, -77, -78, -75, -71, -74, -70, -73, -72, -74, -74, -74, -72, -72, -69, -72, -75, -74, -70, -73, -71, -72, -72, -72, -74, -73, -72, -72, -72, -73, -73, -73, -74, -70, -69, -69, -73, -73, -69, -71, -73, -71, -72, -74, -73, -70, -71, -72, -72, -72, -74, -71, -77, -80, -76, -76, -76, -76, -81, -82, -81, -79, -77, -78, -78, -79, -79, -79, -80, -76, -76, -76, -80, -78, -82, -76, -75, -75, -75, -77, -77, -76, -78, -79, -79, -79, -78, -78, -82, -76, -77, -80, -80, -80, -78, -80, -80, -80, -78, -78, -78, -74, -74, -80, -79, -79, -80, -76, -79, -78, -78, -78, -78, -78, -78, -79, -79, -78, -78, -82, -77, -83, -77, -76, -80, -83, -81, -80, -78, -78, -74, -80, -74, -73, -81, -76, -74, -75, -78, -77, -76, -78, -78, -77, -82, -78, -79, -79, -78, -78, -80, -80, -81, -80, -80, -79, -79, -79, -79, -79, -76, -78, -78, -78, -77, -77, -78, -80, -80, -80, -78, -78, -78, -80, -79, -79, -77, -77, -78, -78, -79, -79, -81, -77, -80, -76, -79, -76, -77, -77, -78, -78, -80, -80, -80, -77, -77, -77, -80, -76, 
c8:be:19:8c:ff:fe, 2432, toutou1, -77, -81, -81, -81, -81, -77, -77, -79, -77, -76, -75, -80, -76, -76, -80, -80, -81, -79, -80, -78, -81, -78, -78, -78, -83, -81, -81, -81, -83, -83, -83, -82, -78, -78, -80, -81, -81, -81, -81, -81, -82, -82, -80, -80, -81, -80, -79, -79, -79, -79, -81, -84, -86, -86, -86, -85, -85, -85, -85, -85, -85, -85, -85, -85, -85, -85, -85, -85, -84, -84, -84, -84, -85, -85, -85, -85, -85, -85, -85, -84, -84, -84, -84, -84, -86, -82, -82, -82, -82, -82, -82, -87, -87, -87, -87, -85, -83, -81, -84, -84, -84, -84, -84, -84, -84, -84, -83, -85, -85, -85, -85, -85, -85, -86, -86, -86, -86, -84, -84, -86, -83, -81, -81, -81, -81, -82, -82, -82, -82, -82, -82, -82, -86, -86, -86, -86, -84, -83, -85, -83, -84, -83, -83, -83, -83, -83, -83, -84, -84, -84, -84, -84, -84, -84, -84, -84, -84, -84, -84, -82, -82, -83, -83, -85, -84, -84, -84, -84, -84, -85, -83, -85, -81, -85, -85, -85, -85, -85, -85, -85, -88, -87, -86, -86, -86, -86, -85, -81, -84, -85, -84, -85, -84, -86, -86, -86, 
ec:c8:82:7a:3f:da, 5240, Alumni, -69, -69, -66, -65, -65, -65, -68, -69, -65, -66, -69, -69, -65, -68, -64, -69, -69, -69, -69, -69, -68, -68, -67, -67, -66, -66, -70, -69, -69, -69, -69, -66, -66, -66, -66, -66, -66, -67, -71, -71, -71, -71, -67, -67, -67, -67, -66, -65, -65, -65, -65, -65, -70, -70, -67, -69, -69, -71, -68, -65, -65, -65, -65, -65, -73, -73, -73, -73, -70, -70, -67, -68, -65, -65, -65, -69, -67, -69, -67, -67, -68, -68, -66, -66, -66, -65, -65, -65, -65, -67, -64, -66, -65, -65, -65, -66, -64, -64, -64, -67, -65, -65, -65, -66, -64, -65, -64, -64, -64, -66, -66, -66, -66, -65, -64, -65, -67, -63, -67, -66, -67, -65, -67, -67, -67, -68, -68, -65, -63, -66, -66, -62, -62, -62, -62, -62, -64, -66, -66, -66, -65, -66, -66, -63, -66, -66, -64, -65, -68, -64, -65, -65, -65, -71, -70, -70, -70, -70, -71, -70, -69, -69, -69, -69, -69, -69, -69, -68, -70, -70, -70, -70, -70, -70, -68, -68, -68, -68, -68, -68, -68, -70, -70, -69, -69, -68, -68, -68, -68, -65, -65, -65, -65, -65, -65, -65, -65, -69, -66, -66, 
88:1f:a1:3a:a0:f4, 2462, Airport Time Capsule, -82, -82, -83, -81, -84, -84, -83, -83, -81, -83, -83, -83, -83, -83, -83, -83, -83, -82, -86, -88, -88, -88, -88, -87, -87, -83, -87, -87, -87, -87, -87, -84, -84, -84, -84, -84, -84, -81, -81, -83, -83, -87, -83, -85, -85, -85, -86, -86, -86, -86, -86, -86, -86, -86, -90, -90, -90, -90, -90, -89, -89, -89, -89, -89, -89, -91, -90, -91, -90, -90, -90, -86, -86, -86, -90, -90, -90, -90, -90, -89, -89, -89, -89, -88, -88, -88, -88, -88, -89, -89, -89, -89, -89, -90, -90, -90, -90, -90, -90, -86, -87, -87, -87, -87, -87, -92, -92, -87, -87, -87, -89, -89, -89, -89, -88, -86, -88, -88, -88, -88, -88, -88, -88, -88, -88, -88, -88, -91, -89, -89, -89, -89, -89, -89, -89, -89, -89, -90, -90, -90, -87, -87, -87, -88, -89, -89, -85, -85, -87, -89, -89, -89, -87, -87, -85, -85, -86, -86, -86, -87, -87, -87, -87, -87, -90, -90, -90, -89, -89, -89, -88, -89, -89, -89, -89, -92, -92, -92, -89, -89, -91, -91, -91, -91, -91, -91, -91, -88, -90, -92, -92, -92, -92, -92, -91, -91, -91, -91, -91, -91, 
02:24:74:59:a4:a8, 2457, HP795E95, -72, -68, -72, -72, -71, -70, -69, -71, -75, -76, -76, -75, -73, -70, -69, -72, -72, -72, -74, -73, -68, -71, -75, -76, -75, -77, -69, -72, -71, -71, -71, -67, -74, -78, -78, -78, -76, -76, -74, -75, -73, -67, -73, -74, -73, -72, -74, -78, -78, -78, -72, -72, -76, -76, -76, -76, -76, -89, -89, -89, -89, -89, -89, -89, -86, -86, -86, -86, -86, -86, -86, -86, -86, -86, -86, -86, -86, -86, -86, -83, -80, -85, -85, -81, -85, -81, -80, -80, -78, -82, -84, -84, -83, -83, -83, -83, -83, -84, -84, -84, -84, -80, -80, -81, -85, -86, -86, -86, -86, -86, -85, -85, -85, -85, -85, -85, -85, -81, -85, -83, -81, -79, -79, -79, -79, -83, -81, -81, -78, -72, -86, -84, -88, -88, -88, -88, -88, -88, -89, -89, -85, -85, -85, -77, -79, -79, -81, -81, -81, -81, -81, -78, -78, -77, -75, -75, -75, -75, -74, -70, -74, -75, -75, -76, -73, -76, -76, -76, -77, -77, -77, -77, -75, -75, -75, -76, -76, -77, -77, -77, -77, -77, -77, -75, -75, -75, -75, -77, -77, -74, -75, -75, -76, 
94:39:e5:59:9e:5b, 2437, HP-Print-5b-LaserJet 100, -86, -86, -86, -87, -87, -90, -90, -90, -87, -87, -87, -88, -88, -88, -87, -88, -88, -88, -89, -89, -89, -87, -87, -88, -88, -87, -87, -89, -89, -89, -89, -89, -89, -89, -89, -89, -88, -89, -92, -87, -87, -89, -84, -89, -89, -89, -89, -89, -89, -90, -90, -90, -90, -90, -90, -90, -90, -92, -92, -92, -92, -92, -92, -92, -92, -90, -90, -90, -90, -90, -90, -90, -90, -93, -93, -92, -92, -92, -92, -92, -92, -90, -90, -92, -92, -92, -92, -92, -92, -92, -92, 
ec:c8:82:7a:dc:51, 2462, PCCW, -75, -75, -75, -75, -71, -71, -71, -71, -71, -75, -76, -76, -75, -73, -74, -73, -73, -73, -73, -73, -72, -72, -72, -72, -72, -72, -72, -72, -72, -71, -71, -71, -71, -71, -72, -72, -72, -73, -70, -70, -70, -69, -70, -76, -76, -72, -74, -72, -72, -73, -73, -73, -78, -78, -80, -80, -80, -80, -80, -80, -80, -80, -80, -80, -80, -80, -80, -80, -80, -79, -79, -79, -77, -78, -78, -78, -78, -80, -78, -78, -77, -76, -76, -76, -77, -77, -75, -75, -76, -78, -79, -79, -79, -79, -80, -80, -78, -78, -78, -79, -79, -77, -77, -77, -77, -79, -76, -77, -77, -77, -78, -78, -77, -77, -77, -77, -77, -77, -78, -78, -78, -78, -77, -77, -77, -77, -80, -80, -80, -80, -76, -75, -77, -77, -76, -76, -75, -74, -76, -76, -77, -77, -78, -76, -76, -76, -76, -76, -77, -77, -79, -79, -79, -79, -79, -79, -80, -80, -80, -80, -78, -78, -78, -77, -77, -77, -77, -77, -79, -79, -78, -78, -78, -78, -79, -79, -79, -79, -79, -79, -78, -78, -78, -78, -78, -78, -78, -78, -80, -79, -80, -78, -78, -78, -78, -78, -78, -78, -78, -78, 
ec:c8:82:7a:dc:53, 2462, Y5ZONE, -76, -76, -75, -73, -72, -71, -72, -76, -76, -76, -76, -76, -75, -75, -75, -74, -74, -74, -73, -73, -73, -73, -73, -73, -72, -72, -71, -73, -72, -73, -71, -71, -70, -71, -71, -71, -71, -73, -72, -71, -71, -69, -71, -71, -74, -72, -73, -72, -72, -73, -73, -73, -78, -78, -78, -78, -78, -78, -81, -80, -81, -81, -81, -81, -81, -81, -81, -80, -80, -80, -80, -80, -79, -82, -82, -82, -82, -80, -78, -78, -78, -77, -77, -77, -77, -77, -77, -77, -77, -79, -79, -79, -79, -79, -79, -79, -78, -78, -78, -80, -77, -77, -77, -77, -77, -79, -79, -78, -78, -78, -78, -78, -77, -77, -77, -79, -78, -78, -78, -78, -78, -78, -76, -77, -77, -77, -78, -78, -79, -79, -76, -76, -76, -77, -77, -77, -76, -75, -76, -75, -78, -78, -80, -77, -77, -77, -77, -75, -78, -78, -78, -78, -79, -79, -80, -80, -80, -80, -81, -81, -79, -79, -79, -78, -78, -78, -78, -78, -78, -78, -79, -80, -80, -80, -80, -80, -80, -80, -80, -80, -79, -79, -79, -81, -80, -80, -80, -80, -81, -79, -79, -79, -77, -79, -79, -79, -78, -78, -78, -79, 
ec:c8:82:7a:3f:dd, 5240, Universities WiFi, -68, -68, -66, -66, -66, -66, -66, -70, -70, -68, -68, -68, -65, -67, -63, -63, -63, -67, -67, -66, -66, -68, -67, -67, -66, -66, -69, -69, -69, -69, -68, -68, -66, -65, -65, -65, -68, -67, -67, -68, -71, -67, -66, -67, -68, -66, -66, -66, -66, -67, -66, -66, -66, -69, -69, -69, -67, -67, -67, -65, -67, -69, -70, -70, -70, -70, -68, -71, -71, -68, -67, -67, -66, -66, -70, -70, -68, -68, -68, -68, -68, -68, -67, -67, -67, -67, -67, -66, -64, -64, -64, -66, -65, -64, -64, -66, -64, -65, -64, -67, -65, -65, -66, -66, -64, -65, -64, -64, -64, -66, -66, -65, -65, -64, -64, -66, -67, -63, -66, -66, -68, -64, -67, -67, -67, -68, -68, -65, -62, -65, -67, -61, -62, -62, -62, -62, -63, -66, -66, -66, -65, -67, -66, -64, -68, -67, -63, -66, -70, -66, -65, -67, -68, -68, -68, -68, -68, -71, -71, -71, -68, -69, -69, -69, -69, -69, -69, -69, -69, -69, -69, -69, -69, -69, -69, -69, -69, -68, -69, -69, -69, -69, -69, -69, -69, -68, -68, -68, -68, -65, -68, -72, -72, -71, -71, -70, -68, -68, -66, -66, 
ec:c8:82:7a:3f:d5, 2462, Alumni, -71, -69, -68, -68, -68, -68, -67, -67, -67, -67, -67, -68, -68, -68, -68, -73, -73, -73, -73, -73, -73, -73, -69, -69, -69, -69, -69, -69, -69, -68, -68, -68, -68, -68, -68, -68, -64, -64, -64, -64, -64, -64, -64, -64, -64, -76, -74, -74, -76, -76, -76, -76, -76, -76, -76, -76, -78, -78, -76, -76, -76, -76, -76, -76, -76, -76, -77, -77, -77, -77, -78, -78, -78, -78, -78, -78, -78, -78, -78, -78, -78, -78, -78, -78, -78, -78, -78, -78, -78, -77, -77, -77, -77, -77, -77, -77, -77, -77, -77, -75, -75, -75, -75, -74, -74, -74, -75, -75, -74, -74, -74, -74, -74, -74, -74, -74, -74, -74, -74, -73, -73, -71, -71, -71, -71, -72, -72, -72, -72, -72, -72, -73, -73, -73, -73, -73, -73, -72, -72, -72, -71, -71, -71, -71, -73, -72, -72, -72, -72, -72, -72, -72, -68, -68, -68, -68, -72, -72, -72, -67, -67, -67, -66, -66, -66, -66, -66, -66, -66, -66, -66, -66, -66, -66, -68, -68, -68, -68, -68, -68, -68, -73, -73, -73, -70, -70, -70, -71, -71, -71, -71, 
ec:c8:82:7a:3f:db, 5240, eduroam, -69, -69, -69, -69, -69, -69, -69, -70, -70, -70, -70, -69, -65, -69, -67, -67, -67, -70, -70, -68, -67, -70, -69, -69, -67, -67, -71, -71, -69, -69, -69, -66, -66, -66, -66, -66, -68, -69, -73, -70, -71, -67, -69, -69, -69, -67, -67, -67, -67, -67, -67, -66, -66, -68, -69, -69, -67, -67, -69, -68, -68, -70, -70, -70, -72, -72, -69, -72, -72, -69, -69, -69, -68, -68, -70, -70, -69, -69, -69, -69, -70, -70, -69, -68, -68, -68, -69, -68, -66, -66, -66, -68, -67, -67, -67, -68, -66, -66, -66, -68, -67, -64, -67, -68, -66, -66, -66, -66, -66, -70, -66, -66, -66, -66, -64, -68, -70, -65, -69, -69, -70, -67, -70, -69, -69, -71, -71, -68, -65, -68, -67, -64, -64, -64, -64, -64, -66, -68, -68, -67, -67, -69, -69, -65, -69, -69, -65, -66, -70, -66, -67, -67, -68, -68, -68, -68, -68, -70, -73, -73, -70, -70, -70, -69, -69, -69, -69, -69, -69, -69, -69, -70, -70, -70, -69, -69, -69, -69, -69, -69, -70, -70, -70, -70, -68, -68, -68, -68, -65, -69, -69, -69, -73, -73, -71, -71, -71, -67, -67, 
34:bd:c8:db:57:80, 2437, sMobileNet, -70, -68, -68, -68, -71, -75, -75, -75, -75, -75, -75, -75, -75, -75, -74, -74, -76, -75, -75, -75, -75, -75, -75, -75, -73, -73, -73, -73, -73, -73, -73, -73, -69, -69, -68, -68, -68, -68, -68, -75, -72, -72, -72, -72, -72, -72, -74, -74, -74, -74, -74, -72, -72, -72, -69, -69, -69, -69, -69, -69, -69, -69, -74, -74, -74, -74, -74, -74, -68, -68, -68, -68, -68, -68, -68, -66, -66, -66, -69, -72, -72, -72, -72, -72, -72, -72, -72, -72, -70, -70, -70, -70, -71, -71, -72, -72, -72, -72, -72, -72, -72, -69, -73, -71, -71, -71, -71, -71, -71, -71, -71, -71, -71, -71, -71, -71, -71, -72, -74, -75, -75, -72, -72, -73, -76, -72, -73, -74, -73, -74, -74, -74, -77, -73, -73, -73, -73, -75, -75, -75, -75, -81, -81, -81, -81, -81, -81, -81, -77, -77, -77, -77, -77, -77, -77, -77, -78, -75, -75, -75, -75, -75, -74, -74, -74, -74, -74, -74, -74, -74, -74, -75, -75, -75, -75, -75, -75, -75, -74, -74, -74, -78, -75, 
58:bc:27:5d:de:51, 2437, PCCW, -79, -78, -78, -78, -78, -78, -78, -78, -76, -77, -77, -77, -77, -77, -77, -79, -79, -79, -79, -79, -79, -80, -80, -80, -80, -80, -78, -78, -78, -78, -78, -78, -78, -78, -81, -81, -81, -81, -78, -75, -77, -77, -77, -77, -77, -77, -77, -77, -81, -81, -81, -81, -81, -81, -81, -81, -81, -81, -81, -81, -80, -80, -80, -80, -80, -80, -84, -84, -81, -81, -81, -81, -81, -81, -81, -81, -81, -82, -82, -82, -82, -82, -82, -82, -82, -82, -82, -82, -82, -82, -82, -82, 
00:1d:73:05:27:a3, 2457, aminehome, -91, -91, -91, -92, -92, -92, -92, -92, -92, -92, -92, -92, -92, -93, -92, -92, -92, -92, -92, -92, -92, -92, -92, -92, -92, -92, -90, -91, -90, -90, -90, -90, -90, -90, -89, -92, -92, -92, -92, -92, -92, -92, -87, -87, -87, -89, -89, -89, -89, -89, -89, -89, -89, -91, -91, -91, -91, -91, -91, -91, -91, -91, -91, -91, -91, -90, -90, -90, -90, -90, -90, -92, -92, -92, -92, -92, -92, -92, -92, -92, -92, -92, -92, -92, -92, -92, -92, -92, -91, -90, -91, -91, -91, -91, -91, -91, -91, -91, -91, -91, -91, -91, -90, -90, -90, -90, -90, -90, -90, -89, -89, -89, -89, -89, -89, -90, -90, -90, -90, -90, -92, -92, -92, -92, -92, -92, -92, -92, -90, -90, -90, -90, -90, -90, -90, -90, -90, -93, -93, -93, -93, -93, 
58:bc:27:5d:de:53, 2437, eduroam, -81, -80, -80, -79, -79, -79, -79, -79, -78, -78, -78, -78, -78, -78, -78, -79, -79, -79, -79, -79, -79, -79, -79, -79, -80, -80, -78, -78, -78, -78, -78, -78, -78, -78, -78, -78, -78, -77, -78, -78, -78, -78, -78, -78, -78, -78, 
34:bd:c8:db:54:03, 2437, Y5ZONE, -79, -78, -78, -78, -78, -78, -78, -78, -78, -78, -80, -80, -80, -78, -75, -75, -78, -78, -78, -80, -80, -80, -77, -77, -77, -77, -77, -79, -79, -79, -75, -75, -77, -77, -77, -77, -73, -73, -77, -77, -77, -80, -81, -77, -77, -80, -77, -77, -81, -81, -81, -81, -81, -81, -81, -81, -81, -81, -81, -81, -81, -81, -81, -81, -81, -82, -82, -82, -82, -82, -82, -81, -81, -81, -81, -81, -81, -81, -81, -82, -82, -82, -82, -82, -82, -82, -81, -81, -81, -79, -78, -80, -80, -80, -80, -80, -80, -80, -80, -80, -80, -80, -80, -82, -82, -79, -79, -79, -79, -79, -79, -79, -79, -79, -81, -78, -79, -79, -79, -79, -80, -79, -79, -79, -79, -79, -79, -79, -79, -80, -81, -81, -81, -80, -79, -81, -81, -78, -78, -78, -82, -79, -79, -77, -77, -77, -77, -77, -77, -77, -77, -79, -79, -79, -78, -78, -79, -79, -81, -77, -77, -79, -80, -80, -80, -80, -80, -79, -79, -81, -79, -78, -79, -82, -81, -81, -81, -78, -77, -80, -79, -79, -77, -77, -81, -78, -79, -79, -78, -80, -78, -78, -78, -78, -78, -76, -76, -77, 
00:23:eb:3a:0c:33, 2437, Y5ZONE, -80, -78, -80, -80, -80, -80, -80, -80, -79, -79, -79, -79, -79, -79, -79, -79, -84, -84, -84, -84, -84, -84, -84, -83, -82, -82, -82, -80, -80, -80, -80, -80, -80, -80, -80, -83, -83, -83, -83, -83, -83, -83, -83, -81, -81, -81, -81, -81, -81, -81, -86, -86, 
ec:c8:82:7a:3f:d4, 2462, eduroam, -67, -67, -67, -67, -67, -67, -67, -67, -72, -70, -70, -70, -70, -70, -70, -67, -67, -67, -67, -67, -67, -70, -70, -70, -70, -70, -70, -69, -69, -69, -69, -69, -69, -69, -69, -68, -68, -68, -68, -65, -64, -64, -61, -61, -61, -61, -61, -61, -73, -73, -73, -73, -73, -73, -73, -73, -74, -74, -74, -74, -74, -75, -75, -75, -75, -75, -75, -75, -75, -75, -75, -75, -75, -75, -73, -73, -73, -73, -73, -73, -73, -77, -77, -73, -73, -73, -73, -73, -73, -73, -73, -72, -72, -72, -70, -70, -70, -70, -70, -70, -70, -70, -72, -72, -69, -69, -70, -71, -70, -70, -70, -70, -70, -70, -71, -71, -71, -71, -71, -71, -71, -69, -69, -69, -69, -69, -69, -68, -68, -68, -68, -68, -68, -68, -68, -65, -65, -65, -65, -65, -65, -65, -69, -69, -69, -69, -69, -69, -66, -66, -66, -66, -66, -64, -64, -64, -64, -64, -65, -65, -65, -64, -64, -64, -64, -64, -64, -64, -64, -64, -64, -64, -64, -63, -63, -66, -66, -66, -66, -67, -67, -67, -67, -68, 
ec:c8:82:7a:dc:55, 2462, Alumni, -72, -75, -75, -75, -72, -72, -72, -72, -72, -72, -72, -75, -75, -75, -75, -75, -75, -75, -75, -72, -72, -72, -72, -72, -72, -71, -71, -72, -72, -72, -72, -72, -72, -72, -72, -69, -69, -69, -69, -69, -75, -75, -76, -76, -76, -76, -76, -76, -76, -76, -79, -79, -79, -79, -79, -78, -78, -77, -77, -77, -77, -77, -77, -77, -77, -77, -77, -77, -77, -77, -80, -80, -80, -78, -78, -78, -79, -77, -77, -77, -77, -78, -78, -78, -78, -78, -78, -78, -78, -78, -78, -78, -78, -78, -80, -80, -80, -80, -78, -78, -78, -78, -77, -77, -77, -77, -77, -75, -75, -75, -77, -77, -75, -75, -75, -75, -75, -75, -75, -75, -77, -77, -77, -77, -77, -77, -77, -77, -81, -81, -81, -81, -81, -81, -81, -81, -78, -78, -78, -78, -78, -78, -80, -79, -79, -79, -79, -79, -79, -79, -79, -78, -78, -78, -78, -78, -78, -78, -78, -78, 
ec:c8:82:7a:dc:52, 2462, Universities WiFi, -73, -77, -77, -77, -74, -74, -74, -74, -74, -78, -78, -78, -78, -78, -78, -78, -78, -72, -72, -72, -73, -73, -73, -73, -73, -73, -73, -73, -73, -73, -73, -73, -73, -80, -80, -80, -80, -80, -80, -80, -80, -80, -80, -80, -80, -80, -80, -80, -78, -78, -78, -77, -77, -78, -78, -78, -78, -78, -78, -78, -78, -78, -78, -78, -80, -78, -78, -78, -78, -78, -78, -78, -78, -78, -78, -78, -79, -79, -79, -79, -79, -79, -78, -78, -78, -78, -78, -80, -80, -79, -79, -77, -77, -77, -77, -77, -77, -77, -77, -78, -78, -78, -78, -76, -76, -76, -76, -78, -78, -78, -79, -79, -77, -77, -77, -77, -77, -77, -79, -79, -79, -79, -79, -79, -79, -79, -79, -79, -79, -79, -79, -79, -79, -79, -79, -79, -79, -79, -79, -79, -79, -79, -79, -79, -79, -79, -79, -79, -79, -79, 
ec:c8:82:7a:dc:54, 2462, eduroam, -74, -74, -74, -74, -71, -70, -70, -70, -70, -76, -77, -77, -77, -77, -78, -78, -78, -78, -78, -74, -74, -74, -74, -74, -74, -74, -74, -75, -75, -75, -75, -75, -75, -75, -75, -74, -74, -74, -74, -74, -74, -74, -81, -81, -81, -81, -81, -81, -81, -81, -78, -78, -78, -78, -78, -78, -78, -78, -78, -75, -75, -75, -75, -75, -80, -80, -80, -80, -78, -78, -78, -78, -78, -78, -79, -79, -79, -79, -79, -79, -79, -79, -79, -79, -78, -78, -78, -78, -78, -78, -78, -81, -81, -81, -81, -81, -79, -79, -79, -79, -81, -81, -81, -81, -79, -79, -79, -77, -77, -77, -77, -77, -77, -77, -78, -78, -77, -77, -77, -77, -78, -78, -80, -80, -80, -80, -80, -82, -82, -82, -82, -82, -81, -81, -81, -81, -80, -80, -80, -80, -80, -80, -82, -82, -81, -81, -81, -80, -80, -80, -80, -80, -80, -80, -80, -79, -79, -79, -79, -79, -79, -81, -81, 
ec:c8:82:7a:dc:50, 2462, sMobileNet, -72, -76, -76, -76, -72, -72, -72, -72, -72, -77, -77, -77, -77, -77, -77, -77, -73, -73, -73, -73, -73, -73, -73, -73, -73, -73, -72, -73, -73, -73, -73, -73, -72, -72, -72, -72, -72, -72, -72, -71, -71, -69, -69, -69, -69, -72, -72, -72, -72, -72, -72, -72, -80, -80, -79, -79, -79, -79, -79, -79, -80, -80, -80, -80, -80, -81, -81, -81, -81, -78, -78, -78, -78, -78, -80, -80, -80, -80, -81, -80, -80, -80, -80, -80, -79, -78, -80, -80, -80, -80, -79, -79, -79, -79, -79, -79, -80, -80, -80, -80, -80, -79, -79, -79, -79, -79, -79, -77, -77, -77, -77, -77, -77, -76, -76, -76, -76, -75, -75, -75, -75, -75, -75, -75, -75, -79, -79, -78, -78, -78, -78, -78, -78, -80, -80, -80, -80, -80, -80, -80, -80, -82, -82, -82, -82, -82, -82, -78, -78, -78, -78, -78, -78, -81, -81, -81, -81, -81, -81, -81, -78, -78, -78, -78, -78, -78, -78, -78, -78, -78, -78, -78, -78, -80, 
00:23:eb:3a:0c:31, 2437, PCCW, -81, -77, -77, -77, -77, -77, -77, -77, -77, -77, -77, -77, -77, -77, -77, -77, -77, -77, -77, -77, -81, -81, -81, -81, -81, -81, -81, -81, -82, -82, -82, -82, -82, -82, -82, -82, -81, -81, -81, -81, -81, -81, -81, -82, -82, 
00:19:be:00:05:50, 2437, , -82, -82, -82, -82, -82, -82, -82, -84, -84, -84, -84, -84, -84, -84, -84, -86, -86, -87, -87, -87, -83, -83, -83, -83, -83, -83, -83, -83, -83, -83, -83, -83, -83, -90, -90, -90, -90, -90, -90, -90, -90, -90, -89, -89, -89, -89, -89, -90, -90, -90, -86, -86, -86, -86, -86, -86, -86, -86, -87, -87, -87, -90, -90, -90, -90, -90, -90, -90, -90, -90, -90, -90, -90, -90, -90, -90, -90, -84, -84, -84, -84, -84, -84, -84, -84, -88, -88, -88, -88, -88, -88, -87, -87, -87, -87, -87, -87, -87, -88, -88, -88, -88, -88, -88, -88, -88, -88, -88, -88, -88, -88, -88, -88, -88, -88, -88, -88, -88, -88, -88, -88, -88, -87, 
ec:c8:82:7a:de:63, 2437, Y5ZONE, -81, -82, -82, -82, -82, -82, -82, -82, -82, -78, -78, -78, -78, -78, -78, -78, -78, -78, -78, -78, -78, -78, -78, -81, -81, -81, -81, -81, -81, -81, -81, -79, -79, -79, -79, -79, -79, -79, -79, -79, -79, -77, -77, -77, -77, -77, -77, -77, -77, -83, -83, -83, -83, -83, -83, -83, -82, -82, -82, -82, -82, -82, -82, -82, -82, -82, -81, -81, -81, -81, -81, -81, -81, -81, -81, -81, -81, -81, -81, -81, -81, -82, -82, -79, -79, -81, -81, -81, -81, -80, -80, -80, -81, -81, -81, -83, -83, -83, -83, -83, -83, -83, -83, -82, -82, -82, -82, -82, -82, -82, -82, -83, -83, -83, -80, -80, -82, -82, -82, -82, -82, -82, -81, -81, -81, -81, -81, -81, -81, -81, -80, -80, -80, -81, -81, -80, -80, -80, -80, -80, -81, -81, -82, -81, -81, -81, -81, -81, -82, -81, -81, -81, -81, -81, -82, -82, -82, -82, -82, -82, -82, -82, -82, -82, -82, -82, -82, -82, 
58:bc:27:5d:de:54, 2437, sMobileNet, -82, -81, -81, -81, -81, -81, -81, -81, -78, -79, -79, -79, -79, -79, -79, -81, -81, -80, -80, -79, -81, -81, -81, -81, -81, -81, -80, -80, -80, -80, -80, -80, -80, -80, -80, -80, -80, -78, -79, -79, -77, -77, -77, -77, -77, -77, -77, -81, -81, -81, -81, -81, -81, -81, 
00:27:19:e3:50:cc, 2412, TP-LINK_E350CC, -83, -84, -84, -84, -84, -84, -84, -84, -84, -83, -83, -83, -83, -83, -83, -83, -83, -83, -83, -83, -83, -83, -83, -83, -83, -81, -81, -81, -81, -81, -81, -81, 
ec:c8:82:7a:3f:d2, 2462, Universities WiFi, -66, -66, -66, -66, -69, -69, -69, -69, -69, -69, -69, -69, -69, -69, -71, -71, -68, -68, -68, -68, -68, -67, -67, -67, -67, -67, -68, -68, -68, -68, -67, -67, -68, -68, -68, -68, -68, -69, -69, -69, -69, -68, -68, -68, -68, -63, -63, -62, -62, -61, -67, -67, -67, -67, -67, -67, -67, -67, -76, -76, -76, -75, -75, -75, -75, -75, -75, -75, -75, -73, -73, -73, -73, -73, -75, -75, -75, -75, -75, -75, -71, -71, -71, -71, -71, -71, -71, -71, -71, -71, -76, -73, -73, -73, -73, -73, -71, -71, -71, -71, -71, -71, -71, -71, -69, -69, -69, -69, -71, -71, -71, -71, -71, -71, -71, -70, -70, -70, -69, -69, -69, -69, -69, -69, -69, -69, -67, -67, -67, -67, -69, -69, -69, -69, -69, -69, -67, -67, -67, -67, -67, -68, -68, -68, -68, -65, -70, -70, -70, -70, -70, -69, -69, -68, -68, -68, -68, -67, -67, -67, -66, -66, -66, -66, -66, -66, -63, -63, -63, -63, -63, -63, -63, -63, -64, -64, -64, -64, -64, -64, -64, -64, -64, -65, -65, -65, -66, -66, -66, -66, -69, 
ec:c8:82:7a:df:63, 2412, Y5ZONE, -75, -77, -77, -77, -77, -77, -77, -77, -80, -80, -80, -80, -80, -80, -80, -75, -75, -75, -75, -75, -78, -78, -78, -79, -79, -79, -79, -77, -75, -75, -75, -75, -79, -79, -79, -79, -79, -79, -73, -77, -77, -77, -73, -73, -76, -76, -76, -75, -75, -75, -75, -75, -75, -81, -81, -81, -81, -81, -81, -81, -81, -81, -82, -82, -82, -82, -82, -82, -82, -82, -77, -77, -77, -77, -77, -77, -77, -77, -77, -77, -77, -77, -77, -83, -83, -83, -83, -83, -83, -83, -83, -81, -81, -81, -81, -81, -81, -81, -81, -81, -81, -81, -81, -81, -81, -81, -81, -81, -81, -81, -81, -81, -79, -79, -79, -79, -79, -80, -79, -79, -79, -79, -79, -79, -79, -79, -79, -79, -79, -79, -82, -81, -81, -81, -81, -81, -81, -79, -79, -79, -79, -79, -79, -79, -79, 
00:25:84:22:f9:e0, 2412, sMobileNet, -78, -78, -78, -78, -78, -78, -82, -82, -82, -82, -82, -80, -80, -80, -80, -80, -80, -80, -80, -78, -78, -78, -78, -78, -78, -78, -78, -79, -79, -79, -79, -79, -79, -79, -79, -81, -81, -80, -80, -80, -80, -80, -80, -80, -80, -81, -80, -80, -80, -80, -80, -79, -79, -79, -79, -79, -80, -80, -80, -80, -80, -80, -80, -80, -80, -80, -81, -81, -81, -81, -81, -81, -81, -81, -80, -80, -80, -80, -80, -80, -81, -81, -81, -81, -81, -81, -81, -79, -79, -79, -79, -79, -79, 
00:23:eb:3a:0c:30, 2437, sMobileNet, -80, -80, -80, -80, -80, -80, -80, -80, -80, -80, -80, -80, -80, -82, -82, -82, -82, -82, -82, -82, -82, 
ec:c8:82:7a:e1:65, 2412, Alumni, -81, -81, -81, -81, -81, -81, 
84:74:2a:d3:05:24, 2412, 4GLTE_D30524, -81, -81, -81, -81, -81, -81, -81, -81, -81, -81, -81, -81, -78, -78, -75, -79, -79, -80, -80, -80, -81, -81, -81, -81, -81, -81, -81, -81, -85, -85, -84, -84, -84, -84, -83, -83, -79, -80, -84, -84, -84, -84, -84, -86, -86, -86, -86, -86, -87, -87, -87, -83, -86, -86, -83, -81, 
ec:c8:82:7a:df:61, 2412, PCCW, -73, -78, -78, -77, -77, -77, -77, -77, -77, -77, -77, -81, -81, -81, -81, -81, -81, -81, -81, -81, -81, -81, -78, -78, -78, -78, -78, -77, -77, -77, -77, -77, -77, -77, -77, -77, -72, -76, -76, -77, -73, -73, -77, -77, -77, -77, -78, -78, -78, -78, -78, -78, -78, -78, -79, -79, -79, -79, -79, -79, -79, -82, -81, -81, -81, -81, -81, -81, -81, -81, -80, -80, -80, -80, -80, -80, -80, -80, -79, -79, -79, -79, -79, -79, -83, -83, -83, -83, -83, -83, -83, -83, -80, -80, -80, -80, -82, -80, -80, -80, -80, -80, -80, -80, -80, -80, -80, -80, -80, -80, -80, -80, -80, -83, -83, -83, -83, -77, -77, -77, -77, -77, -82, 
90:72:40:16:f6:36, 2462, PAO, -87, -87, -87, -87, -87, -87, -83, -87, -87, -87, -87, -87, -86, -86, -86, -86, -86, -86, -86, -86, -86, -86, -86, -88, -88, -88, -85, -86, -86, -86, -86, -86, -87, -87, -86, -86, -86, -86, -86, -86, -86, -86, -86, -83, -83, -83, -84, -84, -84, -84, -84, -84, -84, -92, -92, -92, -92, -92, -92, -92, -92, -90, -90, -90, -90, -89, -89, -89, -89, -89, -89, -89, -89, -89, -89, -89, -89, -89, -89, -89, -89, -89, -89, -90, -90, -90, -90, -90, -90, -89, -89, -89, -89, -89, -91, -89, -89, -89, -87, -87, -87, -89, -89, -89, -89, -89, -89, -89, -89, -90, -90, -90, -90, -90, -90, -91, -91, -91, -91, -90, -90, -89, -85, -84, -84, -84, -91, -88, -88, -88, -87, -84, -87, -87, -87, -87, -87, -91, -88, -88, -91, -91, -91, -91, -91, -91, -93, -90, -89, -89, -89, -89, -89, -86, -86, -89, -89, -89, -90, -90, -90, -90, -90, -90, -90, -90, -88, -92, -90, -90, -90, -90, -90, -90, -90, -90, 
00:1d:73:74:de:ec, 2412, Mirtech, -89, -88, -88, -88, -88, -88, -88, -88, -88, -86, -86, -86, -86, -86, -89, -82, -83, -83, -87, -87, -87, -84, -84, -84, -84, -84, -85, -85, -85, -85, -86, -86, -86, -86, -86, -86, -86, -89, -89, -89, -86, -86, -86, -86, -87, -87, -87, -87, -87, -87, -87, -87, -93, -93, -93, -93, -93, -94, -94, -94, -94, -94, -94, -94, -94, -91, -91, -91, -91, -91, -91, -91, -91, -90, -90, -90, -90, -90, -90, -90, -90, -89, -89, -89, -89, -89, -89, -89, -89, -89, -89, -89, -91, -91, -91, -88, -88, -88, -88, -88, -87, -87, -87, -87, -87, -87, -91, -91, -89, -89, -89, -89, -89, -89, -89, -89, 
00:1d:70:92:dc:b1, 2462, PCCW, -80, -80, -80, -80, -80, -80, -80, -80, 
58:bc:27:5d:de:55, 2437, Alumni, -77, -77, -77, -79, -79, -79, -79, -76, -77, -77, -79, -79, -79, -79, -79, -79, -79, -79, -80, -80, -80, -80, -80, -80, -80, -80, -78, -78, -78, -78, -78, -80, -80, -80, -80, -80, -76, -76, -77, -77, -77, -77, -77, -77, -77, -82, -82, -82, -82, -82, -82, -82, -82, 
58:bc:27:5d:de:52, 2437, Universities WiFi, -78, -78, -80, -81, -81, -81, -81, -76, -76, -79, -79, -79, -79, -79, -79, -79, -79, -80, -80, -80, -80, -80, -80, -80, -80, -80, -80, -79, -79, -79, -79, -79, -79, -79, -79, -76, -76, -79, -76, -76, -76, -76, -76, -76, -76, -80, -80, -80, -80, -80, -80, -80, -80, -81, -81, -81, -81, -81, -81, -81, 
28:93:fe:f4:af:05, 2462, Alumni, -81, -81, -81, -81, -81, -81, -81, -81, -78, -78, -78, -78, -78, -78, -78, -79, -79, -79, -79, -79, -79, -75, -75, -77, -77, -77, -77, -77, -77, -77, 
28:93:fe:f4:af:03, 2462, eduroam, -84, -84, -84, -84, -84, -84, -84, -84, -80, -80, -80, -80, -80, -80, -80, -82, -82, -82, -82, -82, -82, -82, -82, -82, -82, -82, -82, -82, -82, -82, -82, 
34:bd:c8:db:54:05, 2437, Alumni, -78, -78, -78, -78, -78, -78, -78, -78, -75, -75, -75, -75, -75, -75, -79, -79, -79, -79, -79, -79, -79, -78, -78, -78, -78, -78, -78, -78, -78, -75, -78, -78, -78, -78, -78, -78, -78, -78, -78, -82, -82, -82, -82, -82, -82, -82, -82, -84, -84, -84, -84, -84, -84, -84, -84, -82, -82, -80, -80, -80, -83, -83, -83, -83, -83, -83, -83, -82, -82, -82, -82, -82, -82, -82, -82, -82, -82, -81, -81, -81, -81, -81, -82, -82, -82, -82, -80, -80, -80, -80, -80, -80, -80, -80, -77, -77, -77, -80, -80, -80, -80, -77, -77, -77, -77, -77, -78, -78, -78, -78, -79, -78, -78, -78, -78, -78, -78, -78, -78, -78, -77, 
34:bd:c8:db:54:04, 2437, eduroam, -80, -80, -81, -79, -79, -79, -79, -79, -79, -79, -79, -78, -78, -78, -78, -82, -82, -82, -82, -82, -82, -82, -78, -74, -74, -74, -74, -74, -74, -79, -76, -80, -80, -80, -80, -80, -80, -80, -80, -79, -79, -79, -79, -79, -79, -79, -79, -79, -79, -81, -79, -80, -80, -80, -80, -80, -80, -80, -80, -80, -80, -80, -80, -80, -80, -80, -78, -78, -78, -78, -78, -78, -78, -78, -79, -79, -79, -79, -79, -79, -79, -79, -81, -78, -78, -79, 
90:f6:52:39:85:50, 2427, MERCURY_398550, -85, -86, -86, -86, -86, -86, -86, -86, -86, -92, -92, -92, -92, -92, -92, -92, -92, -89, -89, -89, -89, -89, -89, -89, -89, -89, -89, -89, -87, -87, -89, -87, -87, -87, -87, -87, -87, -87, -90, -90, -90, -90, -90, -90, -90, -88, -88, -88, -88, -88, -88, -88, -88, -90, -90, -90, -90, -90, -90, -90, -90, -90, -90, -90, 
34:bd:c8:db:54:01, 2437, PCCW, -78, -79, -79, -79, -79, -79, -77, -77, -77, -77, -77, -77, -76, -77, -75, -75, -75, -75, -75, -75, -75, -78, -78, -78, -78, -78, -78, -78, -78, -77, -77, -77, -77, -77, -77, -73, -73, -73, -75, -75, -77, -77, -77, -77, -77, -77, -76, -80, -80, -80, -80, -80, -80, -80, -80, -80, -80, -82, -82, -82, -82, -82, -82, -82, -82, -80, -80, -80, -80, -80, -80, -80, -80, -80, -80, -80, -81, -81, -81, -81, -81, -81, -81, -79, -78, -79, -79, -79, -79, -79, -79, -79, -79, -79, -79, -78, -80, -80, -80, -80, -80, -80, -79, -79, -80, -80, -80, -80, -80, -78, -78, -80, -80, -80, -80, -79, -79, -79, -79, -79, -78, -78, -79, -79, -79, -80, -80, -79, -79, -79, -80, -80, -78, -78, -79, -79, -79, -79, -79, -79, -78, -78, -78, -78, -78, -79, -79, -79, -79, -79, -80, -80, -80, -78, -78, -79, -79, -79, -79, -81, -80, -80, -80, -80, -78, -78, -78, -78, -80, -80, -80, -76, -76, -80, -79, -79, -78, -79, -81, -77, -77, -77, -77, -79, -77, -78, -78, -78, -78, -77, -77, -77, 
ec:c8:82:7a:3f:d0, 2462, sMobileNet, -67, -67, -68, -68, -68, -68, -68, -68, -68, -68, -73, -73, -72, -72, -72, -72, -72, -68, -68, -68, -68, -68, -68, -68, -68, -67, -67, -67, -67, -68, -68, -68, -68, -68, -68, -68, -72, -72, -69, -69, -65, -65, -63, -63, -63, -62, -62, -62, -62, -62, -71, -72, -72, -72, -72, -72, -72, -72, -78, -78, -78, -78, -78, -78, -77, -77, -77, -74, -74, -74, -76, -76, -76, -72, -72, -72, -72, -72, -72, -72, -75, -75, -75, -75, -75, -75, -75, -73, -73, -73, -73, -73, -73, -74, -74, -74, -74, -74, -74, -72, -71, -71, -72, -72, -72, -72, -72, -73, -73, -70, -70, -70, -70, -70, -70, -70, -70, -70, -70, -72, -72, -72, -72, -70, -67, -67, -67, -67, -67, -69, -69, -69, -69, -70, -70, -67, -67, -67, -67, -67, -67, -67, -67, -67, -65, -65, -68, -68, -68, -68, -68, -68, -68, -68, -68, -68, -68, -68, -68, -68, -68, -67, -67, -67, -66, -66, -66, -66, -66, -66, -66, -66, -66, -67, -67, -67, -67, -64, -68, -68, -68, -68, -68, -68, -70, -70, -70, -69, 
00:15:eb:5c:ea:89, 2427, Zhu1, -88, -88, -88, -88, -88, -88, -88, -88, -87, -87, -87, -87, -87, -87, -87, -87, -88, -88, -88, -88, -88, -88, -88, -89, -89, -89, -89, -89, -89, -89, -92, -92, -92, -92, -92, -92, -92, -92, -90, -90, -90, -90, -90, -90, -90, -89, -89, -89, -89, -89, -89, -89, -89, 
02:2f:4f:ac:99:a7, 2457, HP01C2D1, -88, -88, -88, -88, -88, -88, -88, -88, -90, -90, -90, -90, -90, -90, -90, -89, -89, -89, -89, -89, -89, -89, -92, -92, -92, -92, -92, -92, -92, -91, -91, -91, -91, -91, -91, -91, -91, -91, -91, -91, -91, -91, -91, -91, -90, -90, -90, -90, -90, -90, -90, -90, -91, -91, -91, -91, -91, -91, -91, -91, -90, -90, -90, -90, -89, -89, -89, -89, -91, -91, -91, -91, -91, -91, -91, -91, -88, -88, -88, -88, -88, -88, -88, -88, -88, -89, -89, -89, 
ec:c8:82:7a:dc:b1, 2462, eduroam, -82, -82, -82, -82, -82, -82, -82, -82, 
34:bd:c8:db:54:02, 2437, Universities WiFi, -83, -83, -83, -83, -83, -83, -83, -83, -76, -76, -76, -76, -76, -76, -76, -76, -76, -78, -78, -78, -78, -78, -78, -78, -77, -77, -77, -77, -77, -77, -78, -78, -78, -78, -78, -78, -78, -78, -77, -77, -77, -77, -77, -77, -77, -77, -78, -80, -80, -80, -80, -80, -80, -80, -80, -80, -80, -80, -80, -80, -80, -79, -79, -79, -79, -79, -79, -79, -79, -79, -79, -79, -79, -82, -82, -82, -82, -79, -79, -79, -79, -77, -77, -77, -79, -79, -79, -79, -79, -79, -79, -79, -80, -80, -80, -80, -80, -78, -78, -79, -79, -79, -79, -79, -79, -79, -79, -77, -77, -77, -77, -77, -77, -77, -77, -77, -77, -77, -77, -77, -77, -77, -77, 
58:bc:27:5d:de:50, 2437, Y5ZONE, -80, -80, -80, -80, -80, -80, -80, -80, -80, -80, -79, -79, -79, -79, -79, -80, -80, -80, -80, -80, -80, -80, -80, -82, -78, -78, -78, -78, -78, -78, -78, -78, -77, -76, -76, -76, -74, -74, -74, -74, -74, -74, -81, -81, -81, -81, -81, -81, -81, -81, -83, -83, -83, -83, -83, -83, -83, -83, -83, -83, -84, -84, -84, -84, -84, -84, -84, -84, -84, -84, -84, -84, -83, -83, -83, -83, -83, -83, -83, -83, 
ec:c8:82:7a:df:6a, 5180, Alumni, -75, -75, -75, -75, -75, -75, -75, -75, -75, -75, -75, -75, -75, -75, -72, -72, -72, -72, -72, -72, -73, -73, -73, -73, -73, -73, -73, -73, -73, -73, -75, -75, -75, -75, -75, -75, -71, -71, -75, -75, -75, -75, -74, -74, -74, -74, -74, -74, -72, -72, -73, -76, -76, -76, -76, -76, -76, -76, -76, -76, -76, -76, -76, -75, -75, -75, -75, -75, -75, -75, -75, -75, -75, -75, -76, -76, -76, -76, -76, -76, -76, -75, -75, -75, -75, -75, -75, -75, -75, -75, -76, -76, -76, -76, -75, -76, -74, -74, -72, -72, -72, -72, -72, -72, -72, -72, -72, -72, -73, -74, -74, -74, -74, -74, -74, -74, -74, -74, -75, -75, -75, -75, -75, -75, -75, -74, -74, -74, -76, -76, -76, -76, -76, -76, -76, -76, -74, -72, -72, -72, -72, -72, -72, -72, -72, -72, -72, -72, -72, -73, -73, -73, -73, -73, -73, -72, -72, -72, -72, -75, 
34:bd:c8:db:54:00, 2437, sMobileNet, -81, -81, -81, -81, -81, -81, -81, -81, -78, -78, -78, -78, -78, -78, -78, -79, -79, -79, -79, -79, -79, -79, -76, -77, -77, -77, -77, -77, -77, -77, -77, -82, -82, -82, -82, -82, -82, -82, -82, -80, -80, -80, -80, -80, -80, -80, -80, -80, -80, -81, -81, -81, -81, -81, -81, -81, -79, -79, -79, -79, -79, -79, -79, -79, -79, -79, -78, -78, -78, -78, -78, -78, -78, -78, -78, -78, -78, -79, -79, -79, -79, -80, -80, -80, -80, -80, -80, -81, -81, -78, -79, -79, -79, -79, -79, -79, -79, -78, -78, -78, -78, -78, -78, -78, -77, 
ec:c8:82:7a:df:6e, 5180, PCCW, -74, -74, -73, -75, -75, -74, -74, -73, -73, -73, -73, -73, -73, -73, -72, -72, -74, -74, -75, -73, -73, -73, -73, -73, -73, -73, -73, -73, -73, -73, -73, -74, -73, -73, -74, -74, -74, -70, -70, -74, -74, -73, -73, -73, -73, -74, -74, -74, -74, -73, -73, -73, -74, -74, -74, -74, -75, -75, -75, -75, -75, -75, -75, -75, -75, -75, -75, -75, -75, -75, -75, -75, -75, -75, -75, -75, -77, -77, -77, -77, -77, -76, -76, -76, -76, -76, -76, -76, -74, -74, -74, -74, -74, -74, -74, -77, -75, -75, -77, -77, -76, -76, -75, -75, -74, -74, -72, -72, -72, -72, -71, -74, -74, -74, -74, -74, -74, -74, -76, -75, -75, -75, -75, -75, -74, -74, -74, -74, -74, -77, -77, -77, -77, -77, -77, -77, -77, -75, -75, -75, -77, -77, -77, -75, -75, -75, -75, -75, -75, -75, -75, -75, -75, -75, -75, -75, -75, -75, -73, -73, -74, -74, -73, -74, -72, -72, -71, -71, -71, -74, -74, -74, -74, -74, -73, -73, -73, -73, -73, -70, -71, -72, -72, -72, -72, -74, -75, 
ec:c8:82:7a:df:6c, 5180, Y5ZONE, -74, -73, -73, -74, -74, -74, -74, -73, -73, -74, -72, -72, -71, -71, -71, -71, -74, -74, -75, -73, -73, -72, -72, -73, -72, -73, -73, -72, -72, -72, -72, -74, -73, -73, -74, -74, -74, -70, -70, -74, -74, -74, -72, -72, -73, -73, -73, -73, -73, -72, -72, -72, -75, -74, -77, -77, -76, -76, -76, -76, -76, -76, -76, -76, -75, -75, -74, -75, -75, -75, -75, -75, -76, -76, -76, -76, -76, -76, -76, -76, -77, -76, -76, -76, -76, -76, -76, -76, -73, -73, -73, -73, -73, -73, -74, -75, -75, -75, -76, -74, -75, -75, -74, -74, -73, -75, -71, -71, -71, -70, -71, -74, -75, -75, -75, -75, -75, -75, -76, -72, -75, -75, -75, -75, -73, -73, -73, -73, -73, -73, -77, -77, -77, -77, -77, -77, -77, -75, -74, -74, -74, -74, -74, -74, -73, -74, -74, -74, -74, -75, -75, -75, -75, -75, -75, -75, -74, -74, -72, -71, -73, -74, -72, -72, -71, -71, -71, -71, -71, -73, -73, -73, -73, -75, -73, -73, -72, -72, -73, -71, -71, -70, -71, -71, -72, -74, -74, 
ec:c8:82:7a:e1:60, 2412, sMobileNet, -84, -84, -84, -84, -84, -84, -84, -84, 
ec:c8:82:7a:df:6f, 5180, sMobileNet, -76, -76, -76, -76, -76, -73, -73, -72, -72, -72, -71, -71, -71, -75, -75, -75, -75, -72, -72, -72, -72, -73, -73, -70, -70, -70, -70, -70, -70, -70, -75, -75, -75, -75, -75, -75, -75, -71, -71, -72, -74, -74, -74, -74, -72, -72, -72, -72, -72, -75, -75, -75, -75, -75, -75, -75, -75, -75, -75, -74, -74, -74, -74, -74, -74, -74, -74, -74, -74, -74, -74, -74, -74, -74, -74, -74, -74, -74, -74, -74, -74, -73, -73, -73, -73, -74, -73, -73, -71, -71, -71, -71, -71, -71, -71, -71, -75, -73, -73, -73, -73, -73, -73, -73, -73, -73, -73, -74, -73, -73, -73, -73, -73, -73, -73, -73, -73, -73, -73, -75, -75, -75, -75, -75, -75, -75, -75, -72, -72, -72, -72, -72, -72, -72, -72, -72, -72, -72, -72, -72, -72, -72, -72, -72, -72, -72, -72, -72, -71, -71, -71, -71, -71, -75, 
00:1d:70:92:dc:b5, 2462, Alumni, -80, -80, -80, -80, -80, -80, -80, -80, 
ec:c8:82:7a:de:61, 2437, PCCW, -76, -76, -76, -76, -76, -76, -76, -77, -77, -77, -77, -77, -77, -77, -78, -78, -78, -81, -80, -80, -80, -80, -80, -80, -80, -80, -78, -78, -78, -78, -78, -78, -78, -78, -81, -81, -81, -81, -81, -81, -81, -80, -80, -79, -79, -79, -79, -79, -80, -79, -80, -80, -80, -80, -80, -80, -80, -81, -81, -81, -81, -80, -80, -80, -80, -78, -79, -79, -79, -79, -79, -79, -79, -79, -79, -79, -79, -79, -79, -82, -82, -82, -82, -82, -82, -82, -82, -80, -80, -80, -80, -80, -80, -80, -80, -80, -80, -80, -80, -81, -81, -81, -81, -81, -81, -81, -81, -81, -81, -82, -79, -79, -79, -79, -79, -79, -79, -80, -80, -80, -80, -80, -80, -80, -79, -79, -79, -79, -79, -79, -79, -79, -79, -81, -81, -81, -81, -81, -81, -81, -81, 
ec:c8:82:7a:df:6d, 5180, Universities WiFi, -73, -73, -73, -73, -73, -73, -73, -73, -71, -71, -71, -71, -71, -71, -71, -74, -74, -74, -73, -73, -71, -71, -71, -71, -71, -72, -72, -72, -72, -72, -72, -72, -73, -72, -72, -72, -73, -73, -73, -73, -73, -73, -73, -73, -74, -74, -74, -74, -74, -74, -74, -74, -74, -74, -74, -74, -74, -71, -71, -71, -71, -71, -74, -74, -74, -74, -74, -74, -74, -74, -74, -74, -74, -74, -73, -73, -73, -73, -73, -73, -75, -75, -75, -75, -75, -75, -75, -75, -73, -73, -73, -73, -73, -73, -70, -70, -70, -70, -70, -72, -72, -73, -73, -73, -72, -72, -72, -72, -72, -70, -70, -70, -70, -70, -71, -71, -71, 
ec:c8:82:7a:df:6b, 5180, eduroam, -74, -74, -74, -74, -73, -73, -73, -71, -71, -71, -71, -71, -71, -71, -71, -71, -71, -71, -71, -71, -74, -74, -72, -72, -72, -72, -72, -73, -73, -73, -73, -73, -73, -73, -72, -72, -72, -72, -72, -72, -72, -72, -72, -73, -73, -73, -73, -73, -73, -73, -73, -73, -73, -73, -73, -73, -73, -73, -73, -74, -74, -73, -73, -73, -73, -73, -73, -74, -74, -74, -74, -74, -74, -74, -74, -73, -74, -74, -71, -71, -71, -71, -71, -76, -76, -76, -76, -76, -76, -76, -73, -73, -73, -73, -73, -73, -73, -73, -76, -73, -73, -73, -73, -73, -73, -73, -73, -74, -74, -74, -74, -74, -74, -74, -74, -74, -72, -72, -72, -73, -73, -73, -73, -73, -71, -71, -71, -71, -71, -75, -75, -75, -73, -73, -73, -73, -73, -70, -70, -70, -70, -71, -71, -71, -71, 
58:bc:27:5d:de:5d, 5200, Universities WiFi, -75, -75, -75, -75, -75, -75, -75, -75, 
58:bc:27:5d:de:5b, 5200, sMobileNet, -75, -75, -75, -75, -75, -75, -75, -75, -77, -77, -77, -77, -77, -77, -77, -77, 
ec:c8:82:7a:de:65, 2437, Alumni, -76, -76, -76, -76, -76, -76, -76, -76, -81, -81, -81, -81, -81, -81, -80, -80, -80, -80, -80, -80, -80, -80, -80, -80, -80, -80, -80, -80, -83, -83, -83, -83, -83, -83, -83, -83, -80, -80, -80, -80, -80, -80, -80, -80, -80, -80, -81, -81, -81, -81, -81, -81, -81, -81, -79, -79, -79, -79, -79, -79, -81, -81, -81, -81, -81, -81, -83, -83, -83, -83, -83, -83, -83, -83, 
ec:c8:82:7a:df:60, 2412, sMobileNet, -80, -80, -80, -80, -80, -80, -80, -80, -81, -81, -81, -81, -81, -81, -81, -80, -80, -80, -80, -80, -80, -80, -80, 
00:25:84:22:f7:30, 2462, sMobileNet, -78, -78, -78, -78, -78, -78, -78, -78, -79, -79, -79, -79, -79, -79, -79, -74, -75, -75, -75, -75, -75, -75, -75, -75, -75, -79, -79, -79, -77, -77, -77, -76, -76, -76, -76, -76, -75, -75, -75, -75, -75, -75, -75, -75, -75, -75, -77, -77, -77, -77, -77, -77, -77, -75, -75, -75, -75, -75, -76, -76, -76, -76, -76, -76, -76, -75, -75, -75, -75, -75, -75, -75, -75, -75, -75, -75, -75, -75, -75, -74, -74, -74, -74, -74, -74, -76, -76, -76, -76, -76, -76, -76, -76, -78, -78, -78, -78, -78, -78, -78, -78, -76, -76, -76, -76, -76, -76, -76, -76, 
ec:c8:82:7a:df:62, 2412, Universities WiFi, -75, -75, -75, -75, -75, -75, -79, -79, -79, -79, -79, -79, -79, -77, -77, -77, -77, -77, -77, -77, -77, -80, -80, -80, -80, -80, -80, -80, -80, -79, -79, -79, -79, -79, -79, 
00:19:be:00:05:b0, 2437, MtrecA8, -88, -88, -88, -88, -88, -87, -87, -87, -87, -87, -87, -87, -83, -83, -83, -83, -83, -83, -83, -92, -92, -92, -92, -92, -92, -92, -91, -91, -91, -91, -91, -87, -87, -87, -87, -87, -87, -87, -87, -88, -88, -88, -88, -90, -90, -90, -87, -87, -87, -89, -89, -89, -89, -89, -89, -90, -90, -90, -90, -84, -84, -84, -84, -84, -84, -91, -91, -91, -91, 
ec:c8:82:7a:df:65, 2412, Alumni, -78, -78, -78, -78, -78, -78, -78, -78, -77, -77, -75, -75, -75, -75, -75, -75, -75, -81, -81, -81, -81, -81, -81, -81, -81, -80, -80, -80, -80, -80, -80, -80, -80, -81, -81, -81, -81, -81, -81, -82, -82, -82, -82, -82, -82, -82, -82, 
ec:c8:82:7a:de:64, 2437, eduroam, -79, -79, -79, -79, -79, -79, -79, -80, -80, -80, -80, -81, -81, -81, -81, -81, -81, -81, -83, -83, -83, -83, -83, -82, -82, -82, -82, -82, -82, -82, -81, -81, -81, -81, -81, -81, -81, -84, -84, -84, -84, -84, -84, -84, -84, -80, -80, -80, -80, -80, -81, -81, -81, -81, -81, -81, -81, -81, -81, -81, -81, -81, -81, -81, -81, -81, -81, -81, -81, -81, -81, -81, -81, 
ec:c8:82:7a:df:64, 2412, eduroam, -81, -81, -81, -81, -81, -81, -81, -78, -78, -78, -78, -78, -78, -78, -75, -75, -75, -79, -79, -79, -79, -79, -79, -79, -79, -79, -79, -79, -82, -82, -82, -82, -82, -82, -82, -82, -84, -84, -84, -84, -84, -84, -84, -84, -81, -81, -81, -81, -81, -81, 
00:25:84:22:f7:31, 2462, Universities WiFi, -78, -78, -77, -77, -77, -77, -77, -77, -77, -77, -77, -77, -77, -74, -74, -74, -74, -74, -74, -74, -80, -80, -80, -80, -80, -80, -80, -78, -78, -78, -78, -78, -76, -76, -76, -76, -75, -75, -75, -75, -75, -75, -75, -75, -76, -76, -76, -76, -76, -76, -76, -76, -76, -75, -75, -75, -75, -75, -75, -75, -75, -76, -76, -76, -75, -75, -75, -75, -75, -75, -75, -75, -75, -75, -75, -75, -75, -74, -74, -74, -74, -74, -74, -78, -78, -78, -78, -78, -78, -78, -77, -77, -77, -77, -77, -77, -77, -77, 
28:93:fe:f4:af:02, 2462, Universities WiFi, -79, -79, -79, -79, -79, -79, -79, -79, -78, -78, -78, -78, -78, -78, -78, -82, -82, -82, -82, -82, -82, -82, -82, -82, -82, -82, -82, -82, -82, -82, -79, -79, -79, -79, -79, -79, -79, -79, 
c8:d7:19:ff:2e:2d, 2412, Cisco64266, -86, -86, -86, -85, -85, -85, -85, -85, -85, -85, -85, -87, -87, -87, -87, -87, -87, -87, -93, -93, -93, -93, -93, -91, -91, -91, -91, -91, -91, -91, -91, -86, -86, -86, -86, -86, -86, -86, -86, -86, -89, -89, -89, -89, -89, -89, -91, -91, -91, -91, -86, -88, -88, -88, -88, -88, -88, -88, -88, -88, -88, -88, -88, -88, -88, -91, -91, -89, -88, -88, -88, -88, -88, -88, -88, -88, -89, -92, -90, -90, -88, -88, -88, -88, -88, -88, -88, -88, -88, -88, -88, -86, -86, -83, -87, -87, -86, -90, -90, -90, -88, -88, -88, -86, -86, -86, -86, -86, -86, -86, -86, -89, -89, -89, -89, -89, -89, -89, -89, -91, -91, -91, -91, -91, -90, -90, -90, -90, -90, -88, -88, -88, -89, -89, -89, -89, -89, -89, -89, -93, -92, -92, -90, -90, -90, -90, -90, -90, -90, 
00:1d:70:92:dc:b3, 2462, eduroam, -83, -83, -83, -83, -83, -83, -83, -83, 
28:93:fe:f4:af:01, 2462, PCCW, -82, -82, -82, -82, -82, -82, -82, -82, -81, -81, -81, -81, -81, -81, -81, -81, -81, -81, -81, -81, -81, -80, -80, -80, -80, -80, -80, -80, -80, -82, -82, -82, -82, -82, -82, -82, -82, 
00:1d:70:92:dc:b4, 2462, sMobileNet, -81, -81, -81, -81, -81, -81, -81, -81, 
00:23:eb:3a:0c:35, 2437, Alumni, -85, -85, -85, -85, -85, -85, -85, 
28:93:fe:f4:af:04, 2462, sMobileNet, -79, -79, -79, -79, -79, -79, -79, -78, -78, -78, -78, -78, -78, -78, -78, -78, -85, -85, -85, -85, -85, -85, -85, -82, -82, -82, -82, -82, -82, -80, -80, -80, -80, -80, -80, -80, -80, -80, -80, -80, -80, 
00:25:84:23:01:13, 2462, Alumni, -78, -77, -77, -77, -77, -77, -77, -77, 
00:25:84:23:01:10, 2462, Universities WiFi, -79, -79, -79, -79, -79, -79, -79, -79, -79, 
00:25:84:23:01:11, 2462, eduroam, -76, -76, -76, -76, -76, -76, -76, 
ec:c8:82:7a:e1:63, 2412, Y5ZONE, -80, -80, -80, -80, -80, -80, -80, -80, 
ec:c8:82:7a:e1:61, 2412, PCCW, -79, -79, -79, -79, -79, -79, -79, 
28:93:fe:f4:af:00, 2462, Y5ZONE, -76, -76, -76, -76, -76, -76, -76, -76, -76, -76, -80, -80, -80, -80, -80, -80, -80, -80, 
00:23:eb:3a:0c:34, 2437, eduroam, -79, -79, -79, -79, -79, -79, -79, -79, 
ec:c8:82:7a:de:62, 2437, Universities WiFi, -77, -77, -77, -77, -77, -77, -77, -77, -79, -79, -79, -79, -79, -79, -79, -79, -81, -81, -81, -81, -81, -81, -81, -81, -81, -81, -81, -81, -81, -81, -81, -83, -80, -80, -80, -80, -80, -80, -80, -80, -81, -81, -81, -81, -81, -81, -81, -81, 
10:fe:ed:4b:c6:6c, 2417, mifeng, -90, -90, -90, -90, -90, -90, -90, -90, -93, -93, 
10:6f:3f:10:74:bc, 2437, WelcomeHome, -91, -91, -91, -91, -91, -91, -91, -91, -93, -93, -93, -93, -93, -93, -93, -93, 
2c:b0:5d:97:26:a0, 2457, room7341_AV, -93, -93, -93, -93, -93, -93, -93, -93, 
58:bc:27:5d:de:5e, 5200, PCCW, -79, -79, -79, -79, -79, -79, -79, -79, 
00:25:84:22:e8:10, 2437, sMobileNet, -81, -81, -81, -81, -81, -81, -81, -82, -80, -80, -80, -80, -80, -80, -80, -80, 
ec:c8:82:7a:de:60, 2437, sMobileNet, -81, -81, -81, -81, -81, -81, -81, -81, -81, 
