00:23:eb:0b:4f:ff, 153, sMobileNet, -76, -75, -74, -75, -75, -75, -76, -75, -76, -75, -77, -74, -76, -76, -74, -76, -75, -75, -75, -75, -75, -74, -74, -75, -75, -75, -74, -75, -75, -75, -75, -75, -76, -75, -75, -75, -74, -75, -75, -74, -75, -74, -74, -76, -74, -76, -74, -75, -75, -74, -74, -74, -74, -74, -75, -75, -74, -77, -75, -76, -74, -74, -75, -75, -75, -75, -73, -74, -76, -76, -76, -77, -77, -76, -77, -77, -77, -77, -77, -76, -76, -75, -75, -75, -74, -75, -76, -74, -76, -75, -75, -73, -76, -74, -76, -76, -75, -75, -76, -76, -75, -75, -76, -75, -75, -76, -76, -75, -76, -76, -75, -76, -75, -76, -76, -75, -75, -75, -76, -75, -75, -75, -76, -76, -76, -75, -75, -76, -75, -75, -75, -75, -76, -77, -75, -74, -76, -75, -74, -76, -76, -75, -75, -75, -76, -74, -75, -75, -75, -75, -74, -74, -74, -73, -73, -76, -74, -74, -74, -76, -73, -74, -75, -75, -74, -75, -75, -74, -74, -76, -75, -73, -74, -74, -74, -74, -75, -75, -75, -74, -76, -75, -76, -75, -75, -75, -75, -75, -74, -75, -75, -75, -75, -76, -75, -75, -75, -75, -75, -75, -76, -75, -76, -75, -74, -75, -74, -75, -74, -75, -74, -75, -75, -75, -74, -75, -74, -75, -75, -75, -73, -76, -75, -73, -74, -75, -75, -75, -75, -76, -75, -75, -75, -75, -75, -75, -75, -75, -75, -75, -75, -75, -76, -76, -75, -76, -75, -75, -75, -75, -75, -74, -75, -75, -75, -75, -75, -75, -75, -76, -74, -75, -75, -75, -75, -74, -75, -74, -73, -75, -74, -75, -75, -74, -72, -74, -74, -74, -75, -73, -75, -76, -76, -74, -74, -74, -74, -74, -74, -77, -77, -76, -74, -73, -76, -74, -74, -75, -75, -76, 
00:17:df:aa:9e:c0, 7, csd-wireless, -74, -74, -73, -72, -70, -72, -72, -73, -74, -72, -72, -72, -72, -74, -72, -72, -74, -74, -73, -72, -73, -74, -74, -73, -72, -76, -76, -72, -73, -73, -72, -73, -73, -73, -73, -73, -74, -72, -73, -73, -74, -73, -75, -75, -73, -75, -74, -73, -75, -71, -72, -75, -73, -73, -75, -76, -75, -73, -73, -75, -74, -73, -73, -74, -75, -74, -74, -72, -74, -72, -73, -73, -74, -73, -72, -73, -84, -84, -74, -72, -73, -73, -73, -73, -74, -73, -73, -75, -74, -74, -72, -73, -73, -74, -73, -72, -73, -72, -73, -73, -72, -74, -74, -73, -73, -73, -73, -73, -72, -74, -73, -74, -73, -74, -73, -72, -72, -72, -72, -74, -72, -72, -75, -78, -90, -74, -76, -77, -76, -73, -73, -73, -73, -73, -73, -73, -71, -71, -78, -78, -74, -74, -74, -73, -72, -72, -73, -73, -73, -74, -74, -74, -72, -73, -75, -73, -73, -73, -74, -74, -73, -71, -70, -76, -76, -74, -72, -83, -72, -74, -72, -73, -72, -73, -73, -73, -75, 0, -73, -73, -72, -72, -73, -75, -73, -73, -73, -82, -73, -73, -73, -73, -74, -73, -72, -73, -73, -73, -73, -74, -76, -74, -74, -72, -74, -74, -73, -75, -75, -75, -74, -73, -74, -82, -75, -73, -75, -72, -75, -75, -69, -73, -73, -72, -72, -73, -74, -74, -74, -74, -74, -76, -76, -75, -76, -76, -75, -73, -73, -75, -74, -74, -74, -73, -74, -75, -75, -74, -74, -75, -74, -74, -75, -73, -75, -79, -76, -78, -78, -75, -75, -74, -74, -73, -74, -74, -75, -73, -72, -75, -74, -74, -74, -74, -75, -73, -73, -73, -72, -71, -68, -83, -82, -73, -75, -75, -72, -73, -74, -71, -71, -72, -72, -74, -72, -72, -70, -74, -70, -73, 
00:17:df:aa:9e:c2, 7, sMobileNet, -72, -74, -73, -71, -70, -72, -73, -73, -72, -72, -72, -74, -73, -73, -74, -75, -75, -72, -73, -84, -73, -73, -75, -73, -74, -76, -76, -72, -73, -74, -73, -73, -72, -73, -73, -73, -72, -73, -74, -72, -72, -73, -73, -73, -73, -74, -75, -74, -74, -72, -74, -74, -74, -74, -76, -76, -76, -73, -74, -75, -75, -72, -76, -74, -73, -74, -74, -73, -74, -75, -73, -74, -73, -73, -74, -74, -71, -71, -74, -72, -73, -73, -72, -72, -74, -73, -72, -75, -74, -73, -74, -73, -73, -73, -73, -72, -73, -73, -73, -73, -74, -72, -73, -72, -73, -73, -73, -73, -73, -74, -73, -72, -72, -73, -73, -73, -73, -73, -73, -73, -72, -74, -77, -81, -72, -75, -77, -76, -76, -74, -73, -73, -73, -72, -72, -73, -73, -72, -77, -77, -74, -74, -74, -73, -71, -73, -72, -72, -74, -73, -73, -73, -73, -73, -73, -73, -71, -71, -73, -73, -72, -72, -73, -75, -75, -73, -72, -72, -73, -74, -74, -73, -73, -74, -73, -73, -73, -74, -72, -73, -74, -74, -73, -74, -72, -72, -73, -73, -73, -73, -74, -73, -74, -74, -72, -73, -73, -73, -73, -74, -75, -81, -72, -73, -74, -73, -73, -73, -74, -75, -74, -74, -73, -75, -75, -73, -73, -74, -73, -75, -72, -74, -74, -74, -74, -70, -72, -74, -74, -74, -74, -74, -74, -71, -76, -74, -75, -73, -72, -74, -75, -74, -74, -75, -74, -74, -74, -74, -74, -73, -74, -75, -75, -74, -76, -77, -75, -79, -79, -73, -74, -74, -72, -73, -74, -74, -73, -71, -73, -73, -74, -74, -74, -75, -75, -74, -71, -71, -72, -71, -68, -83, -71, -75, -75, -75, -72, -74, -74, -73, -72, -72, -72, -74, -73, -73, -70, -72, -70, -72, 
00:17:df:aa:9e:c1, 7, eduroam, -74, -73, -72, -73, -69, -72, -72, -75, -73, -72, -73, -73, -73, -73, -74, -72, -73, -84, -73, -73, -73, -73, -73, -73, -73, -73, -73, -74, -73, -73, -74, -73, -74, -73, -74, -74, -73, -74, -75, -73, -72, -74, -73, -73, -73, -74, -74, -74, -74, -72, -73, -74, -73, -73, -77, -75, -75, -72, -74, -76, -76, -74, -74, -74, -74, -74, -74, -75, -73, -73, -74, -73, -73, -74, -74, -73, -74, -74, -73, -75, -73, -73, -73, -72, -74, -73, -73, -74, -73, -73, -73, -73, -80, -73, -72, -73, -72, -72, -72, -73, -73, -72, -73, -72, -74, -73, -73, -73, -74, -73, -73, -73, -72, -73, -74, -72, -72, -72, -72, -73, -72, -74, -76, -78, -74, -72, -76, -76, -75, -74, -72, -72, -73, -73, -73, -73, -73, -72, -77, -77, -74, -74, -74, -73, -72, -73, -73, -72, -73, -73, -72, -72, -73, -73, -73, -73, -72, -72, -74, -74, -73, -73, -70, -76, -76, -73, -72, -73, -72, -73, -73, -74, -74, -72, -73, -76, -75, -72, -74, -74, -72, -74, -74, -73, -73, -72, -72, -72, -72, -72, -73, -74, -72, -74, -73, -73, -72, -82, -72, -74, -74, -74, -74, -74, -73, -73, -74, -72, -73, -74, -74, -73, -73, -73, -74, -74, -71, -73, -74, -74, -70, -74, -74, -74, -73, -74, -74, -75, -74, -73, -74, -74, -74, -75, -75, -76, -75, -74, -73, -73, -74, -75, -83, -74, -75, -74, -74, -74, -75, -74, -75, -75, -76, -74, -75, -78, -75, -78, -78, -75, -74, -73, -74, -73, -74, -74, -75, -73, -74, -75, -74, -73, -73, -74, -74, -76, -72, -72, -72, -70, -69, -74, -74, -75, -74, -74, -73, -74, -74, -73, -73, -72, -72, -73, -72, -72, -67, -72, -68, -73, 
00:25:45:a4:87:6f, 36, sMobileNet, -85, -85, -83, -83, -83, -83, -82, -82, -83, -82, -82, -82, -82, -84, -84, -82, -82, -82, -83, -83, -82, -82, -82, -83, -83, -83, -84, -84, -83, -82, -82, -82, -83, -83, -83, -83, -83, -83, -83, -83, -83, -84, -84, -83, -83, -83, -84, -83, -83, -83, -83, -83, -84, -84, -83, -83, -83, -83, -83, -83, -84, -84, -82, -83, -83, -82, -82, -83, -83, -84, -84, -83, -83, -82, -82, -83, -83, -82, -82, -84, -84, -82, -83, -83, -84, -84, -84, -83, -83, -83, -82, -83, -83, -83, -83, -83, -84, -84, -84, -83, -83, -82, -84, -83, -83, -82, -84, -83, -83, -83, -83, -82, -83, -84, -83, -83, -83, -82, -82, -83, -83, -83, -83, -83, -83, -83, -83, -83, -83, -83, -83, -83, -83, -82, -82, -83, -83, -83, -83, -83, -83, -83, -83, -83, -84, -84, -83, -83, -83, -84, -84, -84, -84, -84, -83, -83, -83, -83, -83, -83, -83, -83, -83, -83, -83, -82, -82, -82, -82, -83, -83, -83, -84, -84, -82, -84, -84, -82, -82, -82, -83, -83, -83, -82, -84, -83, -83, -82, -82, -82, -82, -84, -84, -83, -83, -83, -83, -82, -84, -83, -83, -83, -84, -82, -83, -83, -84, -84, -84, -83, -83, -84, -84, -83, -83, -83, -83, -83, -83, -83, -83, -83, -83, -83, -83, -82, -83, -84, -84, -83, -83, -83, -81, -84, -83, -83, -83, -83, -83, -82, -83, -83, -83, -83, -83, -82, -82, -83, -82, -82, -84, -83, -83, -82, -82, -83, -83, -83, -83, -83, -83, -83, -83, -82, -83, -83, -83, -83, -83, -83, -83, -83, -82, -83, -83, -83, -81, -84, -84, -81, -83, -86, -86, -84, -84, -84, -84, -81, -81, -83, -83, -86, -86, -86, -84, -84, -81, -81, -81, -81, 
00:23:eb:0a:bf:5f, 36, sMobileNet, -76, -77, -76, -76, -76, -75, -75, -75, -75, -74, -75, -75, -76, -75, -74, -76, -75, -75, -75, -75, -75, -75, -76, -76, -75, -75, -75, -75, -74, -74, -76, -74, -75, -75, -73, -74, -75, -76, -75, -75, -75, -75, -76, -76, -76, -76, -76, -75, -76, -75, -75, -75, -76, -75, -76, -76, -75, -75, -75, -76, -75, -76, -76, -76, -77, -76, -76, -75, -75, -75, -75, -76, -75, -75, -74, -74, -75, -75, -75, -76, -75, -75, -75, -74, -74, -75, -76, -75, -76, -76, -75, -76, -76, -76, -76, -76, -76, -75, -76, -74, -74, -75, -75, -75, -75, -76, -75, -76, -75, -75, -75, -76, -76, -75, -75, -75, -75, -75, -76, -75, -75, -76, -75, -75, -75, -75, -75, -75, -75, -75, -75, -75, -74, -76, -75, -76, -76, -75, -75, -76, -75, -77, -75, -76, -76, -75, -75, -75, -75, -76, -75, -76, -75, -74, -74, -75, -76, -74, -75, -76, -75, -76, -76, -75, -75, -75, -75, -76, -75, -75, -75, -76, -76, -75, -75, -75, -75, -75, -75, -75, -76, -75, -75, -76, -75, -75, -75, -75, -75, -75, -76, -75, -75, -75, -75, -75, -76, -75, -75, -75, -75, -75, -75, -75, -75, -76, -75, -75, -75, -75, -75, -75, -75, -75, -75, -75, -75, -75, -75, -75, -76, -75, -75, -75, -75, -74, -75, -75, -75, -75, -75, -76, -75, -75, -74, -75, -75, -75, -75, -75, -75, -74, -75, -76, -76, -75, -76, -74, -74, -75, -75, -76, -78, -74, -75, -75, -75, -75, -75, -75, -75, -75, -75, -75, -75, -75, -75, -75, -75, -75, -76, -73, -75, -75, -75, -77, -77, -77, -79, -78, -78, -76, -75, -75, -79, -78, -76, -79, -76, -75, -80, -81, -84, -76, -76, -76, -76, -76, -76, -76, 
00:23:eb:0a:cc:9f, 48, sMobileNet, -71, -72, -72, -72, -71, -72, -71, -71, -71, -72, -71, -71, -71, -71, -71, -71, -71, -71, -71, -71, -71, -71, -71, -71, -72, -72, -72, -72, -71, -71, -72, -71, -71, -72, -72, -71, -72, -71, -71, -72, -71, -71, -72, -71, -71, -71, -72, -71, -71, -71, -72, -72, -72, -72, -71, -72, -71, -70, -73, -71, -71, -73, -72, -70, -69, -71, -71, -72, -71, -71, -71, -72, -72, -72, -71, -71, -72, -71, -72, -70, -71, -71, -72, -72, -72, -72, -72, -72, -72, -71, -70, -72, -71, -71, -71, -71, -71, -69, -70, -71, -71, -71, -71, -71, -72, -71, -72, -72, -72, -72, -71, -72, -71, -71, -71, -72, -72, -71, -71, -71, -72, -71, -71, -71, -72, -71, -72, -71, -72, -72, -71, -71, -71, -71, -71, -71, -73, -73, -74, -71, -71, -71, -70, -73, -72, -72, -71, -71, -71, -72, -71, -72, -70, -66, -70, -71, -70, -70, -72, -70, -72, -68, -73, -70, -73, -72, -71, -72, -71, -71, -71, -71, -71, -71, -70, -72, -72, -73, -72, -70, -71, -70, -71, -71, -71, -71, -71, -71, -71, -71, -71, -71, -72, -72, -71, -72, -71, -71, -71, -71, -72, -71, -71, -71, -71, -70, -71, -71, -71, -72, -71, -71, -71, -71, -72, -70, -71, -71, -71, -70, -71, -73, -71, -71, -72, -70, -72, -72, -70, -71, -71, -71, -71, -70, -72, -71, -72, -71, -72, -72, -72, -72, -71, -71, -71, -72, -71, -72, -71, -71, -71, -71, -72, -71, -71, -70, -71, -71, -71, -72, -72, -71, -71, -71, -71, -71, -72, -72, -71, -71, -71, -70, -71, -71, -73, -72, -72, -69, -71, -74, -70, -74, -73, -73, -72, -72, -73, -72, -70, -73, -75, -73, -72, -71, -72, -70, -71, -73, -72, -70, 
00:23:eb:0a:bd:ff, 64, sMobileNet, -40, -40, -39, -39, -40, -40, -40, -40, -40, -40, -40, -40, -40, -39, -40, -40, -40, -40, -39, -39, -40, -40, -39, -39, -40, -40, -39, -38, -39, -39, -39, -40, -40, -39, -39, -39, -39, -40, -40, -40, -40, -41, -40, -39, -40, -40, -40, -40, -40, -40, -39, -39, -39, -39, -40, -40, -40, -41, -39, -40, -40, -39, -40, -40, -41, -40, -39, -39, -40, -39, -39, -40, -39, -39, -39, -40, -40, -40, -39, -40, -38, -39, -40, -39, -39, -39, -40, -39, -39, -39, -39, -40, -40, -39, -40, -40, -40, -40, -40, -40, -40, -39, -39, -39, -40, -39, -39, -39, -39, -40, -40, -40, -39, -39, -40, -40, -40, -39, -39, -39, -39, -39, -40, -39, -41, -41, -40, -40, -39, -40, -40, -39, -40, -40, -40, -39, -40, -39, -39, -40, -40, -40, -39, -40, -40, -39, -39, -39, -40, -39, -40, -40, -39, -41, -39, -39, -39, -39, -40, -40, -40, -38, -39, -40, -40, -40, -40, -40, -40, -39, -39, -40, -39, -40, -40, -40, -41, -39, -38, -39, -39, -39, -39, -40, -39, -39, -40, -40, -40, -40, -40, -39, -39, -40, -40, -39, -40, -40, -39, -40, -40, -40, -39, -40, -40, -39, -40, -40, -40, -39, -38, -39, -40, -40, -40, -39, -39, -40, -40, -39, -38, -40, -39, -39, -39, -39, -39, -40, -39, -39, -39, -39, -40, -40, -40, -40, -40, -40, -39, -39, -39, -39, -39, -39, -39, -38, -40, -40, -39, -40, -40, -39, -40, -40, -39, -40, -40, -39, -39, -39, -39, -39, -39, -39, -40, -39, -39, -39, -40, -39, -40, -39, -39, -40, -40, -40, -41, -45, -41, -44, -38, -38, -39, -40, -42, -42, -42, -47, -47, -41, -45, -47, -42, -42, -42, -42, -40, -40, -42, -41, 
00:23:eb:0a:c0:3f, 161, sMobileNet, -80, -80, -80, -80, -79, -79, -80, -80, -80, -80, -79, -78, -79, -80, -79, -80, -79, -79, -78, -81, -80, -80, -80, -80, -80, -79, -80, -80, -80, -80, -80, -80, -80, -80, -80, -80, -80, -79, -80, -80, -80, -80, -80, -81, -78, -80, -79, -81, -79, -79, -79, -80, -78, -80, -79, -79, -79, -81, -80, -80, -78, -84, -80, -79, -82, -82, -75, -82, -79, -79, -79, -79, -80, -80, -79, -79, -80, -77, -80, -79, -78, -80, -80, -80, -79, -79, -79, -80, -80, -80, -81, -80, -80, -80, -74, -80, -80, -80, -79, -80, -81, -79, -80, -80, -80, -80, -80, -80, -80, -80, -81, -77, -80, -81, -80, -81, -82, -73, -80, -79, -81, -80, -80, -80, -80, -81, -79, -80, -79, -80, -80, -78, -81, -82, -80, -78, -78, -76, -77, -79, -78, -74, -80, -79, -80, -83, -83, -83, -82, -78, -80, -78, -80, -83, -80, -82, -79, -78, -79, -79, -79, -78, -83, -80, -80, -82, -82, -79, -81, -79, -79, -82, -83, -81, -83, -82, -81, -82, -76, -79, -79, -77, -79, -80, -80, -81, -79, -80, -81, -80, -80, -80, -80, -80, -79, -81, -80, -79, -79, -81, -79, -80, -80, -80, -79, -81, -80, -80, -81, -80, -80, -80, -80, -80, -80, -81, -80, -80, -75, -77, -79, -79, -77, -80, -81, -77, -79, -83, -81, -82, -80, -80, -78, -81, -80, -80, -80, -80, -80, -80, -80, -79, -80, -80, -79, -79, -80, -80, -81, -80, -78, -79, -77, -79, -81, -83, -82, -81, -81, -79, -76, -79, -79, -80, -79, -80, -79, -80, -77, -79, -79, -81, -80, -79, -77, -79, -75, -79, -79, -81, -79, -80, -83, -81, -81, -80, -79, -81, -78, -78, -78, -79, -79, -82, -79, -82, -79, -79, -80, -78, 
00:27:19:d6:f9:14, 6, Dante, -86, -82, -79, -79, -79, -80, -81, -80, -80, -80, -78, -78, -81, -82, -80, -81, -79, -79, -79, -79, -79, -80, -80, -80, -86, -86, -79, -79, -80, -87, -87, -80, -80, -80, -79, -79, -80, -79, -79, -80, -80, -80, -80, -80, -80, -83, -81, -81, -80, -80, -80, -80, -80, -80, -79, -79, -79, -83, -83, -80, -84, -84, -79, -79, -80, -80, -81, -77, -81, -81, -81, -81, -81, -80, -84, -84, -80, -80, -80, -80, -80, -79, -79, -79, -81, -82, -79, -86, -80, -79, -84, -84, -81, -81, -81, -80, -80, -80, -80, -79, -75, -80, -79, -80, -80, -80, -80, -80, -79, -79, -79, -81, -80, -80, -80, -81, -82, -82, -79, -76, -76, -76, -79, -79, -80, -80, -79, -80, -79, -81, -81, -83, -80, -80, -79, -79, -79, -79, -83, -83, -83, -83, -78, -78, -79, -79, -80, -80, -79, -79, -82, -80, -80, -79, -79, -79, -79, -82, -79, -79, -81, -80, -80, -80, -79, -80, -86, -86, -86, -86, -82, -82, -77, -80, -77, -77, -81, -81, -86, -86, -86, -86, -86, -80, -80, -80, -80, -80, -80, -77, -80, -77, -79, -79, -79, -81, -79, -80, -80, -80, -79, -81, -80, -80, -80, -79, -80, -81, -80, -83, -83, -80, -80, -80, -80, -80, -80, -80, -81, -79, -80, -80, -80, -80, -80, -80, -78, -78, -79, -79, -80, -80, -76, -76, -80, -80, -79, -80, -81, -81, -81, -81, -80, -80, -81, -81, -78, -80, -81, -81, -85, -79, -84, -84, -81, -83, -78, -79, -82, -79, -77, -80, -80, -80, -80, -81, -85, -81, -81, -81, -81, -81, -82, -81, -81, -81, -81, -82, -81, -81, -82, -82, -82, -82, -84, -84, -81, -87, -86, -85, -84, -85, -86, -86, -86, -85, -83, -83, -81, -81, 
00:23:eb:0a:be:2f, 52, sMobileNet, -85, 0, 0, 0, 0, 0, 0, 0, 0, 0, 0, 0, 0, -85, -85, -85, -85, -87, -87, -87, -87, -87, -87, -87, -87, -87, -87, 0, 0, 0, 0, 0, -87, -87, -87, -87, -87, -87, -85, -85, -85, -85, -84, -85, -83, -83, -83, -83, -83, -83, -83, -83, -83, -83, 0, 0, 0, 0, 0, 0, 0, -84, -84, -84, -84, -84, -84, -84, -84, -84, -86, -85, -85, -87, -87, -87, -87, -87, -87, -85, -87, -87, -87, -87, -87, -86, -86, -86, -84, -85, -86, -86, -86, -87, -87, -85, -85, -85, -85, -85, -85, -85, -87, -87, -88, -87, -87, -87, -87, -87, -83, -86, -86, -86, -86, -86, -86, -86, -86, -86, -85, -87, -87, -87, -87, -87, -87, -87, -87, -84, -84, -84, -84, -84, -84, -84, -84, -84, -84, 0, -85, -85, -87, -87, -87, -87, -85, -85, -85, -85, -85, -85, -85, -85, -84, -84, -84, -84, -86, -86, -82, -82, -82, -82, -82, -82, -86, -86, -86, -82, -84, -84, -84, -84, -84, -84, -86, -85, -85, -85, -85, -85, -85, -85, -86, -86, -86, -86, -86, -86, -86, -86, -86, -86, -87, -87, -87, -87, -87, -87, -87, -87, -87, -87, -85, -85, -85, -85, -85, -86, -86, -86, -86, -86, -86, -86, -85, -85, -83, -86, -86, -85, -87, -87, -83, -83, -83, -85, -85, -85, -85, -85, -85, -85, -82, -82, -82, -86, -86, -86, -86, -86, -85, -85, -85, -85, -85, -85, -86, -84, -84, -84, -84, -86, -85, -85, -85, -85, -85, -87, -86, -86, -82, -82, -82, -82, -82, -87, -87, -87, -87, -87, -87, -85, -85, -85, -85, -85, -83, -83, -83, -83, -83, -83, -83, -83, -83, -83, 0, 0, 0, 0, 0, -86, -86, -86, -86, -86, -86, -86, 
00:23:eb:0a:bf:50, 6, sMobileNet, -63, -64, -64, -64, -61, -61, -62, -62, -62, -62, -62, -62, -62, -62, -65, -61, -62, -65, -65, -65, -65, -65, -65, -65, -63, -63, -63, -65, -65, -65, -65, -62, -62, -62, -62, -62, -62, -63, -63, -60, -60, -60, -60, -60, -60, -60, -60, -62, -62, -62, -62, -62, -62, -62, -62, -62, -62, 0, 0, 0, 0, -62, -62, -62, -62, -65, -65, -65, -63, -63, -62, -62, -62, -62, -62, -62, -62, -62, -62, -62, -62, -62, -63, -63, -63, -63, -63, -63, -63, -63, -63, -63, 0, 0, 0, 0, 0, 0, 0, 0, -65, -65, -65, -65, -65, -65, -63, -63, -63, -63, -63, -63, -63, -63, -63, -63, 0, 0, -61, -61, -61, -61, -62, -62, -66, -66, -61, -61, -61, -61, -61, -61, -61, -61, -63, -63, -66, -66, -65, -61, -61, -63, -63, -63, -63, -65, -65, -65, -65, -65, -65, -65, -60, -65, -65, -61, -61, -63, -63, -66, -66, -66, -66, -66, -66, -66, -66, -64, -64, -64, -64, -64, -64, -64, -64, -65, -65, -65, -65, -65, -65, -65, -65, -62, -62, -62, -62, -62, -62, -63, -65, -65, -66, -66, -66, -66, -66, -66, -66, -66, -66, -63, -63, -63, -63, -63, -65, -65, -65, -65, -65, -65, -65, -65, -65, -65, 0, 0, 0, 0, -67, -67, -67, -67, -67, -67, -62, -62, -62, -62, -62, -62, -62, -62, -62, -62, -64, -65, -65, -65, -65, -65, -65, -65, -65, -65, -65, 0, 0, 0, 0, 0, 0, 0, 0, 0, 0, 0, 0, 0, 0, 0, 0, 0, -65, -65, -63, -63, -64, -64, -66, -66, -66, -66, -66, -62, -66, -66, -66, -66, -65, -65, -61, -61, -65, -65, -60, -60, -60, -60, -62, -62, -62, -62, -62, -64, -64, -64, -64, -67, 
00:23:eb:0a:c0:30, 11, sMobileNet, -75, -68, -68, -70, -70, -76, -76, -76, -75, -75, -75, -75, -75, -75, -75, -75, -75, -75, 0, 0, 0, 0, -76, -76, -76, -76, -76, -76, -75, -75, -75, -75, -75, -75, -74, -70, -70, -70, -70, -70, -70, -74, -74, -74, -74, -77, -69, -69, -70, -70, -70, -74, -74, -74, -74, -70, -70, -70, -70, -71, -71, -71, -71, -75, -70, -70, -70, -71, -71, -75, -75, -75, -75, -75, -75, -73, -70, -70, -70, -70, -70, -73, -73, -70, -70, -70, -70, -70, -70, -70, -70, -70, -70, -67, -67, -73, -73, -73, -73, -75, -75, -74, -74, -74, -74, -74, -74, -74, -74, -74, -74, -73, -73, -73, -73, -74, -76, -76, -76, -76, -76, -76, -76, -70, -70, -70, -70, -70, -70, -70, -75, -75, -70, -76, -76, -76, -76, -76, -76, -76, -77, -77, -77, -77, -76, -76, -76, -76, -76, -76, -77, -77, -77, -77, -77, -77, -77, -77, -73, -73, -73, -73, -73, -73, -73, -74, -74, -74, -74, -75, -75, -75, -75, -75, -75, -75, -75, -76, -76, -74, -74, -74, -74, -74, -74, -70, -70, -74, -74, -74, -74, -70, -70, -74, -74, -74, -74, -74, -74, -75, -75, -75, -75, -74, -74, -70, -70, -74, -70, -70, -70, -70, -70, -74, -74, -70, -71, -71, -71, -71, -71, -74, -74, -76, -76, -76, -76, -77, -77, -77, -77, -77, -77, -77, -77, -71, -71, -71, -71, -69, -69, -76, -76, -70, -70, -70, -70, -76, -76, -76, -76, -69, -69, -73, -73, -70, -70, -70, -70, -70, -70, -74, -74, -71, -71, -75, -75, -75, -75, -75, -75, -72, -69, -71, -71, -71, -71, -71, -71, -71, -71, -76, -76, -75, -75, -75, -75, -76, -74, -74, -74, -74, -74, -74, -74, -74, -75, -75, -75, -75, 
00:23:eb:0b:4f:f0, 11, sMobileNet, -64, -64, -64, -64, -64, -64, -64, -64, -64, -66, -66, -66, -66, -68, -68, -68, -68, -68, -68, -68, -68, -68, -68, 0, 0, 0, 0, 0, 0, 0, 0, 0, 0, 0, -64, -64, -64, -64, -65, -65, -68, -68, -68, -66, -68, -68, -68, -68, -64, -65, -65, -65, -66, -66, -66, -66, -66, -66, -66, -66, -66, -66, -67, -67, -66, -66, -66, -66, -66, -66, -66, -66, -66, -66, 0, 0, 0, -62, -62, -62, -65, -65, -64, -64, -65, -65, -65, -65, -65, -65, -68, -66, -66, -66, -69, -69, -69, -69, -69, -69, -69, -69, -65, -65, -65, -66, -66, -66, -66, -65, -65, -65, -65, -64, -64, -64, -64, -66, -66, -66, -66, -66, -66, -66, -66, -66, -66, -65, -65, -65, -65, -69, -69, -67, -67, -67, -67, -67, -67, -67, -67, -67, -67, 0, 0, 0, 0, 0, 0, -66, -66, -66, -66, -66, -64, -64, -67, -67, -67, -67, -67, -67, -63, -63, -63, -63, -63, -63, -63, -63, -63, -63, -66, -66, -66, -66, -66, -66, -66, -66, -66, -66, -65, -65, -65, -65, -66, -66, -66, -66, -66, -66, -66, -66, -66, -66, 0, -67, -64, -64, -66, -66, -66, -66, -65, -65, -65, -65, -65, -65, -65, -65, -65, -66, -66, -66, -66, -68, -68, -68, -68, -68, -68, -68, -68, -68, -68, -68, -68, -67, -64, -64, -64, -64, -69, -69, -69, -69, -66, -65, -65, -65, -65, -65, -65, -67, -67, -67, -67, -70, -70, -70, -70, -64, -67, -67, -67, -64, -64, -64, -64, -64, -64, -64, -64, -64, -64, -64, -64, 0, -67, -67, -67, -67, -68, -68, -68, -68, -68, -68, -68, -68, -68, -68, 0, 0, 0, 0, 0, -66, -66, -66, -66, -66, -67, -67, -67, -67, -68, -68, 
00:25:45:a4:87:60, 1, sMobileNet, -65, -65, -65, -65, -65, -63, -63, -63, -63, -62, -62, -62, -62, -69, -69, -69, -69, -69, -69, -69, -69, -69, 0, 0, 0, 0, 0, 0, -68, -68, -63, -63, -62, -62, -68, -68, -62, -62, -68, -68, -68, -68, -61, -61, -62, -62, -68, -68, -61, -61, -61, -61, -67, -67, -62, -62, -64, -64, -63, -63, -65, -65, -62, -62, -68, -68, -68, -68, -68, -68, -68, -68, -68, -68, -68, -68, -68, -68, -61, -61, -61, -61, -61, -61, -61, -61, -61, -61, 0, 0, 0, 0, 0, 0, 0, 0, 0, 0, 0, 0, 0, 0, 0, 0, 0, -68, -68, -68, -68, -68, -68, -68, -68, -68, -68, 0, 0, 0, 0, -63, -63, -63, -63, -68, -68, -68, -68, -63, -63, -61, -61, -61, -61, -68, -68, -68, -68, -68, -68, -68, -68, -68, -68, -68, -68, 0, 0, 0, 0, 0, 0, 0, 0, 0, 0, 0, 0, 0, -68, -68, -69, -69, -68, -68, -68, -68, -68, -68, -68, -68, -68, -68, -68, -68, -68, -68, -68, -68, -63, -63, -69, -69, -69, -69, -68, -68, -61, -61, -61, -61, -61, -61, -61, -61, -63, -63, -67, -67, -69, -69, -64, -64, -68, -68, -63, -63, -63, -63, -63, -63, -63, -63, -68, -68, -62, -62, -68, -68, -62, -62, -62, -62, -62, -62, -62, -62, -62, -62, -62, -62, -68, -68, -62, -62, -69, -69, -69, -69, -69, -69, -69, -69, -69, -69, 0, 0, 0, 0, 0, 0, 0, 0, 0, 0, 0, 0, 0, 0, 0, 0, 0, -61, -61, -61, -61, -61, -61, -61, -61, -61, -61, 0, 0, 0, 0, 0, 0, 0, 0, 0, 0, 0, 0, -69, -69, -68, -68, -73, -73, -73, -73, -71, -71, -71, -71, -71, -71, -71, -71, -71, 
00:23:eb:0a:cc:90, 1, sMobileNet, -66, -66, -66, -58, -58, -54, -54, -54, -54, -64, -64, -64, -64, -55, -55, -55, -55, -55, -55, -55, -55, -55, 0, 0, 0, 0, 0, 0, -63, -63, -54, -54, -53, -53, -55, -55, -64, -64, -53, -53, -54, -54, -54, -54, -63, -63, -53, -53, -65, -65, -58, -58, -65, -65, -56, -56, -57, -57, -53, -53, -54, -54, -56, -56, -54, -54, -54, -54, -54, -54, -54, -54, -63, -63, -63, -63, -62, -62, -54, -54, -54, -54, -54, -54, -54, -54, -54, -54, 0, 0, 0, 0, 0, 0, 0, 0, 0, 0, 0, 0, 0, 0, 0, 0, 0, -63, -63, -63, -63, -63, -63, -63, -63, -63, -63, 0, 0, 0, 0, -64, -64, -53, -53, -64, -64, -53, -53, -64, -64, -63, -63, -63, -63, -53, -53, -53, -53, -53, -53, -53, -53, -53, -53, -53, -53, 0, 0, 0, 0, 0, 0, 0, 0, 0, 0, 0, -62, -62, -54, -54, -54, -54, -56, -56, -53, -53, -53, -53, -53, -53, -54, -54, -54, -54, -54, -54, -54, -54, -54, -54, -63, -63, -63, -63, -63, -63, -63, -63, -63, -63, -63, -63, -63, -63, -53, -53, -62, -62, -54, -54, -63, -63, -64, -64, -54, -54, -54, -54, -54, -54, -54, -54, -53, -53, -62, -62, -53, -53, -55, -55, -55, -55, -55, -55, -55, -55, -55, -55, 0, 0, 0, 0, 0, 0, 0, 0, 0, 0, 0, 0, 0, 0, 0, 0, 0, 0, 0, 0, 0, 0, 0, 0, 0, 0, 0, 0, 0, -55, -55, -55, -55, -55, -55, -64, -64, -54, -54, -54, -54, -54, -54, -54, -54, -54, -54, 0, 0, 0, 0, -53, -53, -63, -63, -63, -63, -88, -88, -60, -60, -62, -62, -55, -55, -55, -55, -55, -55, -55, -55, -55, 
00:25:84:23:1e:00, 11, sMobileNet, -81, -81, -81, -81, -81, -78, -78, -78, -78, -78, -78, -78, -78, -78, -78, 0, 0, 0, 0, 0, 0, 0, 0, 0, 0, 0, 0, 0, -81, -81, -81, -81, -78, -78, -78, -78, -78, -78, -79, -79, -79, -81, -81, -81, -81, -81, -81, -81, -79, -79, -81, -81, -79, -79, -79, -79, -79, -79, -79, -80, -80, -80, -80, -79, -81, -81, -81, -81, -81, -79, -79, -79, -79, -79, -79, -79, -78, -80, -80, -79, -79, -83, -83, -80, -80, -80, -80, -80, -80, -80, -80, -80, -80, -80, -78, -78, -78, -78, -78, -79, -79, -82, -82, -82, -82, -79, -78, -78, -78, -78, -78, -81, -81, -81, -81, -81, -81, -81, -81, -82, -82, -82, -82, -79, -79, -79, -79, -79, -79, -79, -79, -79, -78, -80, -80, -81, -81, -81, -81, -81, -82, -82, -82, -82, -79, -79, -79, -79, -79, -79, -79, -79, -79, -79, -79, -79, -82, -82, -82, -82, -82, -82, -82, -82, -82, -82, -82, -82, 0, -81, -79, -79, -77, -77, -77, -77, -77, -80, -80, -85, -85, -78, -79, -79, -79, -79, -79, -80, -80, -80, -80, -81, -81, -81, -81, -81, -81, -82, -82, -80, -80, -80, -80, -81, -81, -81, -81, -82, -78, -78, -78, -79, -79, -80, -80, -80, -80, -80, -80, -80, -80, -79, -79, -84, -84, -78, -78, -79, -79, -81, -81, -81, -81, -81, -81, -80, -80, -80, -80, -81, -81, -81, -81, -81, -81, -81, -81, -81, -81, -81, -81, -81, -81, -79, -80, -80, -80, -80, -80, -80, -80, -81, -81, -80, -80, -81, -81, -81, -81, -81, -80, -80, -80, -80, -80, -80, -80, -80, -80, -80, 0, -80, -80, -80, -80, -80, -80, -80, -80, -82, -82, -82, -82, -82, -81, -81, -81, -81, -80, -80, 
00:23:eb:0a:c1:e0, 11, sMobileNet, -76, -76, -83, -83, -83, -83, -75, -75, -74, -82, -80, -84, -74, -74, -74, -75, -82, -74, -75, -83, -75, -74, -74, -74, -73, -73, -73, -73, -73, -73, -73, -73, -76, -82, -82, -82, -82, -82, -75, -75, -81, -81, -75, -75, -75, -75, -84, -84, -84, -84, -84, -84, -84, -84, -75, -75, -80, -80, -80, -80, -73, -73, -72, -72, -82, -82, -82, -82, -82, -82, -82, -82, -82, -82, -77, -77, -77, -77, -77, -77, -77, -77, -82, -82, -77, -77, -81, -81, -80, -80, -74, -74, -74, -74, -82, -82, -74, -74, -83, -83, -83, -83, -74, -74, -74, -74, -82, -75, -75, -75, -74, -74, -82, -82, -75, -75, -74, -74, -74, -74, -74, -74, -74, -74, -83, -83, -83, -83, -83, -82, -82, -82, -82, -82, -81, -81, -81, -79, -79, -79, -79, -79, -79, -79, -82, -82, -82, -75, -75, -75, -75, -75, -76, -83, -80, -74, -74, -74, -74, -74, -74, -74, -74, -74, -74, -74, -75, -81, -75, -75, -84, -84, -77, -77, -77, -77, -77, -77, -75, -75, -82, -82, -76, -76, -76, -76, -82, -82, -82, -82, -82, -82, -82, -82, -76, -76, -76, -76, -76, -76, -75, -75, -83, -83, -82, -82, -74, -74, -80, -80, -84, -84, -83, -83, -76, -76, -73, -73, -74, -74, -77, -77, -75, -75, -80, -80, -82, -82, -75, -75, -81, -81, -74, -74, -82, -82, -75, -75, -81, -81, -81, -81, -74, -74, -81, -81, -74, -74, -74, -75, -77, -77, -75, -75, -75, -75, -75, -75, -82, -82, -82, -82, -82, -82, -82, -82, -74, -74, -83, -83, -81, -81, -74, -74, -74, -74, -81, -81, -83, -83, -74, -74, -74, -74, -74, -74, -74, -74, -83, -83, -83, -83, -83, -83, -75, -75, -79, -79, -82, -82, 
00:25:84:23:1c:10, 6, sMobileNet, -85, -84, -84, -84, -84, -84, -84, -84, -80, -80, -80, -80, -82, -82, -82, -82, -82, -82, -82, -82, -81, -81, -83, -83, -82, -82, -82, -82, -82, -85, -85, -81, -81, -81, -81, -81, -81, -85, -85, -85, -85, -81, -81, -81, -81, -81, -81, -82, -82, -82, -82, -81, -81, -81, -81, -81, -81, -85, -85, -85, -85, -85, -85, -85, -85, -81, -81, -81, -81, -81, -81, -81, -81, -81, -81, 0, 0, 0, 0, 0, 0, 0, 0, 0, 0, 0, 0, 0, 0, 0, 0, 0, 0, 0, 0, -83, -83, -83, -83, -80, -80, -80, -80, -80, -80, -80, -80, -80, -80, 0, 0, -82, -82, -82, -82, -82, -82, -82, -82, -82, -82, -82, -82, -82, -82, -82, -82, -82, -82, -82, -82, -82, -82, -82, 0, 0, -83, -83, -83, -83, -83, -83, -83, -83, -83, -83, -81, -81, -82, -82, -82, -82, -82, -83, -83, -85, -85, -85, -85, -85, -85, -85, -85, -85, 0, 0, 0, -81, -81, -81, -81, -82, -82, -82, -82, -83, -83, -83, -83, -83, -83, -83, -83, -83, -83, -80, -80, -81, -81, -81, -81, -81, -81, -81, -81, -82, -82, -82, -82, -82, -82, -82, -82, -82, -82, -83, -83, -80, -80, -82, -82, -80, -80, -80, -80, -82, -82, -82, -82, -82, -82, -82, -82, -82, -82, 0, 0, 0, 0, 0, 0, -86, -86, -86, -86, -86, -86, -86, -86, -86, -86, 0, 0, 0, 0, 0, 0, 0, 0, 0, 0, -82, -82, -82, -82, -82, -82, -82, -82, -82, -82, 0, 0, 0, 0, 0, -82, -82, -82, -82, -82, -82, -82, -81, -81, -81, -81, -81, -81, -81, -81, -81, -81, -81, -81, -81, -81, 0, 0, 0, 0, 0, 0, 0, 0, 0, 0, 0, 0, 0, 
00:23:eb:0a:bd:f0, 11, sMobileNet, -38, -35, -35, -35, -35, -35, -35, -35, -36, -36, -36, -36, -35, -35, -36, -36, -33, -33, -33, -33, -33, -33, -33, -33, -34, -36, -36, -36, -36, -36, -36, -35, -35, -35, -35, -36, -36, -34, -34, -34, -34, -36, -36, -36, -36, -36, -36, -35, -35, -35, -35, -35, -35, -35, -35, -35, -35, -36, -36, -35, -35, -36, -36, -36, -36, -36, -36, -36, -36, -36, -36, 0, 0, 0, 0, -35, -35, -35, -35, -35, -35, -35, -35, -35, -35, 0, 0, 0, 0, 0, 0, 0, 0, 0, 0, -36, -36, -36, -36, -37, -37, -35, -35, -35, -35, -35, -35, -35, -35, -35, -35, -36, -36, -36, -36, -36, -37, -37, -35, -35, -35, -35, -35, -35, -35, -35, -35, -35, 0, 0, 0, 0, 0, 0, 0, 0, -35, -35, -35, -35, -35, -35, -35, -36, -36, -36, -36, -36, -36, -36, -35, -36, -36, -36, -36, -33, -33, -33, -33, -36, -36, -36, -36, -36, -36, -36, -36, -35, -35, -35, -35, -35, -35, -35, -35, -35, -35, -34, -34, -36, -36, -35, -35, -35, -35, -36, -36, -36, -35, -36, -36, -36, -36, -36, -36, -36, -36, -36, -36, 0, 0, -35, -35, -36, -36, -36, -36, -35, -35, -34, -34, -35, -35, -35, -35, -35, -35, -35, -35, -35, -35, -35, -35, -35, -35, -35, -35, -35, -35, 0, 0, 0, 0, 0, 0, 0, 0, 0, 0, 0, 0, 0, 0, -34, -34, -34, -34, -35, -35, -35, -35, -35, -35, -35, -35, -35, -35, -35, -35, -35, -35, 0, 0, 0, 0, 0, 0, 0, 0, 0, 0, -36, -35, -34, -34, -36, -36, -36, -38, -38, -38, -39, -39, -39, -39, -39, -39, -39, -38, -38, -34, -34, -36, -36, -36, -36, -36, -36, -36, -35, 
00:23:eb:0a:c2:10, 1, sMobileNet, 0, 0, 0, 0, -82, -82, -81, -81, -81, -81, -79, -79, -82, -82, -87, -87, -87, -87, -83, -83, -83, -83, -83, -83, -83, -83, -83, 0, -82, -82, -82, -82, -82, -82, -83, -83, -83, -83, -83, -83, -83, -83, -83, -83, -83, -83, -86, -86, -86, -86, -86, -86, -86, -86, -86, -86, -86, -86, -86, -86, -83, -83, -86, -86, -84, -84, -84, -84, -84, -84, -84, -84, -84, -84, 0, 0, -84, -84, -84, -84, -88, -88, -88, -88, -83, -83, -83, -83, -84, -84, -84, -84, -84, -84, -82, -82, -82, -82, -82, -82, -82, -82, -85, -85, -85, -85, -85, -85, -84, -84, -84, -84, -84, -84, -85, -85, -86, -86, -82, -82, -84, -84, -86, -86, -86, -86, -83, -83, -80, -80, -85, -85, -85, -85, -81, -81, -82, -82, -82, -82, -82, -82, -82, -82, -84, -84, -81, -81, -81, -81, -81, -83, -84, -83, -83, -82, -82, -82, -82, -82, -83, -83, -82, -83, -83, -83, -83, -83, -83, -83, -85, -85, -82, -82, -82, -82, -82, -82, -86, -86, -84, -84, -84, -84, -84, -84, -85, -85, -85, -85, -85, -85, -85, -85, -83, -83, -83, -83, -83, -83, -83, -83, -83, -83, -85, -85, -85, -85, -85, -85, -85, -85, -85, -85, -83, -83, -83, -83, -83, -83, -83, -83, -82, -82, -82, -82, -83, -83, -83, -83, -83, -83, -84, -84, -84, -84, -84, -84, -84, -84, -85, -85, -85, -85, -82, -82, -83, -83, -84, -84, -84, -84, -84, -84, -83, -83, -83, -83, -83, -83, -83, -83, -84, -84, -83, -83, -83, -83, -85, -85, -85, -85, -85, -85, -84, -84, -84, -84, -84, -84, -84, -84, -84, -84, 0, 0, 0, 0, -81, -81, -81, -81, -81, -81, -81, -81, -81, 0, 0, 0, 
00:23:eb:0a:be:20, 1, sMobileNet, 0, 0, 0, 0, 0, -80, -80, -80, -80, -79, -79, -79, -79, -81, -81, -81, -81, -81, -81, -81, -81, -81, 0, 0, 0, 0, -80, -80, -77, -77, -76, -76, -76, -76, -80, -80, -76, -76, -77, -77, -76, -76, -77, -77, -76, -76, -78, -78, -80, -80, -77, -77, -79, -79, -79, -79, -77, -77, -83, -83, -81, -81, -81, -81, -82, -82, -82, -82, -82, -82, -82, -82, -77, -77, -77, -77, -80, -80, -80, -80, -80, -80, -80, -80, -80, -80, 0, 0, 0, 0, 0, 0, 0, 0, 0, 0, 0, 0, 0, 0, 0, 0, 0, 0, 0, 0, 0, 0, 0, 0, 0, 0, 0, 0, 0, 0, 0, 0, 0, 0, 0, 0, 0, 0, 0, -76, -76, -79, -79, -79, -79, -79, -79, -79, -79, -79, -79, -79, 0, 0, 0, 0, 0, 0, 0, 0, 0, 0, 0, 0, 0, 0, 0, 0, 0, 0, 0, 0, -80, -80, -77, -77, -81, -81, -81, -81, -81, -81, -81, -81, -81, 0, -80, -80, -80, -80, -79, -79, -83, -83, -83, -83, -83, -83, -80, -80, -77, -77, -77, -77, -77, -77, -77, -77, -77, -77, -79, -79, -78, -78, -80, -80, -80, -80, -79, -79, -79, -79, -79, -79, -79, -79, -79, -79, -77, -77, -76, -76, -81, -81, -81, -81, -81, -81, -79, -79, -79, -79, -75, -75, -79, -79, -77, -77, -81, -81, -81, -81, -81, -81, -79, -79, -79, -79, -79, -79, -79, -79, -79, -79, 0, 0, 0, 0, 0, 0, 0, 0, 0, 0, 0, 0, 0, 0, 0, 0, 0, 0, 0, 0, 0, 0, 0, 0, 0, 0, 0, 0, 0, 0, 0, 0, 0, 0, 0, 0, 0, 0, 0, 0, 0, -83, -83, -83, -83, -83, -83, -79, -79, -79, 
00:23:eb:0b:51:80, 6, sMobileNet, 0, 0, 0, 0, 0, 0, 0, 0, -80, -80, -80, -80, -80, -80, -80, -80, -80, 0, 0, 0, 0, 0, -80, -80, -80, -80, -80, -80, -80, -87, -87, -87, -87, -87, -87, -87, -87, -79, -79, -79, -79, -79, -79, -79, -79, -79, -79, -85, -85, -85, -85, -85, -85, -80, -80, -80, -80, -80, -80, -80, -80, -80, -80, 0, 0, 0, 0, 0, 0, 0, 0, 0, 0, 0, 0, 0, 0, 0, 0, 0, 0, 0, 0, 0, 0, 0, 0, 0, 0, 0, 0, 0, 0, 0, 0, 0, 0, 0, 0, 0, -86, -86, -86, -86, -86, -86, -86, -86, -86, -86, 0, 0, 0, 0, 0, 0, 0, 0, 0, 0, 0, 0, 0, 0, -81, -81, -81, -81, -81, -81, -81, -81, -81, -81, -85, -85, -85, -85, -85, -85, -85, -85, -85, -85, 0, 0, -84, -84, -78, -78, -85, -85, -85, -80, -80, -86, -86, -86, -86, -86, -86, -86, -86, -86, 0, 0, 0, -82, -82, -82, -82, -80, -80, -80, -80, -80, -80, -80, -80, -80, -80, -80, -80, -80, -80, 0, 0, 0, 0, -86, -86, -86, -86, -86, -80, -80, -80, -80, -80, -80, -80, -86, -86, -86, -86, -86, -86, -86, -86, -86, -86, 0, 0, 0, 0, 0, 0, 0, 0, 0, 0, 0, 0, 0, 0, 0, 0, 0, 0, 0, 0, -83, -83, -83, -83, -83, -83, -81, -81, -81, -81, -81, -81, -81, -81, -81, -81, 0, 0, 0, 0, 0, 0, 0, 0, 0, 0, 0, 0, 0, 0, 0, 0, 0, 0, 0, -79, -79, -79, -79, -79, -79, -79, -79, -79, -79, 0, 0, 0, 0, -86, -86, -86, -86, -86, -86, -86, -86, -86, -86, -86, -86, -86, 0, 0, 0, 0, 0, 0, 0, 
00:17:df:aa:9b:a2, 1, sMobileNet, 0, 0, 0, 0, 0, 0, 0, 0, 0, -85, -84, -84, -84, -83, -83, -83, -83, -83, -83, -83, -83, -83, 0, -85, -84, -84, -84, -84, -84, -84, -85, -85, -85, -85, -85, -84, -84, -84, -84, -84, -84, -84, -84, -84, -84, -84, -86, -86, -85, -85, -85, -85, -86, -86, -86, -86, -85, -85, -84, -84, -84, -84, -84, -85, -85, -85, -85, -85, -85, -85, -85, -85, -85, 0, 0, 0, 0, 0, 0, 0, 0, 0, 0, -86, -84, -84, -84, -84, -84, -84, -84, -84, -84, -84, 0, 0, 0, 0, 0, 0, 0, 0, 0, 0, 0, 0, 0, 0, 0, 0, 0, 0, 0, 0, 0, 0, -86, -86, -86, -86, -86, -86, -86, -86, -86, -86, 0, 0, 0, 0, 0, 0, 0, 0, 0, 0, 0, 0, 0, 0, 0, 0, 0, 0, 0, 0, -84, -84, -84, -84, -84, -84, -84, -84, -84, 0, 0, 0, 0, -84, -84, -84, -84, -84, -84, -84, -84, -84, 0, 0, 0, 0, 0, 0, 0, 0, 0, 0, 0, 0, 0, 0, 0, -87, -87, -87, -87, -87, -87, -87, -87, -87, -87, 0, 0, 0, 0, 0, 0, -85, -85, -85, -84, -84, -84, -84, -84, -84, -84, -84, -84, -84, 0, 0, 0, 0, 0, 0, 0, 0, 0, -83, -86, -86, -86, -86, -86, -86, -86, -86, -86, -86, 0, 0, 0, 0, 0, 0, 0, 0, -86, -86, -86, -86, -86, -86, -86, -85, -85, -85, -85, -85, -85, -85, -85, -85, -85, -85, -85, -86, -86, -86, -86, -86, -86, -86, -86, -86, -86, -86, -86, -86, -86, -86, -85, -85, -85, -85, -85, -85, -85, -85, -85, -85, 0, 0, 0, 0, 0, 0, 0, 0, 0, 0, 0, 0, 0, 0, 0, 0, 
00:17:df:aa:9b:a1, 1, eduroam, 0, 0, 0, 0, 0, 0, 0, 0, 0, -85, -84, -84, -84, -84, -84, -84, -84, -84, -84, -84, -84, -84, 0, 0, -85, -85, -86, -86, -86, -86, -86, -86, -85, -85, -86, -86, -85, -85, -85, -85, -85, -85, -84, -84, -84, -84, -84, -84, -84, -84, -84, -84, -85, -85, -84, -84, -86, -86, -84, -84, -84, -84, -84, -84, -84, -84, -84, -84, -84, -84, 0, 0, 0, 0, 0, 0, 0, 0, 0, 0, 0, 0, 0, -84, -84, -84, -84, -84, -84, -85, -85, -85, -85, -85, -85, -85, -85, -85, -85, 0, 0, 0, 0, 0, -85, -85, -85, -85, -85, -85, -85, -85, -85, -85, -85, -85, -85, -85, -85, -85, -85, -84, -84, -84, -84, -84, -86, -85, -85, -85, -85, -85, -85, -85, -85, -85, -85, -85, 0, 0, 0, 0, 0, 0, 0, 0, 0, 0, 0, 0, -85, -85, -86, -86, -86, -86, -86, -86, -86, -85, -86, -86, -86, -86, -86, -86, -86, -86, -86, 0, 0, 0, 0, 0, 0, 0, 0, 0, 0, 0, 0, 0, 0, 0, 0, 0, 0, 0, 0, 0, 0, 0, 0, 0, 0, 0, 0, 0, 0, -82, -84, -85, -85, -85, -85, -85, -85, -85, -85, -85, -85, 0, 0, 0, 0, 0, 0, 0, 0, -86, -86, -85, -86, -86, -86, -86, -86, -86, -86, -86, -86, -86, -86, -86, 0, 0, 0, 0, 0, 0, 0, 0, 0, 0, 0, 0, 0, 0, 0, 0, -86, -86, -86, -86, -86, -86, -86, -86, -86, -86, 0, 0, 0, 0, 0, 0, 0, -84, -84, -84, -84, -84, -84, -84, -84, -84, -84, 0, 0, 0, 0, 0, 0, 0, 0, 0, 0, 0, 0, 0, 0, 0, 0, 0, 0, 0, 0, 0, 0, 0, 
00:17:df:aa:9b:a0, 1, \x00, 0, 0, 0, 0, 0, 0, 0, 0, 0, 0, 0, 0, 0, 0, 0, 0, 0, 0, 0, 0, 0, 0, 0, -84, -84, -84, -84, -84, -84, -84, -84, -84, 0, 0, 0, 0, 0, 0, 0, 0, 0, 0, 0, 0, 0, 0, 0, 0, 0, 0, 0, 0, 0, 0, 0, 0, 0, 0, 0, 0, 0, 0, 0, 0, 0, 0, 0, 0, 0, 0, 0, 0, 0, 0, 0, 0, 0, 0, 0, 0, 0, 0, 0, 0, 0, 0, 0, 0, 0, 0, 0, 0, 0, 0, -86, -86, -86, -86, -86, -86, -86, -86, -86, -86, 0, 0, 0, 0, -86, -86, -86, -86, -86, -86, -86, -86, -86, -86, 0, 0, 0, 0, 0, 0, 0, 0, 0, 0, -84, -84, -84, -84, -84, -84, -84, -84, -84, 0, 0, 0, 0, 0, 0, 0, 0, 0, 0, 0, 0, 0, 0, 0, 0, 0, 0, 0, 0, -84, -84, -83, -83, -84, -84, -85, -85, -85, -85, -85, -85, -85, -85, -85, 0, 0, 0, 0, 0, 0, 0, 0, 0, 0, 0, 0, 0, 0, 0, 0, 0, 0, 0, 0, 0, 0, 0, 0, 0, 0, 0, 0, 0, 0, 0, 0, 0, 0, 0, 0, 0, 0, 0, 0, 0, 0, 0, 0, 0, 0, 0, 0, 0, 0, 0, 0, 0, 0, 0, 0, 0, 0, 0, 0, 0, 0, 0, 0, 0, 0, 0, 0, 0, 0, 0, 0, 0, 0, 0, 0, 0, 0, 0, 0, 0, 0, -86, -86, -86, -86, -86, -86, -86, -86, -86, -86, -86, -86, 0, 0, 0, 0, 0, 0, 0, 0, -85, -85, -85, -85, -85, -85, -85, -85, -85, -85, 0, 0, 0, 0, 0, 0, 0, 0, 0, 0, 0, 0, 0, 0, 0, 0, 
00:23:eb:0b:4d:a0, 1, sMobileNet, 0, 0, 0, 0, 0, 0, 0, 0, 0, 0, 0, 0, 0, 0, 0, 0, 0, 0, 0, 0, 0, 0, 0, 0, 0, 0, 0, 0, -88, -88, -88, -88, -88, -88, -88, -88, -88, 0, 0, 0, 0, 0, 0, 0, 0, 0, 0, 0, 0, 0, 0, 0, 0, 0, 0, 0, 0, 0, 0, 0, 0, 0, 0, 0, 0, 0, 0, 0, 0, 0, 0, 0, 0, 0, 0, 0, 0, 0, 0, 0, 0, 0, 0, 0, 0, 0, 0, 0, 0, 0, 0, 0, 0, 0, 0, 0, 0, 0, 0, 0, 0, 0, 0, 0, 0, 0, 0, 0, 0, 0, 0, 0, 0, 0, 0, 0, 0, 0, 0, 0, 0, 0, 0, 0, 0, 0, 0, 0, 0, 0, 0, 0, 0, 0, 0, 0, 0, 0, 0, 0, 0, 0, 0, 0, 0, 0, 0, 0, 0, 0, 0, 0, 0, 0, 0, 0, 0, 0, 0, 0, 0, 0, 0, 0, 0, 0, 0, 0, 0, 0, 0, 0, 0, 0, 0, 0, 0, 0, 0, 0, 0, 0, 0, 0, 0, 0, 0, 0, 0, 0, 0, 0, 0, 0, 0, 0, 0, 0, 0, 0, 0, 0, 0, 0, 0, 0, 0, 0, 0, 0, 0, 0, 0, 0, 0, 0, 0, 0, 0, 0, 0, 0, 0, 0, 0, 0, 0, 0, 0, 0, 0, 0, 0, 0, 0, 0, 0, 0, 0, 0, 0, 0, 0, 0, 0, 0, 0, 0, 0, 0, 0, 0, 0, 0, 0, 0, 0, 0, 0, 0, 0, 0, 0, 0, 0, 0, 0, 0, 0, 0, 0, 0, 0, 0, 0, 0, 0, 0, 0, 0, 0, 0, 0, 0, 0, 0, 0, 0, 0, 0, 0, 0, 0, 0, 0, 0, 0, 0, 0, 0, 
00:25:84:22:ff:90, 11, sMobileNet, 0, 0, 0, 0, 0, 0, 0, 0, 0, 0, 0, 0, 0, 0, 0, 0, 0, 0, 0, 0, 0, 0, 0, 0, 0, 0, 0, 0, -85, -85, -85, -85, -85, -85, -85, -85, -81, -81, -81, -81, -81, -81, -81, -85, -85, -80, -84, -84, -84, -84, -82, -83, -85, -85, -85, -85, -85, -85, -85, -85, -85, -85, -85, -86, -86, -86, -86, -84, -84, -84, -84, -84, -84, -84, -84, -81, -81, -85, -85, -81, -81, -84, -84, -84, -84, -84, -84, -84, -84, -84, -84, 0, 0, -81, -81, -81, -81, -81, -81, -85, -85, -79, -79, -79, -79, -79, -81, -81, -81, -81, -81, -85, -85, -85, -85, -86, -86, -86, -86, -86, -86, -86, -86, -81, -81, -81, -81, -81, -81, -81, -81, -81, -80, -85, -85, -84, -84, -84, -84, -84, -84, -84, -84, -84, -82, -82, -82, -82, -82, -80, -80, -80, -80, -80, -80, -80, -80, -80, -80, 0, 0, 0, 0, 0, 0, 0, 0, 0, 0, -81, -81, -81, -81, -81, -81, -81, -81, -81, -81, -80, -80, -80, -80, -80, -80, -82, -82, -81, -81, -81, -81, -84, -84, -85, -85, -85, -85, -85, -85, -80, -80, -80, -80, -80, -80, -86, -86, -79, -81, -81, -81, -81, -81, -85, -85, -85, -85, -85, -85, -85, -85, -85, -85, -81, -81, -81, -81, -81, -81, -81, -81, -81, -81, -81, -81, -84, -84, -84, -84, -85, -85, -85, -85, -85, -85, -85, -85, -79, -79, -79, -79, -80, -80, -80, -80, -81, -81, -81, -81, -85, -85, -83, -83, -80, -80, -84, -84, -84, -84, -84, -84, -84, -84, -84, -84, 0, 0, 0, 0, 0, 0, 0, 0, -85, -85, -85, -85, -85, -85, -85, -85, -85, -85, 0, 0, 0, -83, -83, -87, -87, 
28:93:fe:f4:9b:05, 6, Alumni, 0, 0, 0, 0, 0, 0, 0, 0, 0, 0, 0, 0, 0, 0, 0, 0, 0, 0, 0, 0, 0, 0, 0, 0, 0, 0, 0, 0, 0, 0, 0, 0, -88, -88, -88, -88, -88, -88, -88, -88, -88, 0, 0, 0, 0, 0, 0, 0, 0, -84, -84, -84, -84, -84, -84, -84, -84, -84, -84, 0, 0, 0, 0, 0, 0, 0, 0, 0, 0, 0, 0, 0, 0, 0, 0, 0, 0, 0, 0, 0, 0, 0, 0, 0, 0, 0, 0, 0, 0, 0, 0, 0, 0, 0, 0, 0, 0, 0, 0, 0, 0, 0, 0, 0, 0, 0, 0, 0, 0, 0, 0, 0, 0, 0, 0, 0, 0, 0, 0, 0, 0, 0, 0, 0, 0, 0, 0, 0, 0, 0, 0, 0, 0, 0, 0, 0, 0, 0, 0, 0, 0, 0, 0, 0, 0, 0, 0, 0, 0, 0, 0, 0, 0, 0, 0, 0, 0, 0, 0, 0, 0, 0, -87, -87, -87, -87, -87, -87, -87, -87, -87, -87, 0, 0, 0, 0, 0, 0, 0, 0, 0, 0, 0, 0, 0, 0, 0, 0, 0, 0, 0, 0, 0, 0, 0, 0, 0, 0, 0, 0, 0, 0, 0, 0, 0, 0, 0, 0, 0, 0, 0, 0, 0, 0, 0, 0, 0, 0, 0, 0, 0, 0, 0, 0, 0, 0, 0, 0, 0, 0, 0, 0, 0, 0, 0, 0, 0, 0, 0, 0, 0, 0, 0, 0, 0, 0, 0, 0, 0, 0, 0, 0, 0, 0, 0, 0, 0, 0, 0, 0, 0, 0, 0, 0, 0, 0, 0, 0, 0, 0, 0, 0, 0, 0, 0, 0, 0, 0, 0, 0, 0, 0, 0, 0, 0, 0, 0, 0, 0, 0, 0, 0, 0, 0, 0, 0, 0, 0, 0, 0, 
00:23:eb:0b:4d:a1, 1, Universitie, 0, 0, 0, 0, 0, 0, 0, 0, 0, 0, 0, 0, 0, 0, 0, 0, 0, 0, 0, 0, 0, 0, 0, 0, 0, 0, 0, 0, 0, 0, 0, 0, 0, 0, 0, 0, 0, 0, 0, 0, 0, 0, 0, 0, 0, 0, 0, 0, 0, 0, 0, 0, 0, 0, 0, 0, 0, 0, 0, 0, 0, 0, 0, 0, 0, -87, -87, -87, -87, -87, -87, -87, -87, -87, -87, 0, 0, 0, 0, 0, 0, 0, 0, 0, 0, 0, 0, 0, 0, 0, 0, 0, 0, 0, 0, 0, 0, 0, 0, 0, 0, 0, 0, 0, 0, 0, 0, 0, 0, 0, 0, 0, 0, 0, 0, 0, 0, 0, 0, 0, 0, 0, 0, 0, 0, 0, 0, 0, 0, 0, 0, 0, 0, 0, 0, 0, 0, 0, 0, 0, 0, 0, 0, 0, 0, 0, 0, 0, 0, 0, 0, 0, 0, 0, 0, 0, 0, 0, 0, -86, -86, -86, -86, -86, -86, -86, -86, -86, 0, 0, 0, 0, 0, 0, 0, 0, 0, 0, 0, 0, 0, 0, 0, 0, 0, 0, 0, 0, 0, 0, 0, 0, 0, 0, 0, 0, 0, 0, 0, 0, 0, 0, 0, 0, 0, 0, 0, 0, 0, 0, 0, 0, 0, 0, 0, 0, 0, 0, 0, 0, 0, 0, 0, 0, 0, 0, 0, 0, 0, 0, 0, 0, 0, 0, 0, 0, 0, 0, 0, 0, 0, 0, 0, 0, 0, 0, 0, 0, 0, 0, 0, 0, 0, 0, 0, 0, 0, 0, 0, 0, 0, 0, 0, 0, 0, 0, 0, 0, 0, 0, 0, 0, 0, 0, 0, 0, 0, 0, 0, 0, 0, 0, 0, 0, 0, 0, 0, 0, 0, 0, 0, 0, 0, 0, 0, 0, 0, 0, 0, 0, 
30:37:a6:a5:42:03, 1, eduroam, 0, 0, 0, 0, 0, 0, 0, 0, 0, 0, 0, 0, 0, 0, 0, 0, 0, 0, 0, 0, 0, 0, 0, 0, 0, 0, 0, 0, 0, 0, 0, 0, 0, 0, 0, 0, 0, 0, 0, 0, 0, 0, 0, 0, 0, 0, 0, 0, 0, 0, 0, 0, 0, 0, 0, 0, 0, 0, 0, 0, 0, 0, 0, 0, 0, 0, 0, 0, 0, 0, 0, 0, 0, 0, 0, 0, 0, 0, 0, 0, 0, 0, 0, 0, 0, 0, 0, 0, 0, 0, -86, -86, -86, -86, -86, -86, -86, -86, -86, -86, 0, 0, 0, 0, 0, 0, 0, 0, 0, 0, 0, 0, 0, 0, 0, 0, 0, 0, 0, 0, 0, 0, 0, 0, 0, 0, 0, 0, 0, 0, 0, 0, 0, 0, 0, 0, 0, 0, 0, 0, 0, 0, 0, 0, 0, 0, 0, 0, 0, 0, 0, 0, 0, 0, 0, 0, 0, 0, 0, 0, 0, 0, 0, 0, 0, 0, 0, 0, 0, 0, 0, 0, 0, 0, 0, 0, 0, 0, 0, 0, 0, 0, 0, 0, 0, 0, 0, 0, 0, 0, 0, 0, 0, 0, 0, 0, 0, 0, 0, 0, 0, 0, 0, 0, 0, 0, 0, 0, 0, 0, 0, 0, 0, 0, 0, 0, 0, 0, 0, 0, 0, 0, 0, 0, 0, 0, 0, 0, 0, 0, 0, 0, 0, 0, 0, 0, 0, 0, 0, 0, 0, 0, 0, 0, 0, 0, 0, 0, 0, 0, 0, 0, 0, 0, 0, 0, 0, 0, 0, 0, 0, 0, 0, 0, 0, 0, 0, 0, 0, 0, 0, 0, 0, 0, 0, 0, 0, 0, 0, 0, 0, 0, 0, 0, 0, 0, 0, 0, 0, 0, 0, 0, 0, 0, 0, 0, 0, 0, 0, 0, 
10:6f:3f:3d:67:a7, 11, Vlin-CZ-WIFI, 0, 0, 0, 0, 0, 0, 0, 0, 0, 0, 0, 0, 0, 0, 0, 0, 0, 0, 0, 0, 0, 0, 0, 0, 0, 0, 0, 0, 0, 0, 0, 0, 0, 0, 0, 0, 0, 0, 0, 0, 0, 0, 0, 0, 0, 0, 0, 0, 0, 0, 0, 0, 0, 0, 0, 0, 0, 0, 0, 0, 0, 0, 0, 0, 0, 0, 0, 0, 0, 0, 0, 0, 0, 0, 0, 0, 0, 0, 0, 0, 0, 0, 0, 0, 0, 0, 0, 0, 0, 0, 0, 0, 0, 0, 0, 0, 0, 0, 0, 0, 0, 0, -87, -87, -87, -87, -87, -87, -87, -87, -87, -87, 0, 0, 0, 0, 0, 0, 0, 0, 0, 0, -89, -89, -89, -89, -89, -89, -89, -89, -89, -89, 0, 0, 0, 0, 0, 0, 0, 0, 0, 0, 0, 0, 0, 0, 0, 0, 0, 0, 0, 0, 0, 0, 0, 0, 0, 0, 0, 0, 0, 0, 0, 0, 0, 0, 0, 0, 0, 0, 0, 0, 0, 0, 0, 0, 0, 0, 0, 0, 0, 0, 0, 0, 0, 0, 0, 0, 0, 0, 0, 0, 0, 0, 0, 0, 0, 0, 0, 0, 0, 0, 0, 0, 0, 0, 0, 0, 0, 0, 0, 0, 0, 0, 0, 0, 0, 0, 0, 0, -86, -86, -86, -86, -86, -86, -86, -86, -86, -86, 0, 0, 0, 0, 0, 0, 0, 0, 0, 0, 0, 0, 0, 0, 0, 0, 0, 0, 0, -87, -87, -87, -87, -87, -89, -89, -89, -89, -89, -89, -89, -89, -89, -89, -89, -89, -89, -89, 0, 0, 0, 0, 0, 0, 0, 0, 0, 0, 0, 0, 0, 0, 0, 0, 0, 0, 0, 0, 0, 0, 0, 0, 0, 0, 0, 0, 0, 0, 0, 0, 
7a:a3:e4:c6:b6:44, 2, \xF0\x9F\x94\xA5Coolma, 0, 0, 0, 0, 0, 0, 0, 0, 0, 0, 0, 0, 0, 0, 0, 0, 0, 0, 0, 0, 0, 0, 0, 0, 0, 0, 0, 0, 0, 0, 0, 0, 0, 0, 0, 0, 0, 0, 0, 0, 0, 0, 0, 0, 0, 0, 0, 0, 0, 0, 0, 0, 0, 0, 0, 0, 0, 0, 0, 0, 0, 0, 0, 0, 0, 0, 0, 0, 0, 0, 0, 0, 0, 0, 0, 0, 0, 0, 0, 0, 0, 0, 0, 0, 0, 0, 0, 0, 0, 0, 0, 0, 0, 0, 0, 0, 0, 0, 0, 0, 0, 0, 0, 0, 0, 0, 0, 0, 0, 0, 0, 0, 0, 0, 0, 0, 0, 0, -77, -69, -71, -65, -70, -72, -68, -67, -67, -69, -67, -67, -67, -67, -67, -67, -67, -67, -67, -67, 0, 0, 0, 0, 0, 0, 0, 0, 0, 0, 0, 0, 0, 0, 0, 0, 0, 0, 0, 0, 0, 0, 0, 0, 0, 0, 0, 0, 0, 0, 0, 0, 0, 0, 0, 0, 0, 0, 0, 0, 0, 0, 0, 0, 0, 0, 0, 0, 0, 0, 0, 0, 0, 0, 0, 0, 0, 0, 0, 0, 0, 0, 0, 0, 0, 0, 0, 0, 0, 0, 0, 0, 0, 0, 0, 0, 0, 0, 0, 0, 0, 0, 0, 0, 0, 0, 0, 0, 0, 0, 0, 0, 0, 0, 0, 0, 0, 0, 0, 0, 0, 0, 0, 0, 0, 0, 0, 0, 0, 0, 0, 0, 0, 0, 0, 0, 0, 0, 0, 0, 0, 0, 0, 0, 0, 0, 0, 0, 0, 0, 0, 0, 0, 0, 0, 0, 0, 0, 0, 0, 0, 0, 0, 0, 0, 0, 0, 0, 0, 0, 0, 0, 0, 0, 0, 0, 0, 0, 0, 0, 0, 0, 
